no,text
0,2 - 8 mv được chào_đời.. 2 - 9 lễ Quốc_Khánh mv đạt mốc 50tr lượt xem. Tùng đi ăn lễ với mừng lượt xem khủng luôn nhá :hai_trái_tim: :dấu_hôn: sky mãi bên anh :hôn_gió: mong là 2 - 10 100tr lượt xem :mắt_trái_tim: :nhảy_nữ:
1,5 ngày 13tr lượt xem. klq nhưng I dont talk anymore: vậy
2,"Chị đã xinh lắm rồi, nhưng chị còn xinh hơn nhiều nếu chị không hát.: )"
3,"Khi mình giỏi lĩnh vựt gì sẽ hay hơn, nếu bạn chọn đường này sẽ sớm bị quên_lãng hơn"
4,mình thấy chị chi cố_gắng nhiều rồi đỡ hơn mấy đứa không lên sân_khấu diễn được như ngta mà cứ chửi
5,Tùng ơi mv vô_cùng tuyệt_vời rất hay xem đi xem_lại rất nhiều lần nhưng vẫn không chán. Sky < 3 Tùng
6,tùng oppa max hay. xem_lại chục lần vẫn không ngán :mắt_trái_tim:
7,Tắt chế_độ tự_phát jk Sky oi Bống bong bang bang tang nhanh quá :kiên_nhẫn:
8,"Tài_năng anh này thực_sự là viên ngọc_ẩn_giấu của vpop... Giấu hết luôn đi càng tốt ạ, đừng lộ ra nữa: ) )"
9,@ Uyển_Trang_Sky female :dấu_tích: ️: số người thấy bà khá giống phù_thuỷ :van_xin:
10,"Trời_ơi, em tôi nhìn mấy phát nó thuộc_lòng bài rồi!!!"
11,thế éo nào Chi_Pu nhìn giống Linh kav3 thế??
12,"anh đúng là một nhân_tài của việt_nam này, rất chất và rất phong_cách, mãi yêu"
13,Bighit dau có nho_son tùng dich phan rap trong bài fire ra tieng viet dau
14,"Chi_Pu thì hát cũng được, diễn cũng được, hotgirl tất_nhiên phải xinh nhưng_mà xinh với hát hay thì chẳng lquan. Cái gì chị ấy cũng là được một_tí chẳng hiểu là chính_xác chị ấy theo cái gì nhưng nếu trở_thành ca_sĩ thì giọng của Chi phải nói thật là KHÔNG HAY: )"
15,vỗ_tay vỗ_tay vỗ_tay vỗ_tay vỗ_tay vỗ_tay
16,Những_ai chê_bai bài này đều chẵng bt gì về âm_nhạc :cười_ra_nước_mắt:
17,Ngta làm gì mấy cha mấy mẹ cũng nói :cười_ra_nước_mắt: Làm_sao mới vừa_lòng mấy bố mấy mẹ đây :cười_ra_nước_mắt:
18,chưa đầy 1 ngày đã hơn 1 triệu lượt xem rồi ae.......
19,"Rõ_ràng, hater càng nhiều, lượng lượt xem càng nhiều. Hater càng nhiều bài hát sẽ nổi_tiếng càng nhanh và trong 1 thời_gian ngắn.: ) ) ) More hater: ) ) ) )"
20,Hơn 34tr lượt w gần bằng we don ' tôi talk anymore
21,Năm_ngoái ngất_ngây với MC Chi_Pu trong GHVN. Năm nay ngất_ngây với ca_sĩ Chi_Pu. @ @
22,soi kỹ ra robot cũng có mụn. huống_hồ gì người bình phàm như chúng_ta.: )
23,"Có_thể có 1 vài phân_đoạn giống trong MV KPOP những thật_sự không_thể phủ_nhận được bài hát này hay, dễ. Nghe..."
24,"beat của DJ Heyder mà, chế tông Làm vào nhạc khác hẳn nhỉ, I can ' tôi belive"
25,cái con đạo bài hát ư đạo kìa đạo bài kìa con khùng đạo nhạc kìa haha :cười_ra_nước_mắt: :cười_ra_nước_mắt: :cười_ra_nước_mắt:
26,Em thấy rạp hơi căng nhất_là anh siro offsel
27,"Mình không là fan cũng phải là anti fan đơn_giản vào xem lượt xem lượng không thích và thích Mình đá giá rằng giọng hát thì bình_thường không tồi_tệ như mấy người bình_luận chất_lượng mv tốt hình_ảnh khá đẹp nói_chung là truất Kết_luận rằng: là con_người ai cũng có đam_mê họ theo_đuổi đam me của họ kệ họ không ảnh_hưởng đến các bạn họ thành_công hay không là do tài_năng của người theo_đuổi nếu họ không có tài_năng sẽ không được nhiều người biết tới thì sẽ chím dần nếu có tài_năng thì nổi lên là chuyện bình_thường Còn chipu cất_công mất bao nhiên tiền của làm ra mv cả tỉ đồng đầu_tiên nếu có ý_thức của một người trưởng_thành họ sẽ đánh_giá nghiêm_túc chứ không văng_tục chửi bậy chỉnh tỏ họ không có văn_hoá, đầu của họ chỉ nghĩ được như_vậy Như cầu_thủ bóng_đá thôi cũng có cầu_thủ đá hay có cầu_thủ đá không hay thì trình_độ của họ sẽ chơi cho các câu_lạc_bộ khác nhau Ném đá hay chê_bai này_nọ chỉ làm cô ấy nổi_tiếng thêm thôi nếu bạn ghét có_thể không xem hoặc huỷ theo_dõi là ok đừng để mình là người có ăn học đoàng hoàng mà ngừoi khác thấy mình quên đã được ăn_học thế nhé"
28,Khi tôi đang xem tivi thì tôi nghe bài hát thì anh tôi bảo táng nó đi thì thì tôi táng nó thì anh tôi hack tivi thì anh tôi lại nhạc ksi thì tôi gét nó và hai người bật cả hai nhạc
29,Một phong_cách rất hàn_quốc cố lên Chi_Pu
30,mặc_dù không phải fan nhưng_mà này anh Tùng rất đẹp_trai. ngầu làm...
31,Tôi không biết mình có phải là người Việt hay không. Vì khi tôi nghe bài hát này tôi không hiểu 85 % nội_dung của nó
32,Cái địt cụ mày hát cái bài nghe như máu lồ * vậy. Địt cụ chứ đi đâu nghe cái bài này muốn đập mẹ loa
33,Nghe càng_ngày_càng hay đấy ạ....!!! Đừng quan_tâm những người không biết thưởng_thức nhé chị ( em chấp_nhận nhận đá để xây nhà :cười_ra_nước_mắt: ) Chúc chị thành_công!!! :hôn_gió: :hôn_gió: :hôn_gió:
34,mọi người chắc đang xem lạc trôi :thư_giãn: có còn ai xem mv này không??
35,Đừng có cà_khịa ông phải_biết lo đi Sống trong cuộc_đời là phải_biết cho đi Như cho đi khẩu nghiệp Thì nghiệp quật nặng đấy Lúc đấy siro nên đổi thành sory ANH mèo simmy thấy chị_em sao không thả tim đi Cùng tỉ_thí công_bằng như là phim đi Nếu không dám nhận_lời thì em im đi
36,"em không phải fan đâu nhưng em thấy cũng hay mà. sao lại chê, khó hiểu"
37,"Cái nội_dung dễ hiểu mà, chắc do mấy bạn ý chậm hiểu = ) )"
38,"ngày 26 - 10 còn ai xem không, nhất_là bê dê!"
39,ai ma vua vào nghe nhu tôi... vào comment zalo choi nam :cười_toát_mồ_hôi:
40,"Heyyy, anh_em tắt chế_độ phát tiếp_theo đừng để BBBB ăn_theo nữa nhé, dạo này tắt nó tăng chậm lại rồi đấy."
41,"Ôi, đúng là quái_vật Rap phi phai, kẻ huỷ_diệt punchline, tổng_tư_lệnh gun bả, chiến thần chơi_chữ, Lỷical god, chúa_tể gieo_vần, tù_trưởng fastflow, đại_đội trưởng trung_đoàn battle, no1 vipro thí_sinh top1 king of rap, thần_thoại concept, huyền_thoại freestyle, đức chúa rapper, King rap lỏd, lãnh_chúa của các thế_hệ F1, 2, 3, người viết lên bí_quyết các trận beef, trùm đảo chữ, cụ tổ lái từ, thuỷ_tổ delivery, tướng_quân chơi Trap, thầy dạy oldschool, ông_tổ autotune, Trùm vocal, thiên_tài no beat, Vị thần content, người đột_biến Hệ rap, quái thú đồng_âm, chiến thần đa_nghĩa, dị_nhân hán việt, Thần_đồng ngôn_ngữ, kẻ nắm giữ fact rap việt. Tune thủ quốc_gia"
42,Vào Youtube xem gì thì xem nhưng cứ phải vào đây nghe 1lần cái đã: )
43,"Mình thấy Mv hay mà, tuy nhạc không được hay đến hoàn_hảo, nhưng vẫn chấp_nhận được. Vậy tại_sao lại chê như_vậy??? Muốn vùi_dập người khác đến vậy sao"
44,đỗ phú_quý nếu mang bài này đi diễn cho hội người điếc nghe
45,Mẹ mày ấu_trĩ đéo hiểu sao ra được cái bài này
46,con may ngay nua la du 1 tháng rui co len dat được 50 trời
47,Mấy đứa hay nghe nhạc của loren kid thì nghe bài này thuận tai
48,"Buổi tối nghe nhạc của chị sáng ra lái_xe đi làm nhạc chị văng_vẳng bên tai, vừa lái_xe vừa hát theo. Chị ơi mạnh_mẽ hơn_nữa nhé :trái_tim_đỏ:"
49,"Không thích thì lướt nhẹ đi: ) ) có nghe là được rồi Đờ mờ cứ thích to_mồm phán_xét, không biết sống sao với mấy mẹ nữa plssss :đảo_mắt:"
50,pov 1 người bình_thường sau khi nghe bích cờ bôn: giấy chứng_nhận tâm_thần_phận liệt :đầu_lâu: :đầu_lâu: :đầu_lâu:
51,Trước ra mấy bài hát thì không thấy kêu. Tự_dưng giở_trò. Kệ bno đi chị. Hwaittinggg
52,không pai thể_loại nhạc minh thích nhung pai noi sơn tùng rat đẹp
53,"thiệt là không có ghét còn theo_dõi học_hỏi cách ăn_mặc này kia. nhưng phải nói cái mv làm chướng mắt vãi luôn á. nhạc hay lời thì sai thấy ghê. cách nhảy làm khùng điên lúc đầu và vài chổ kiểu làm không ra cái chất khùng mà chướng lắm luôn. ai fan "" mợ chảnh "" khuyên chipu xem "" mợ chảnh "" mà học_hỏi cách khùng lầy để vừa_mắt thiên_hạ :kiên_nhẫn: tóm_lại chướng mắt 🖓 🖓"
54,Việt_nam ai muốn làm ca_sĩ cũng được í nhĩ???
55,"Bài này cũng không đến nổi phải không thích. Nhạc cũng hay, lời dể thuộc. Kk. MV đầu_tay như_vầy là hay rồi. Làm được như cô ấy không mà không thích."
56,Rikaki rap tự_cao bản_thân quá nhiều nói thế thôi chứ ai fan rikaki thì cho tôi Xin_lỗi nhé
57,mong mọi người thích nhiệt_tình vào để có 1 khoảng kinh_phí để ra những Mv hay hơn_nữa Rất cám_ơn mọi người
58,xem MV thấy liên_tưởng tới cái bài gì của nicky mông bự ấy
59,24 năm trước khi sơn tùng sinh ra tôi đã nghe bài này rồi
60,"Nếu mình yêu Tùng, tin_tưởng anh ấy thì xem MV và ủng_hộ anh. Ai không thích hay soi_mói gì thì kệ họ coi như không nhìn thấy. Họ đã không thích rồi thì giải_thích hay tranh_cãi thì cũng vẫn thế thôi!!!!!"
61,Mình không là fan của 1 ca_sĩ nào cả. Nhưng theo ý_kiến của mình khi Pu bước đầu_tiên lên nấc thang_âm nhạc thì nên chọn những bài hát nhẹ_nhàng có độ phiêu và dễ hát để dễ nghe và dễ bắt_chước hát theo. Dù_sao cũng thích cho Pu
62,"chạy ngay đi vì chúng_ta không thuộc về nhau,, :hôn_gió: :hôn_gió: :hôn_gió: yêu sếp lắm :mắt_trái_tim: :mắt_trái_tim: :mắt_trái_tim:"
63,Tôi còn nhớ bài này tôi được nghe hồi còn mẫu_giáo :há_hốc: :cười_đỏ_má:
64,Nghe thì cũng chấp_nhận được đó! Nhưng về phần trang_phục thì cần xem_lại! Nhất_là trang_phục ở phần đầu! Và phần cuối! không hợp chút nào!
65,có mỗi từ chúng_ta không thuộc vê nhau :mặt_ranh_mãnh: :mặt_ranh_mãnh: :mặt_ranh_mãnh:
66,"Sao mọi người cứ cmt mắng_chửi anh í thế, sao không ủng_hộ người Việt, lời bài hát bên kpop hay Us_Ừ còn sáo_rỗng vô_nghĩa đôi_khi tục_tĩu hơn ntn mà sao mọi người vẫn nghe ¿ anh í hiền_lành hơi nhạt nên ai mắng_chửi cũng chịu_đựng chứ có dám hó_hé chi mô thật tội anh :trái_tim_đỏ: :trái_tim_đỏ:"
67,tôi không hiểu tại_sao nhiều người lại không thích mv này
68,Cứ mỗi lần anh ra MV thì mặc_nhiên sẽ cày lại những MV khác
69,lũ anti này hội_đồng disslike kinh thật hahaha snag1 8k giờ 18k tới nơi rồi! ca_sỹ của bọn nó không được như Tùng đây mà = ) ) ghê thật căn tiếp i ANti! sky vững tin nhé tụi nó nói gì kệ tụi nó! khỏi cải hay giải_thích chi mệt!
70,Lượt thích và không thích đag tăg đều: ) ) ) chúng_ta không luộc được rau = ) )
71,"Eureka ~ see that. phai ơ ờ ế ơ. phai ơ ớ ờ ế ồ. Eh, burn it up: ) bow wow wow Quai ai ái ai ài, quai ai ái ai ài. we don ' tôi talk anymore, we don ' tôi love anymore. Just love me right aha, baby love me right. Color ring, ring, ring, ring...: ) Tùng all PASS."
72,ANH Mèo_SimMy_Thấy_Chị Em Mà Sao hokk Thả :trái_tim_đỏ: ️ :trái_tim_đỏ: ️ :trái_tim_đỏ: ️ Đi
73,Giọng hát cũng ổn.. MV vũ_đạo đẹp.. nhạc bắt tai :hai_trái_tim: :hai_trái_tim: :hai_trái_tim:
74,Chết mẹ tôi rồi cái thằng Bigbabol mày cút mẹ mày đi
75,"1 nghề cho chín, còn hơn chín nghề Chi ạ! Đừng quá tham_lam."
76,ngày_càng hay hấp_dẫn chất_lượng có đầu_tư.
77,Bật_CỜ_CỜ rồi nhấp không: 30. mấy bác có nhận ra điều gì không
78,EM là fan của hero team suốt đời hero team là nhất :trái_tim_đỏ: ️ hero team
79,"Đkm chữ "" mờ "", "" hờ "", "" vời "",... mày hát rõ chữ cho tôi với, tạo cảm_giác sến vãi cả lúa"
80,hay Tùg ạ. Cố lên nhé anh. Sky luôn bên anh: )
81,chị ơi cứ làm hotgirl bthường thôi đừng hát ntnày gạch_đá bất_tận lắm: ( (
82,hinh nhu doan rap tren duong ray không cau Chuong_Duong thi phai
83,Góp_ý. đỗ phú_quý nên hát rõ giọng hơn. chứ không nghe rõ hết được nội_dung bài hát
84,"_Son tung dao nhac do cai khúc day xuong be nuoc i hét nhu cai mv cua nuoc ngai kia lún!! Con cai mang phun khoi thi i hét cua d garon cua nhom bigbang va teayeon snsd!! Không nen than tuong voi cai dieu nhac cung giong cua 1 cai mv khác cua ca si nuoc ngoai!!!!! ( my )!!!!!!,,,,,!,!! @ @ @ @"
85,cha_mẹ tin bạn ông_bà tin bạn sơn tùng mày - tp tin bạn
86,bài này nhìn MV khá giống MV bên Hàn. Mà mình không nhớ tên MV đó
87,Qá tuyệt_vời... Nge cả đêm không thấy chán :vỗ_tay: :vỗ_tay: :vỗ_tay:
88,"Thấy mọi người vô chê dữ quá, mình thấy sản_phẩm chất á chứ, chất_thải"
89,"Chi pu hát hay mà sao mọi người lại trê chị chi pu hát không hay, nếu mọi người nghĩ chị chi pu hát không hay thì mọi người hãy xem_lại mình đi hát hay bằng người ta không mà trê người ta hát không hay xinh bằng người ta không mà trê người ta"
90,Bởi sao nhân_tài đéo muốn sống ở việt_nam đi ra nc ngoài hết vị bị bố cái vụ dìm hàng của tụi mày
91,"Ghép có quá nhiều bài hát nổi_tiếng vào quá ( hate - 4minute, why - taeyeon, fire - bts,.. ) đặc_biệt là beat là we don ' tôi talk anymore. Mình là army mà nghe phần rap đau cả lòng"
92,* Gọi bài rap là tiêu_chảy vì nó làm tôi tiêu_chảy thật:: ) ) ) ) ) ) ) ) * * Cảm_mơn lửa chùa đã giúp tôi tiêu_chảy xin cảm_mơn:: ) ) ) ) ) *
93,"Bài hát thật_sự nghe rất chán, từ vũ_đạo, ca_khúc đến nhạc. Nhưng bạn hãy cố_gắng trau_dồi thêm nhé. Đừng bỏ_cuộc"
94,Nghĩa của từ MTP: MÀY: Muợn_TÔI: Tác_P: Phẩm
95,49. 913. 400 lượt xem: ) 1 tiếng nữa là tròn 1 tháng rùi... kinh quá = ) nhớ năm_xưa ecnhq 9 tháng được 40m đã gọi là lập kỉ_lục - - ' '
96,Quá xinh đậm chất hàn. Giọng hát tke là cũng được rồi. Cố_gắng tậm luyện nhiều nữa chắc_chắn chi pu sẽ là ca_sĩ toả sáng
97,"Giống con_nhỏ 15 cover em_gái mưa vai, làm MV ngu như bò, không có gì hay, ca cũng như shit"
98,Team làm sub tiếng Anh đỉnh quá...! Chúng_ta không thuộc về nhau = We don ' tôi talk anymore. Không biết có dụng_ý gì đây?!? :cười_ra_nước_mắt: :cười_ra_nước_mắt: :cười_ra_nước_mắt:
99,em Fan anh liêu shady anh DSK anh lee7 anh kyo chúc anh thanh công: ) ) )
100,Cảm_ơn bài hát này đã làm cơn táo_bón của tôi biến mất :cầu_nguyện:
101,Sắp 233M rồi cố lên để vượt bài NLO của Karik nào mọi người
102,Cái khúc chơi khói giống Taeyeon quá! Còn giống We don ' tôi talk anymore thì khỏi nói rồi
103,"THICK OF IT SAID: HEY BRO! YOU DROP THIS THING :huy_chương_vàng: :cúp: TITANIC SAID: :đầu_lâu: :đầu_lâu: :đầu_lâu: :đầu_lâu: :đầu_lâu: :đầu_lâu: :đầu_lâu: :đầu_lâu: :cúp:0 :cúp:1 TRIỀU_TIÊN: ĐÂY SẼ LÀ CHẤT PHÓNG_XẠ MỚI TRONG LOẠI BOM_NGUYÊN_TỬ TIẾP_THEO ĐƯỢC TẠO RA MỘT THẰNG NÀO ĐÓ TRONG GIỜ THỰC_HÀNH_HOÁ ĐỂ NHẠC CHUÔNG BÀI NÀY VÀ QUÊN TẮT NGUỒN, MẤY LỌ CHẤT HOÁ_HỌC BELIKE: :cúp:2 :cúp:3 :cúp:4 :cúp:5 :cúp:6 :cúp:7 :cúp:8 :cúp:9 :đầu_lâu:0 :đầu_lâu:1"
104,Chúng_ta không luộc được rau vẫn hay :đeo_kính_mát: chác li pụt MTP mãi đỉnh
105,giờ qua nhật rồi lại nhơ hồi lớp 11 khai_giảng ngồi trên lớp thầy bật bài của iod
106,"Chi_Pu hát cũng hay mà, sao không thích nhiều thế kia?"
107,ahaha hơn 77 rồi 2tháng nữa mới hết năm. ahihi thừa 100 rồi chùng ơi ; )
108,nói thật nhạc sơn tùng nhãm vãi cả lúa khi nghe lần 1. qua lần 2 lần 3 thì khác_biệt rõ cmn ràng. bây_giờ thì nghiện luôn = ) )
109,Bật 2x thì đoạn anh siro không nghe được gì :cười_ra_nước_mắt:
110,"TÔI thề xem lần đầu chả ra_gì, nhưng xem clip hài chế nhiều quá thuộc cmn từ bao_giờ không biết, như kiểu Lạc_Trôi, Nch giờ nghe bình_thường không hay cũng không dở = ) )"
111,Thích thể_loại nhạc như này của Tùng hơn :trái_tim_đỏ:
112,= ) ) ) ) gần 8tr nhé. cứ we don ' tôi thuộc về nhau ei
113,"sao coi 2, 3 lần mà không tăng lượt xem vậy? bạn noà chỉ mình với. Mình coi 100 % luôn chứ không tua gì hết á"
114,"Gìơ mới để_ý kĩ, cái chị thứ 2 sao giống chị Minh_Hằng thế nhỉ.."
115,fan team Snake_Esports chúc sơn tùng thành_công!!!!!!!!!!!!!!
116,nằm trên đường tàu giống sehun trog bài love me right
117,Cảm_ơn bài hát vì đã trị dứt_điểm bệnh táo_bón của tôi :trái_tim_đỏ:
118,hay quá.... miễn s anh ra ca_khúc hay là được rồi... không qtâm
119,"Cô_đơn đôi chân "" lạc trôi "" giữa bầu_trời.: vậy"
120,cảm_ơn anh vì bài nhạc này vì em đng điếc mà anh đã giúp em thủng mẹ lổ tai luôn rồi
121,giọng mình thấy cũng hay mà sao mọi người dis nhìu thế. nếu thay_đổi trang_phục phong_cách tí chipu có_thể tiến xa hơn
122,có nge được rồi soi_mói cmj tôi mày. không nge thì biến
123,Tại_sao nhiều người lại ném đá chị Chipu nhỉ chị ấy có làm_sao?
124,Có_vẻ không được đón_nhận nhiều được như hero đại_chiến và streamer đại_chiến nhờ: )
125,Sao bài hát ít lời thế nhỉ? Cứ quanh_đi_quẩn_lại mấy câu từ
126,"Bài hát này hay nhưng mong Chi cải_thiện giọng hát, nếu hát hay hơn_nữa thì bài này sẽ rất tuyệt đấy :thích: thật_ra lần đầu mình nghe cũng không thích lắm nhưng nghe nhiều lần rồi lại thấy giai_điệu rất hay!"
127,Chị mèo sjmnj có_thể làm được điều này em thích nhất nhớ chị chị hãy chị hãy về đi chị mèo simmy ơi_là ngon em nhớ chị quá chị về đây với em
128,Cảm_ơn vì có một chiếc xe kì_lạ cứ theo dỗi tôi và khi tôi về nhà thì chiếc xe đó cũng bám theo và khi tôi bật bài này lên thì chiêc xe đã biến mất cảm_ơn :trái_tim_đỏ:
129,HAy quá chị ơi. Ra MV tiếp nhé. Yêu_Chi_Pu < 3
130,Âm bass đập ầm_ầm nghe sướng run người :mèo_mắt_trái_tim:
131,Càng phán càng sáng! Quá hay Tùng ạ. Mến anh ~ ủng_hộ anh ~
132,cai nay giong nhu ghen an tuc không s ak.. thay ngta vậy rồi chê bay noi nay noi nọ... ngta hat thi ke ngta di mat gì noi qai vậy trời.. ngộ thật... thich thi nghe không thich thi thoi dug co nghe... noi không thich vậy chu vo coi rồi chê... buồn thiet... :bối_rối: :bối_rối: :bối_rối:
133,Chỉ cần 1 người CON TRAI ns Ahihi là thế_giới mất đi 1 người ĐÀN_ÔNG.. mà Đọc cmt lắm thằng Ahihi quá.. = ] ] Vấn_đề ở đây là nghe nhạc và thích thì nghe đéo ' thích thì thôi.. 30 tuổi_đầu rồi mà vẫn thấy bài này quá Hay.. ( Y )
134,không ra bài hat moi thi noi_son tung mtp het thời. GIỜ ra bài moi bon anti co chuyen lam mai len youtobe lai gap mv nay ghép so sanh với mv hàn
135,Nghi_vấn các cmt chê hay đả_kích đều bị delete
136,sao có quá nhiều người cứ thích nói_xấu người khác thế nhỉ bực
137,Tôi tự thề là bản_thân không_thể_nào nghe qua nổi 1 phút. Mẹ ơi.... :khóc_nức_nở: :khóc_nức_nở: :khóc_nức_nở: :băng_đầu: :băng_đầu: :băng_đầu:. Méo hiểu mẻ có có bị tự_tin vãi cả lúa khi tự nhận làm ca_sĩ :buồn_cúi_đầu:
138,: ) ý_kiến riêng của mình là chi pu không có tố_chất làm ca_sĩ. chất giọng không cao. hơi lại thấp nên mình không thích cho lắm dù mv này nghe rất hay cho lắm
139,"Sao mà không thích nhìu thế trời, bài của người ta hay như_vậy mà ông nào bà nào không thích chi của tôi"
140,"tôi không hâm_mộ sơn tùng và cũng không ghét... mà phải nể một điều là MV 22tieng mình đã có gần 3. 000. 000 lượt xem rồi, đó là một điều mà người việt_nam chưa chắc có người thứ 2 lam được.... cứ tiếp tuc phát_huy nhé MTP"
141,Nhạc thì như cờ cờ mà tự_tin nhạc mình hay tôi nói thật nhạc mày nghe như cái đầu buồi tôi vậy tuy duy nguuu quá không biết làm nhạc gì
142,Cảm_ơn anh! Nhờ có anh mà hội ăn_cắp tụi em cũng tự_hào lắm đó!
143,"Đọc comment mọi người có_vẻ tiêu_cực nhỉ = ) ) ) ) ) ) ) còn mình thấy anh ấy đang lan_toả năng_lượng khá tích_cực mà, rất chill guy vibe"
144,28 / 08 / 2021. Đang nghe trong thời_kì giãn cách xã_hội đại_dịch covid năm thứ 2.
145,Chi pu giong thì hay nhưng bài hát nge không hay.
146,Chj chi chỉ cần thêm hơi khoẻ thêm chút là đk_anh
147,"MV quá đẹp, hy_vọng anh sẽ có nhiều MV mới đẹp hơn_nữa. Mà lần sau ra 2 cái khung giờ riêng để tụi em cày lượt xem nhé."
148,"Top1 Game thủ gắt_gao, cá_mập sát_thủ tôi đây cân hết"
149,mình là người nghe nhạc hay thì nghe. bắt tai đẹp_mắt. why không ủng_hộ. cái hay cái đẹp nên được tiếp_nối duy_trì quảng_bá. những người trong cuộc họ chưa lên_tiếng thì mình những người không chuyên không nên vội đưa ra phán_xét phiến_diện.
150,Thật_ra nhiều nghệ_sĩ Việt thèm lắm cái cảm_giác mà Video_Clip mình làm ra mà được người xem như thế_này lắm... Chẳng_hạn TD hay_là VCT
151,Như lồ người -. - đờ mờ thằng Sơn_Tường_Ôm_Ti Vi
152,We_Don ' tôi Talk_Anymore - Charlie_Puth ( heyder remix ) do sơn tùng chế lời và thể_hiện! = ) ) )
153,"fan cô_giáo Thảo chúc Tùng thành_công, say oh yeh"
154,Thật_sự thì mình Không ghét sơn tùng đâu. từ khi anh thanh duy share bài viết và bọn fan sky vô bình_luận mình đọc mà càng ghét sơn tùng
155,Bài này nghe như hấp diêm lỗ tai của tôi. Dở vaci l luôn
156,chủ_nhật xì_ke rảnh nên kéo vào xem tăng lượt xem ghê vãi = ) )
157,"Không_thể phủ_nhận chipu hát live tệ, nhưng ít_ra mv có đầu_tư"
158,fan hoá_học 9 chúc anh Tùng thành_công: )
159,Mình nhớ là bài chúng_ta không thuộc về nhau và bài we don ' tôi talk anymore đều ra ngày 2 / 8 mà
160,Trước_kia hông thích ổng giờ thích kinh :hôn_gió:. Phải công_nhận có tài thật :mắt_trái_tim: :mắt_trái_tim: :mặt_thiên_thần:
161,50 triệu trong 1 tháng chắc rồi ae Sky ơi
162,"Em chọn chị hà thảo linh, chị Sammy và chị mèo simmy"
163,"càng nghe càng thích, giọng còn hơi yếu nhưng_mà vẫn không tệ, trước không ghét bà tràm lắm nhưng_mà giờ thì thấy ghét rồi đấy"
164,mấy ông cứ chê chứ tôi thấy vài ông rap cũng nghe được mà = ) ) nhưng_mà có vài thành_phần làm hỏng cái bài nhạc.
165,Quảng_cáo ít thôi nhận mà chôn mẹ mày lắm quảng_cáo à
166,Cùng nhau nâng cao âm_nhạc VIỆT_NAM lại không muốn mà_lại dìm sự phát_triển âm nhac nước_nhà xuống
167,Tôi nổi da_gà.... vãi cả không ó không oàu.. kinh vãi nồi :mặt_ranh_mãnh: :mặt_ranh_mãnh: :mặt_ranh_mãnh: tôi thấy dở thì nói dở. éo biết nịnh_hót như con bọn bày_đặt kia. dám nói. dám nghe chửi. chửi đi mấy cái bọn hám sắc hãm l.
168,nhạc một đường giọng một nẻo. lần đầu và cũng là lần cuối nghe chi pu hát. nhạt vãi cả lúa :mồ_hôi_lạnh: :mồ_hôi_lạnh:
169,tôi thực_sự phải vào tab ẩn_danh để xem bài này đấy tác_giả à ; ) ) ) )
170,Con di này be ngoai giả nai chú nó thành tình ui
171,Làm nghệ_sĩ mà ra sản phầm ntn mà coi được. không tôn_trọng khản giả gì cả
172,Cố lên nhé chị < 3 mấy đứa fan của HT chỉ hùa theo mà chê thôi chứ thực_sự em thấy chị hát rất hay và nhảy cũng rất đẹp: 3 cố lên chị yêu
173,"Nhạc nghe cũng bắt tai, giọng chị cũng hay nhưng_mà lời em chẳng hiểu gì - _ - chỉ nhớ được toàn oh với_anh"
174,Phiá trước bâyh ai đang nắm chặt bàn_tay của em vậy??
175,"Nhiều bạn nói tại_sao cùng là người VIệt_Nam với nhau mà tại_sao không bênh ST mà_lại đi nói_xấu. Vâng xin trích một cfs thế_này "" Nhưng tại_sao phải bênh nhỉ, đứng_đắn tử_tế thì người ta ủng_hộ, có ai đi bảo_vệ 1 thằng ăn_cắp bao_giờ ""."
176,"nghe kinh lắm í, nghe một lần là xong đau_đầu ù tai luôn, lời thì sáo_rỗng thị_trường, giai_điệu thì nhạt_nhẽo, cái gì mà xa mợ với hững hợ. MV thì linh_tinh chả cái gì ăn_nhập vào cái gì, trẻ_con không ra trẻ_con người_lớn sexy cũng không tới. Nói_chung là chổng mông vào âm_nhạc = ="
177,- tạm tạm nhá cũng hay nhưng không hay bằng exo được
178,"Đâu có gì gọi là dở??? Cũng được mà, dù giọng chưa quá hay, nhưng như thế_này là ok rồi, không biết hát live sao thoi Mình thấy các bạn đa_số không thích theo phong_trào.. Sản_phẩm đầu_tay mà, chúc Chi thành_công, yêu Chi :hôn_gió: :trái_tim_đập:.."
179,Số lượt xem nhiều là tại nhiều người chê quá cái không pít MV ra sao mới dô xem.. Chứ không có hay để nhiều lượt xem :phân: :phân: :phân:
180,beat nhạc rất hay nghe bắt tai nhưng ca_sĩ hát dở quá.. nếu_mà phải ca_sĩ chuyên_nghiệp hát bài này thì thành hít ngay.. được mỗi_cái chi pu nhảy đẹp diễn_xuất tốt
181,"Một đám hùa theo nhau rồi bày đạt ghét này_nọ,, :thèm_ăn: :thèm_ăn:.. Tôi khinh lũ chó như_vậy, thích thì nghe không thích biến đéo cần_thiết, 1 video người ta làm bằng cả tâm_huyết của mình làm ra để cho mọi người giải chí thôi, chúng_mày nhìn lại mình đi lũ bố phải hùa theo nhau"
182,Có ai biết quần sơn tùng bận không đẹp qúa quần ôm
183,"Dù là gen vậy nhưng vẫn không thấm nổi, không hiểu đã nghĩ gì mà dám để bài hát và ca_sĩ như_vậy mà truyền_tải???"
184,We don ' tôi thuộc về nhau sắp vượt mặt We_Don ' tôi Talk_Anymore ( Y ) = ] ] ] ]
185,"Và sẽ câu cửa miêng "" chúng_ta không thộc về nhau "" phải không Sky"
186,Dù ai nói ngả nói nghiêng Lòng ta vẫn vững như kiềng bố chân.
187,Đúng là hero team đinh quá Đúng là cho hero team 10000000
188,"nhạc Tràng_Pháp là thế, bỏ_qua yếu_tố giọng hát,, nhưng càng nghe càng nghiện đấy,,,,,,,,,,,,,,,,,,,,,,,,,, chi ơi làm tốt lắm: 3"
189,"người nước_ngoài vào khen, người việt chê. không biết bao_giờ văn_minh mới bằng người ta"
190,31k không thích nếu đã là anti thì vào đây nghe làm gì để rồi dis... haizzz
191,"nhạc thì hay, lại còn đẹp_trai [ như lòn ]"
192,"cảm_ơn vì bài hát, giờ tôi đi_rửa tai đây"
193,Sơn_Tùng trong bài hát này có 1 phong_cách khác thỳ phải...
194,Bài hát viết dành cho người thất_tình đó hả
195,nhạc hay thì cứ nghe. lên_án làm gì: ) ) ) ) ) )
196,Vẫn đang nghe mỗi ngày có ai giống anh không nhỉ?
197,"chả hiểu mấy bợn chê gì, mày thấy dù không phải xuất_sắc nhưng cũng chẳng đến mức thảm_hoạ như mọi người nói."
198,Ai là người đã sáng_tác vậy ạ người khác sẽ nói rằng nó dở vãi như em có một lời khuyên chân_thành rằng nó giở thịc á nghe xong em liền bị điếc và không bao_giờ phải nghe bài này nữa :khóc: :khóc: :khóc:
199,"trong đó có sym với ngân, ro, phong, sam"
200,Nào mấy bố mấy mẹ tài hơn người ta rồi hãy phán... :cười_híp_mắt: MV dành cho Fan chứ không phải Anti... Nên về lại Vị_trí của mấy mẹ đi...
201,"Nghe giống We dont talk anymore - Charlie_Puth, Selena_Gomez vãi. Nghi nghi kiểu gì ý -. -"
202,co ai 33t ma nghe nhạc st nminh Không nhi?
203,"Omg anh_chàng này là tuyệt_vời, im từ Anh và tôi đã dành thời_gian để học tiếng việt :cười_ra_nước_mắt: :cười_ra_nước_mắt: phiên_bản tốt hơn của chúng_tôi không nói_chuyện nữa"
204,Cảm_ơn bài hát này của Quí bạn tôi đi đá bóng bị gãy chân phải ngồi xe_lăn lết từ nhà tới trường 1 tuần nay. Cho đến khi tôi vô_tình bật được bài này mà bạn tôi đã bật dậy để đập điện_thoại của tôi tôi ngỡ_ngàng khi từ một thằng thực_vật đã trở_nên có sức_sống mạnh liệt. Cảm_ơn Quí - thằng bị liệt chân chia_sẻ -
205,Tôi có người bạn bị liệt 2 chân lúc tôi thăm anh ấy to đã cho anh ấy nghe bài này và đi với lúc_qua_chở_lại thì tôi thấy anh ấy đứng bằng 2 chân để tắt và cầm con dao vì đã khiến ảnh nghe bài nhạc này
206,Mình không biết mọi người nghĩ như nào. Nhưng theo mình thấy bài này khá được. Còn nếu các bạn thấy chipu hát dở thì các bạn hát cho mọi người nghe xem có hay không. Đừng phán_xét người ta khi bản_thân mình còn không làm được. Đừng thấy mọi người chê chipu là quay ra hùa theo rồi nói. Đây là ý_kiến riêng
207,"Bài hát đã khiến người chết đươc Hồi_Sinh để ( tắt bài hát rồi ngủm tiếp ) và người sống sẽ được ban cho cái chết ( vì bài hát đã làm điếc lỗ tai và hư não họ ), 1 thảm_hoạ :hề:. Cảm_nhận sau khi bài này: Đi ị không ra ra, vô_tình bật bài hát lên, cục cuc liền trôi xuống, và tôi rất biết_ơn..... cục cuc đã tạo ra tiếng_động tũm tũm để không nghe nó, nghe xong muốn ị cho nhanh ( camon vì đã đọc nó ) bài hát như con lồn... Đọc thêm"
208,có lên nổi 200Tr lượt xem trước ngày 3 - 8 không nhỉ?
209,có ai giống tôi vào coi rồi đọc cmt chứ không biết nói_gì không. ¿???
210,Anh siro ơi quê anh ở bà rìa vũng_tàu đúng không ạ. Anh siro đẹp_trai em là pan của hero team nè
211,Bài này hay sao mà mọi người không thích nhiều vậy
212,Mình thấy cũng hay mà sao ai cũng không thích vậy: ) )
213,tính ra coi như 108408 thích và không không thích. sếp TÙng mountain giỏi quá!!!!!!
214,10h ngày 19 / 8 / 2016 36. 322. 495 hình_như là vẫn tăng mạnh chứ nhỉ.. bão sắp về ròi mà vẫn đang ngồi xem minh ở bắc_ninh
215,Sơn_Tùng có ăn hết của_cải của gd chúng_mày hay sao mà tụi bây anti fan như là bị giành xương vậy
216,"Em khuyên chị đừng có làm ca_sĩ nữa, nghe chả khác gì Linh_Ka nhưng đỡ hơn. Chị nên làm diễn_viên thì sẽ hợp hơn vì chị diễn tốt còn hát thì em xin cạn_lời. Bài này của chị mà nhiều không thích thì em nghĩ là do giọng hát và do dính nghi_án đạo nhạc kpop nữa. Em mong rằng chị nghe lời em nói mà suy_nghĩ. Nếu_như chị muốn đi hát thì chị cố_gắng tập_luyện đi, nghe ở đây có_vẻ hay nhưng em nghe chị hát live rồi em không bk nói gì hơn ngoài chữ haiz... Lệch nốt, đậu_phộng nốt lun ak. Thôi toàn_quyền quyết_định là do chị chọn em mong chị sẽ chọn đúng hướng để các fan yêu thích chị không quay lưng khi chị bắt_đầu cầm mic và các antifan không còn soi_mói nữa ( em không phải anti cái này là em khuyên thôi nhé, em có chửi_mắng như anti đâu :cười_toát_mồ_hôi: :cười_toát_mồ_hôi: :cười_toát_mồ_hôi: ). Chúc chị thành_công trên con đường của chị. Yêu chị :hôn_gió: :hôn_gió: :hôn_gió:"
217,lúc ms ra thấy cũng tạm = ) ) giờ nghe nhôn cái lừ
218,Thú_thật: ~ Sợ ma nhưng rất thích xem phim ma Có_lẽ tôi đùa hơi qá. Được rồi tôi xin_lỗi: ) )
219,Năm 2024 còn ai xem không? Điểm_danh nào mấy ní :giơ_tay: 🏻
220,Mình đã phải nhấn không thích bài này đến 2 lần... để chuyển sang nút thích... nghiện bài này lun rồi... cứu tôi với
221,Một tiếng mở đi mở lại 200 lần. 10. 000 người làm như mình thì một tiếng tăng thêm 2. 000. 000 triệu lượt lượt xem. :cười_toát_mồ_hôi:
222,Chúng_ta không thuộc về nhau. Ta thích nhất câu. Giấc mơ không là của nhau
223,"sau bật bài này trong đám_tang, mọi người sẽ phải ghen tỵ với người trong quan_tài"
224,Giai_điệu thì nghe bắt tai.. nhưng nghe xong cũng chã hiểu được bài hát có ý_nghĩa gì... cớ nhứ ở trong baz mà quẩy vậy.. đúng không mấy bạn
225,"anh quí đẹp_trai quá, nhạc hay_hay, lời ca trầm ấm, nhưng nghe xog em điếc mẹ luôn, từ đó em đã kiếm nhiều tiền hơn nhờ đôi tai điếc, cảm_ơn anh quí: 3"
226,Tôi để tốc_độ 2. không xem mấy đứa kia nhảy chết cmn luôn.: ) )
227,MV không có nội_dung Xàm_Nhiều đoạn muốn hiểu nhưng không_thể hiểu. Nói_chung là không thích đó...
228,Fan_Charlie_Pùng và Sơn_Tuth chúc Sơn_Tùng thành_công < 3
229,Sếp tùng cố lên đến tết 100 triệu lượt luôn sky cày đê
230,gì ghê vậy ms thấy 20 lượt xem chưa được 2 tiếg nữa lên 21 triệu rùi
231,Khi xem mv này thì tôi biết sơn tùng nó đẳng_cấp ntn
232,mới đọc được tin_tức trên kênh 14 nên qua đây. sao lại có_thể giống đến như_vậy. fan of bts
233,chi pu chinh giong do con che chi khoi My xấu va hát dở nua chứ
234,"đúng là "" chúng_ta không thuộc về nhau "" nghe 5 chữ này nhiều nhất.. không có ý_nghĩa..."
235,Donald đối_mặt với mày với với em tụi nó sẽ bị hết sọt vào đầu :cười_ra_nước_mắt: :cười_ra_nước_mắt: :cười_ra_nước_mắt: :cười_ra_nước_mắt: :cười_ra_nước_mắt: :cười_ra_nước_mắt: :cười_ra_nước_mắt: :cười_ra_nước_mắt: :cười_ra_nước_mắt: :cười_ra_nước_mắt: :cười_ra_nước_mắt:0 :cười_ra_nước_mắt:1 :cười_ra_nước_mắt:2 :cười_ra_nước_mắt:3 :cười_ra_nước_mắt:4 :cười_ra_nước_mắt:5 :cười_ra_nước_mắt:6 :cười_ra_nước_mắt:7 :cười_ra_nước_mắt:8 :cười_ra_nước_mắt:9
236,chúng_ta không cần luộc rau rap nghe quen_quen giống trong fire bts của rap monster
237,"Đhs người nước_ngoài ngta bênh ST, còn chúng_ta lại tự dìm người Việt nhỉ = ) ) ) ) )"
238,Mãi yêu anh Sky à: - )... EM mãi là Fan_TRUNG_THÀNH của anh ^ ^
239,"Câu "" chúng_ta không thuộc về nhau "" lập lại nhiều lần quá, nghe nhiều dễ bị chán"
240,"Nói thiệt là bà tôi cũng đã lớn_tuổi. Hôm đó tôi đi thăm bà nghe bà nói muốn nghe nhạc nên tôi bật bài này thì bac tôi đéo * * quỵ đi khám thôi. i thôi. ể thi bác_sĩ bảo không bt anh đã làm gì bà ấy mà khiến bà điếc rồi tim đập nhanh mạch_máu ngừng lưu_thông. Bây_giờ tôi chỉ bt bài nhạc này nên để vài blackbist của toàn_quốc nếu không nó sẽ tiếp_tục giết người :cười_toát_mồ_hôi: :cười_toát_mồ_hôi: trần_đời tôi vhuwa bạ giờ thấy bài hát nài tra_tấn tâm_lí của người nghe như này chắc CIA phải cho vào nhạc tra_tấn mất tp1 không thì uổng tài_năng của ĐPQ. TÔI KHUYÊN ANH, RẤT CÓ TÀI_NĂNG AM NÊN LÀ... ANH GIẤU MẸ TÀI_NĂNG NÀY ĐI KHÔNG LÀ TOII!! :lửa: :lửa: :lửa: :lửa: :lửa: :lửa: :lửa: :lửa: :cười_toát_mồ_hôi:0 :cười_toát_mồ_hôi:1 :cười_toát_mồ_hôi:2"
241,Các anh rap hay quá à em cho các anh một thích nhé!
242,"Chị Chi 5ting đừng nghe ngta phán_xét về chị là chị không tốt, chị chỉ được nghe góp_ý từ FC thôii, chúng_em yêu chị. Kệ họ đi chị, mãi yêu chị :trái_tim_đỏ: :trái_tim_đỏ: :trái_tim_đỏ: :trái_tim_đỏ:"
243,"KHÔNG biết là có hay không nhưng mình thì thuộc bố nhạc với bài hát rui. MV có đầu_tư, ăn_mặc không hở_hang như 1 số ca_sĩ, xem thì không đến_nỗi như HT nói. Những ca_sĩ giỏi hơn HT cũng chưa nhận_xét gì mà. Chẳng fan CP đâu nhưng như thế là Ok rui"
244,.. dạo quá 1 vòng tđ những mv việt_nam lượt xem cao nhất: ) )
245,Cảm_ơn anh vì tuyệt_phẩm này. Anh hát hay lắm lần sau đừng hát nữa ( giả chân ) :gián:
246,Chi pu hát hay mà làm ca_sĩ la một lựa_chọn hoàn_hảo
247,Sì cai đây s lại để Mv tùng núi thua WDTA vại
248,Chế lên tab 3 thịnh_hành rồi ; ) ) ) không phục nữa thì thôi
249,"Trời_ơi, nghe xg là đơ luôn. Suy_nghĩ một lúc vẫn chưa hiểu lời bài hát có ý_nghĩa gì: ) ) ) ) ) ) )"
250,Câu anh phong rap gạo bạc khen phong đẹp_trai đúng thật :cười_ra_nước_mắt:
251,"chị đẹp nhưng hát thì bình_thường quá, không ấn_tượng."
252,Tới bây_giờ mình vẫn còn sem mv này nhé mọi người
253,bạn em bị không nghe được từ nhỏ nhưng khi nghe bài của anh nó có_thể nghe được và tắt nhạc đi vì bảo ( bài này bạn đừng mở cho mình nx ) đấy anh ạ :lăn_ra_cười:
254,"Nhạc của Sơn_Tùng nghe hay, bắt tai thật: ) )"
255,Mv tăng nhanh nữa nhé.... đến đêm nay được 23tr nhé... cố lên cả nhà ơi :hôn_gió: :hôn_gió: :hôn_gió: :hôn_gió: :hôn_gió:
256,"Anti cần gì soi_mói thế không, ghét thì đừng xem"
257,"dở quá, giọng yếu, nhạc thì max chán, chuẩn "" có 1 câu hát hoài_"""
258,Anh_chị đào qhong em thích cặp đôi đó còn hát
259,Thấy nhạc nge cũng êm tay mà sao mấy bạn cứ nói này nói nọ.
260,"Thực_ra chả có video nào làm mình phải vào nêu ý_kiến nhưng cái này thì không kiềm lòng nổi = ) ) Đây là suy_nghĩ của bản_thân mình nhé Chị Chi có ước_mơ làm ca_sĩ thì rất tốt, cố_gắng luyện_tập thêm nhiều hơn_nữa. Còn đây là nhận_xét về MV này: ) Từng shot hình thì rất đẹp, nhưng mỗi_tội xem cả MV tìm mãi chả hiểu được nội_dung MV là gì = ) ) ) ) kiểu nó bị vô_nghĩa ý: ) Mặt chị Chi đơ quá: ) diễn gượng quá, được diễn đi diễn lại mà sao chị gượng thế: ( Giọng hát chị tất_nhiên không dở, nhưng nghe nó quá kiểu học_sinh hát vui vui với nhau ý: ) Làng_nhàng chả đọng lại được 1 chút gì, gần như chả có tí kỹ_thuật ấy: ( Bài hát chả hay luôn = ) ) ) Sáo_rỗng: ( Và nói_chung nó cũng không hợp gu của em tí nào. Em không thích sự nhí_nhảnh cá_cảnh kiểu này = ) ) đây là cá_nhân em. Còn việc chị muốn làm cái này cái kia là tốt. Con_người phải có ước_muốn và phải dám làm mà. Nhưng chị hãy cố_gắng nhiều nhiều nữa nhé = ) )"
261,"Vô đọc bình_luận thì thấy bài hát này tích_cực vãi ra toàn cứu được bao_nhiêu người, nhưng không cứu nổi người hát"
262,facebook anh là thanh nam muon nghe thi vao kb và ib
263,càng_ngày_càng làm XẤU bộ_mặt của môn này
264,nhiều người xem nhỉ.. nhưng vẫn thua bài we don ' tôi kia chục triệu lượt xem ) )
265,cang gt views cang nhay khung khiep... cung mot phan nho may thanh soi day... ha.. ha... ha
266,theo cảm_nhận thì mình thấy bài này có tệ đâu nhỉ thấy cũng hay ấy chứ sao mọi người chê dữ vậy ạ
267,Tùng ơi! TÔI muốn nói bài này như cờ cờ cũng éo nói Được..... @ @ @ trời kia không thích hết MV của tùng mà sao khi nghe xog bài này tôi quay lại thích hết @ @ lại còn buff lượt xem! giờ đi đâu cũng CHÚNG_TA KHÔNG THUỘC VỀ NHAU = ) ) ) ) ) ) ) ) )
268,anh tôi là người rất mê nhạc lmj cũng nghe nhưng cho tới khi tôi mở cho anh tôi nghe vầnh tối hết thích nhạc nx cảm_ơn quý
269,Nghe nhịp_điệu được rồi đừng vô nghe hết bài
270,mà cũng chúc_mừng video đạt kỉ_lục nhờ cả sky ' s và anti vào soi @ @ @ @ @
271,Bọn này phải tử_hình giết cả một thế_hệ trẻ mình không ăn nhưng_mà nghĩ thôi đã thấy_kinh thương cho người tiêu_dùng
272,"nhạc của em đã giúp tôi vượt qua được khoảng thời_gian stress nhất trong đời, cảm_ơn Em, Sơn_Tùng_MTP!"
273,vãi cả lúa thật tăng lượng người nghe qua tường giây đúng là ca_sỹ trẻ tài_năng đây mà
274,31 - 12 - 2019 Ngày cuối_cùng của năm dành để cày lại nhạc của sếp
275,"tìm về nơi đâu, cô_đơn đôi chân llacj trôi giữa bầu_trời"
276,Thấy 2tr views tưởng nổi_tiếng Tai_tiếng thì có Siêu phẩm đầu 1900 Rác phẩm cuối 2024
277,trong video do nhóm nhảy_cao hay do tùng hơi thấp nhỉ
278,Mặc_dù nghe giống WDTA nhưng_mà cũng hay: ) )
279,1 ly chè thập_cẩm có đủ loại chè: - we don ' tôi talk anymore _ charlie puth - Empty _ WINNER - Fire _ BTS ( Khúc ráp ) - Sober _ BIGBANG - Loser _ BIGBANG
280,Tưởng có mỗi tôi xem_lại thôi ai dè đông vậy ~
281,"Tại_sao mọi người lại cứ lôi anh Sơn_Tùng_MTP ra để bêu_xấu, soi_mói nhỉ? Mọi người tưởng làm thế vui lắm sao??? Còn tôi, tôi vui lắm: ) )"
282,Chúng_ta không thuộc về nhau nhạc như We don ' tôi talk anymore
283,Tiếng việt không ra tiếng việt tiếng anh không ra tiếng anh pha pha_trộn trộn nói_chung như cờ cờ
284,hay quá anh ơi místhy và tippy cũng thick sơn tùng mtp
285,Đoạn đầu mà làm biến_thái thêm tí nữa thì max hay... Đoạn đầu MV chưa đủ độ chất và khác_biệt của MTP. chất như TÔI
286,8 / 27 / 2018 một đêm cày học nghe nhạc này vẫn êm tai hơn mấy nhạc nước_ngoài
287,Tôii hỏii nhé. sao tụii bạn cứ ùa zô chữii chi pu l @ s vậy
288,mình thây hay mày. người dung_nhận xét qua tiêu_cực chi nghê si như_vậy em ủng ho chị cô lên nhé chị
289,"Hồi chiều đang xem youtube tôi đã thấy Quảng_Cáo đồ hợp thịt CP, chắc thẩy trắng thành_công rồi. Nào_là thịt heo án toàn, sạch_sẽ, bla bla, bla,.... :cười_toát_mồ_hôi: :cười_toát_mồ_hôi:"
290,cu phai fhua pmq fhoi con fhua 10 trời vậy haha cui bam
291,"nên làm hot girl và diển viên thôi em, chị khuyên thật ấy, em hát không tốt lắm đâu.. hixx"
292,mẹ tai điếc mẹo đi chưa nhanh nghe như đập vào tai
293,Nghe lần đầu và nhớ nhất Banh bạnh bạch ạ :cười_ra_nước_mắt:
294,Nghe hay ma. ai noi gì mh van thích chi co lên chi oi. yêu chi Nhiu
295,Nếu bài này được sáng_tác năm 1945 thì little boy với fat màn sẽ bị lãng_quên
296,Nếu rèn_luyện thêm 1 thời_gian nữa thì chắc_chắn Chipu sẽ cho ra những sản_phẩm tuyệt_vời hơn nhiều. Chỉ vì Chipu vẫn chưa đủ thời_gian để rèn_luyện mình thôi. Mình thấy Chipu là kiểu người mạnh_mẽ và đối_xử rất tốt với mọi người. Đừng vì một bài hát mà đâm_ra ghét bạn ấy.
297,không phải fan của tùng mà cứ thích nghe nhạc của tùng
298,Miniword đg tức đấy mọi người ạ Miniword 1 điểm Free fire 1000000000000 ⁰ 000000000000000000000000000000 điểm oke
299,Mấy thằng bạn tôi nó coi bài hát này là dỡ nhất 2024 :đầu_lâu:
300,"thực_tình_mà_nói, nghe_đâu có tệ đến mức bị chửi như_vậy."
301,lâu_lâu ra bài bị fan ném như_vậy thì sao anh ra mv ms khác được: (
302,vãi... bây_giờ đến lượt bọn U. S nhảy vào cmt
303,ANH quí ơi anh thích chs môn thể_thao nào vậy ANH quí:...
304,Hay quá không chịu được hay quá 90000 sao luôn
305,Đồ dả mạo lời của người nước_ngoài? ăn_cắp bản_quyền > > ) )
306,"Nghe được không, 00 giây tôi đã bị co_giật và nhật viện tôi nói thật tôi hối_hận khi đang ốm mà Nghe nhạc này"
307,hát không có gì đặt biệt. MV không mang được 1 tí chiều sâu nào cả. thêm đoạn nhảy_nhót như con điên. âu chẳng ra âu á chẳng ra á. Hương_Tràm nói đúng. nên làm hot girl cho người ta ngắm đi. bon_chen làm_chi_sĩ nhục 2 chữ ca_sĩ
308,Ý CỦA BẠN MÀ TỪ HÔM_NAY BẠN ĐI HÁT? REALLY? REALLY?
309,Nge và nhận_xét chứ đừng ùa theo những người nổi_tiếng
310,em thấy anh_chị_em thấy anh_chị nhảy đẹp quá :trái_tim_đỏ: he ro team nhảy đẹp nhất thế_giới
311,"vẫn ngồi đây cày lượt xem, hệ chơi cày lâu đâu ròi cho xin cánh_tay đuy"
312,Bài này với bài we don ’ tôi talk anymore xuất_bản cùng một ngày mà
313,Bài nài anh phong với chị sammi ráp hay quá
314,~ coin card nè có giống thì cũng đừng có sũa nếu bây ns giống thì thửu làm cái mv giống vậy ~ đi rồi sũa nhé ~ vậy ~ mà SKY S Đồ ~ tôi thách làm giống đi rồi sũa s sũa sũa bừa thế
315,"thích nhất là những MV có nội_dung cụ_thể chứ còn mấy ca_sĩ khác đa_số là MV không có nội_dung, bật đèn chói loá khoe body mà thật_sự chả hiểu gì cả chẳng bằng xem nhạc không sướng hơn nhiều - _ -"
316,chẳng bỉe no co dao nhac hay không nhung nghe thay nó hay hơn cái bai nuoc ngoai ui
317,Nghe nhạc mà muốn có bầu luôn ( nhạc như đầu buoi )
318,"hay lắm anh ơi, cố_gắng tiếp nhé anh :trái_tim_đập: :ôm: sky yêu"
319,dự à trong 1 năm MV này sẽ được 100tr lượt xem
320,RIÊNG MÌNH THÌ MÌNH CŨNG KHÔNG CÓ PHẢI LÀ MUỐN CHÊ_BAI GÌ ĐÂU NHƯNG CÁ_NHÂN THÌ MÌNH THẤY... CÁI LỜI BÀI HÁT NÓ ẤY QUÁ... VỚI_LẠI BÀI NÀY THÌ EM THẤY MỌI NGƯỜI CMT TỒI_TỆ QUÁ NHƯNG EM THẤY BÀI NÀY CÒN TỒI_TỆ HƠN....
321,SiRo rap ngầu hay nhất và cả đội Hero_Tem
322,Đờ mờ nó cùng người việt_nam với nhau không thích người ta thì thôi.. mà tụi nó làm dị đó sơn tùng nó đã làm gì tụi mày... nhìn cách tụi cmt mà thấy thw nhóc tùng ghê bị bao nhiu người chỉ_trích đổi lại vẫn im_lặng....
323,Không thích còn nhiều hơn thích cất nhà khỏi phải đi mua gạch. Cất chung_cư luôn rồi pu ơi :buồn_nhẹ: :kiệt_sức: :mệt_mỏi:
324,ê sao nghe đoạn rap giống trong Fire của BTS vậy???
325,"Đừng ghét bài này nữa, anh ấy đã giúp chúng_ta vào quan_tài khiến ai_ai cũng phải không thích video :lửa: :lửa: :lửa: :lửa:"
326,Coi và không thích làm hỏng nhạc việt tội tùng núi qá
327,Thật_ra anh có tài_năng nhưng dấu mẹ nó đi cờ cờ
328,Xác_định con sâu này không_chỉ làm rầu nồi canh mà sang 2026 sẽ là khủng_hoảng của thực_phẩm
329,Fan_Maria_Oza... à mà thôi chúc Tùng thàng công! ^ ^
330,Fan Nguyễn_Thanh_Tùng chúc Sơn_Tùng_MÀY - TP thành_công: )
331,em cần xin tên của Nữ diễn_viên người nước_ngoài trong MV có ai biết không ạ
332,người nước_ngoài cmt không khó kiếm cmt người Việt
333,Có ai xem_lại bài này vào tháng 4 / 2017 không?
334,Nhạc nghe hơi cổ thì phải :bối_rối: :bối_rối: chả hiện_đại gì :lo_lắng: :lo_lắng: :lo_lắng: đầu_tư trang_phục thì nhiều mà bài hát tệ quá :đeo_khẩu_trang: :đeo_khẩu_trang: :đeo_khẩu_trang:
335,Cũng bình_thường mà không hay cũng chẳng dở nghe nhạc wendy thảo thích hơn
336,Hội những người bị điếc chúc bạn thành_công bài hát rất hay < 3
337,Nghe Lạc trôi xong qua đây xem lượt xem = ) ) ai giống tôi không?: 3
338,Trời_ơi không thích nhiều :không_thích: :không_thích: :không_thích: :không_thích: :không_thích: :không_thích: :không_thích: :không_thích: vậy không hiểu tôi lại giúp bà này tăng lượt viu nữa hát như lồn
339,Theo mình thì thể_loại nhạc mà chi pu theo_đuổi khác với các ca_sĩ khác mà vốn_dĩ Việt_nam chỉ hay nghe nhạc POP bố lát nên khi tiếp_nhận một thể loại mới người ta sẽ khó tiếp_nhận hơn thôi. Nói khách_quan thì mặc_dù ca_từ không được bắt tai cho lắm nhưng phần beat càng nghe sẽ càng cảm_thấy hay mình. Còn Đối_với hương tràm thì không ai ngăn_cản quyền tự_do ngôn_luận cả nhưng phát_biểu như_thế_nào để không khiến người khác tổn_thương đó lại là chuyện khác. Ca_sĩ có chất giọng sẵn như hương tràm sẽ khó có_thể hiểu được sự_cố gắng và nỗ_lực hết_mình như_thế_nào đối_với một người như chi pu. Đừng áp_đặt quan_điểm chủ_quan của mình vào người khác. Cứ thể để hương tràm hát thể_loại nhạc như chi pu xem tôi cá là nó còn tệ hơn nhiều đấy. Mỗi người một thế mạnh không phải sao :mặt_ranh_mãnh:
340,từ nay đến Tết được 100 trời lượt xem không ta??: ) ) )
341,Cái đoạn Chi mở_đầu lúc mặc bộ rằn_ri xong nhảy cứ kiểu.... không thích!
342,Nếu bài thick of it của ksi tệ thì bài này còn tệ hơn
343,Nghe vài lần cũng zo tai mà.. dù gì cũng có thiện_cảm. Số_ít người bây giơ nổi không bằg chiêu trò bẩn.. không chuyên_môn mà soi_mói từng tý làm_gì
344,"wow, thành_tích đáng nể, trong khi 1 ca_sĩ Việt_Nam phải mất cả năm để có được con_số thì cậu ấy dùng 1 tuần"
345,"Mình: Alo! Dạ anh mua gà không? Em bán. Người mua: Ok em, Gà gì? Mình: Dạ gà mái anh Người mua: ok em"
346,"bê cả bts, exo, bigbang vào mv của anh rùi còn gì nữa Đúng ta KHông thuộc về nhau"
347,"tiến_sĩ luôn nhé = ] ] Nhạc hay mà Tùng đẹp_trai nữa, chết_mê"
348,Hát tệ quá nên phải chèn vào vài đoạn như đọc: )
349,"Chẳng cần biết giống hay không, nhạc hay nên nghe hoài_...... Chúc em luôn may_mắn và thành_công!!!"
350,không hiểu tại_sao lại có những ý_kiến cho rằng nó tệ nhưng tôi thấy nó khá hay. chỉ là chưa quá tuyệt_vời thôi.
351,Kệ mẹ tụi mày ; ) ) che dỡ hay hát hay cũng được. Lượt xem tăng cao cũng được rồi = ) )
352,Em thích nhất khúc anh phong rap đứa nào động tới sanmy hihi
353,mong rằng đây sẽ là bài hát cuối_cùng trong sự_nghiệp Chi nhé: ) )
354,sky mãi bên cạnh sếp... i love you_son tung M TP...
355,Nếu tôi mà bật bài hát này bằng một chiếc loa công_suất lớn để cả xóm nghe thì có_lẽ tôi sẽ lập_tức bị xử_tử vì đã phạm phải_tội ác chống lại loài_người :đầu_lâu:
356,151. 069. 097 - 21: 47 - 12 / 05 / 2019 - Hà_Nội
357,"cám_ơn lời chúc_mừng của những fan FC khác vui vì được sự quan_tâm của mấy bạn, sky của stmtp chân_thành cảm_ơn '..."
358,"Thôi cố lên bạn Pu ạ Như thế_này củng tạm rồi, nghiên_cứu lời hoặc bài hát thịnh_hành 1 tý"
359,tuy không thích ST người phải công_nhận ST có tài
360,Mv thì đẹp lồng_lộng mà hát live thì như cờ cờ
361,"Tôi không đánh_giá giọng hát vì nó có_thể hoàn_thiện sau một thời_gian, nhưng thật_sự MV này rất chán, từ concept, stylist, nội_dung bài hát, cách thể_hiện..."
362,Mình thấy chipupu hát cũng đâu tệ lắm đâu. MV đầu_tư và là bước chuyển ngoặc vậy là hay rồi
363,nhờ mấy mẹ làm rầm_rầm lên nên bây_giờ con_nghiện bài này rùi nè :khóc_nức_nở:
364,"Điều đó không quan_trọng, quan_trọng là.... Chúng ' ss ta ' ss không ' ss thuộc ' ss về ' ss nhau ' ss"
365,"12, 424, 872 views RỒI SAO 100, 000, 000 RỒI TÍNH KAKA Chúng_Ta Không_Thuộc_Về_Nhau"
366,""" Chúng_ta không thuộc về nhau "" có 24 chữ_cái và "" We don ' tôi talk anymoreeeeeeee "" cũng thế, tôi không nghĩ đó lại là 1 sự trùng_hợp = ) ) sky ' s ơi ' s say ' s oh ' s yaeh ' ssss"
367,Tôi có thằng bạn đang tính tôi lỡ hát bài này nó điết mẹ nó luôn :trái_tim_đỏ: :trái_tim_đỏ: cảm_ơn anh nó nghĩ chơi với em luôn rồi :trái_tim_đỏ: :trái_tim_đỏ: :trái_tim_đỏ: :trái_tim_đỏ: :trái_tim_đỏ:
368,"Mới_đầu nghe cũng hay nhưng mặt chả toát được biểu_cảm gì trong từng lời hát kèm theo nhảy sexy mà không toát được lên vẻ sexy gì cả, mặt vẫn trông như trẻ_con múa_rối vậy. Lời bài hát thì lúc thì nghe được lúc thì khó nghe, lời hát mà không dứt_khoát rõ_ràng gì lắm"
369,Bài hát tuyệt_vời. Khởi_đầu cho một chặng đường tốt_đẹp. Chúc tình_yêu sẽ ra nhìu ca_khúc mới và hay hơn.
370,Minh co gang nghe nhung thật huong tràm nói đung
371,"Tôi thách hero taem bắn lại as mobile, gao bạc, cô ngân, c4hihihi, toàn tây, bác gấu,"
372,"Lửa thử vàng gian_nan thử sức, mới_đầu chưa chắc đánh_giá được đúng nhưng theo mình nếu để debut với vai_trò ca_sĩ thì không nên chọn dòng nhạc dance vì thực_sự giọng hát của Chipu chưa thực_sự tốt, vũ_đạo cũng không quá xuất săc. Để tránh trường_hợp như MV "" Như cái lò "" của Huyền_Sambi thì mình nghĩ Chipu nên đi theo dòng nhạc pop ballad, song_song rèn_luyện giọng hát, thôi rèn cảm_xúc để tiếp_cận khán_giả. chúc em thành_công"
373,"nhạc nghe hay với chất, có_điều ăn_cắp hơi lộ_liễu = ) )"
374,"đoạn cuối của bác gấu em nhìn ghê qué, nhưng vẫn hay các bạn oiii"
375,Mấ anh ơi và chị ơi em cũng có chơi free fire mà
376,cái kiểu chế_tạo người trong mv này giống mv turn me on
377,"Cá_nhân mình thấy bài hát này tuy không hay nhưng đâu phải nó dở đến mức mọi người ném đá không thương_tiếc như vây. Không hình_ảnh hay lời có phần dung_tục như "" ô_mai chuối "" hay "" nóng như cái lò "". Lời bài hát cũng chẳng xàm như "" làn da nâu, "" nói_dối ""... Nói đây để mọi người biết như_thế_nào ms thực_sự gọi là thảm_hoạ. Chipu đã rất nghiêm_túc với kế koach âm nhac này, đầu_tư tiền, thời_gian đi học nhạc,... 1 số người chỉ cần sở_hữu ngoại_hình đẹp hát nhép, quay MV cover là đã có_thể nổi, kiếm tiền được đâu phải bỏ nhiều công_sức "" Linhka "" đấy. Và về phần tài_năng Hồ_Ngọc_Hà, Min, Đông_Nhi, Đan_Trường... ms đầu ai đã hát hay bị khán_giả chê te_tua nhưng rồi sao? Nhờ sự nỗ_lực không ngừng_nghỉ họ vẫn có những bản hit, thậm_chí là cố_vấn chuyên_môn cho các cuộc thi âm_nhạc tầm_cỡ, vươn ra cả thị_trường âm_nhạc quốc_tế... Tại_sao mọi người cứ quá coi_trọng cái năng_khiếu bẩm_sinh ấy đến thế. Thấy mình không làm được, không có năng_khiếu bằng người ta là bạn bỏ_cuộc ngay sao? Thế_thì bạn sẽ luôn thất_bại, không bao_giờ làm được việc gì. Đừng vùi_dập một con_người khi mà họ vẫn luôn cố_gắng để được tốt hơn, dám thay_đổi bản_thân để bứt ra khỏi giới_hạn.... Ủng_hộ ChiPu, hi_vọng rằng sau lần này bạn đừng bỏ_cuộc, ra thêm các sản_phẩm âm_nhạc có chất_lượng để chứng_minh rằng "" mọi người sai rồi tôi có_thể hát, hát hay_là đằng khác "". NOTHING is IMPOSSIBLE"
378,- Bọn sky thường biện_minh rằng - * không phải là sky nhưng.... * = ) )
379,Giai_điệu bắt tai... nhưng các bạn đã nghe Phương_Trinh hát chưa: )
380,"thấy chưa, sáng_mắt chưa, căng cổ ra mà tăng lượt xem cuối_cùng vẫn thua thảm_hại, tự_mãn lắm kia_mà, nhắt qua mv we don ' tôi talk anymore xem lượt lượt xem là bao nhiu đi, mặt còn vênh nữa không? sự tồn_tại của bà hát là về lau về dài chứ cái kiểu được thời xong rồi thôi_thì rẻ_tiền quá, thông_qua fan có_thể đánh_giá được thần_tượng, sky đúng là tự sướng quá rồi, đấy là fan của charlie còn không thèm đá hoài đến đó một bên thì nhốn nhắng tự_kiêu, bên còn lại thì chả thèm để_ý coi như hạt cát bên đường, cuối_cùng thì phe thắng thuộc về người xứng_đáng nhất, sky à nhìn lại mình cái... THẤP_KÉM..."
381,đau_lòng! tìm trên zingmp3 không được!!! huhuhu!!!
382,Em vẫn chưa hiểu tại_sao chị ChiPu tốt và ra nhiều clip hay như_vậy mà_lại nhiều người chỉ_trích.
383,Tôi vẫn nghe mỗi ngày vì giai_điệu vui_tươi của bài hát mang lại một cảm_giác thoải_mái
384,We don ` tôi talk anymore... We don ` tôi talk anymore... ấy nhầm bài: vậy
385,Chị ơi cố lên con đường phía trước còn dài Pu con luôn ủng_hộ chị :trái_tim_đỏ: :trái_tim_đỏ: :trái_tim_đỏ: :trái_tim_đỏ:
386,I love sơn tùng đẹp_trai mà_còn hát hay...
387,em là fan anh quí khi ông em bị lệt nữa người em mở cho ông nge xong ông em bỗng_nhiên đứng dậy lấy cây chổi đập lun điện_thoại em xong em cảm_ơn anh quí nhờ anh mà em cs điện_thoại mới và ông em hết liệt ( nhưng cái kết là em bị ăn gậy ) :điện_thoại:
388,"Lượt không thích cao_thế, cao gấp mười mấy lần mấy MV khác @ @"
389,Sắp 190m rồi. Cố hết năm nay lên 200m nhé
390,"Đúng thật là người việt_nam. thấy người ta giỏi là tìm mọi cách để dìm. cố soi, cố tìm đi. rùi xem ai là người đúng"
391,chúng_ta không luộc được rau mang tôi đến đây!
392,"Mình thấy melody cũng hợp tai, mỗi_tội không hiểu lời cho lắm í, lời không có ý_nghĩa. Chắc mỗi tôi ở đây thấy bài này cũng hay :cười_rạng_rỡ:"
393,Hero team mãi_mãi là hạng nhất sao so_sánh với hero team được :dấu_tích_xanh:
394,sau khi nghe những bài hát của top1 ca_sĩ quốc kang thì tôi thấy bài này hay vãi cả lúa: ) ) ) )
395,Chi pu đầu_tư cũng kĩ_lưỡng đó chứ? không thua gì Hồ_Ngọc_Hà! phần hát thì không hay cho lắm: ) ) chỉ được cái mv nhìn thôi
396,Chị hãy cố_gắng lên em Luôn ủng_hộ chị Chị nhé
397,Vậy là chúng_ta mãi_mãi không thuộc về nhau :nháy_mắt: :nháy_mắt:
398,"tại_sao tôi không bấm được không thích, chẳng_lẽ nhiều người bấm quá nên hư moẹ rồi?"
399,giờ mới biết sơn tùng không_những là VẬY. I. P mà_còn lai ARMY = ) ) ) )
400,"Để_ý. hôm_nay lượt lượt xem bên mình tăng chậm cái, bống bống bang bang cũng chậm hẳn theo"
401,"KHÔNG_THỂ_NÀO, TẠI_SAO LẠI ĐỂ TỐC_ĐỘ không. 85x LẠI HAY HƠN HAY DO TAI TÔI!!!!"
402,"Mình không biet sao ma các ban lai chê, nhung doi voi mình bai nay hay ma.. các ban gato voi chi pu ak.. ai cung Co uoc mo ma.. ma các ban thay ai moi di hoc ma da thuoc hêt ban chư cái lien không?.. ma chi pu cung Co hát may bai ma.. den luc HT dang stt các ban lai hùa theo.. thư các ban dưng trong hoàn canh nhu chi pu xem.. chi pu moi chuyên qua lam ca_sĩ ma các ban lai hùa theo người gato... chi pu làm ca_sĩ hay không Co liên_quan gì toi cuoc song cua may ban ak.. hay các ban hùa theo HT rôi Co tiên ak.. mong các ban suy nghi lai xem các ban lam vậy Co dung hay la không.."
403,Cô ngân vừa siêu dở tệ vừa yếu_đuối chỉ giỏi chơi game còn nhiêu dở hết
404,dù có soi đi nửa vẫn thích xem và nghe nhạc của sếp
405,úi. nhạc đây mà em xem nhầm MV hay sao đấy mọi người à. :mặt_ranh_mãnh:
406,Chúng_ta không thuộc về nhauChúng ta không thuộc về nhauChúng ta không thuộc về nhau...... SKY oiiiiiiiiii... say oh yeahhhhhhhh
407,"Như video của Trúc_Xinh_Bên_Bờ, lượt dislikes quá khủng"
408,"mèo sim My, và sam My đào đáng yêu quá. :mặt_thiên_thần: :mặt_thiên_thần: :cười_đỏ_má: :cười_đỏ_má: :mắt_trái_tim: :mắt_trái_tim: :hôn_gió: :hôn_gió: :mèo_mắt_trái_tim: :hai_trái_tim: :mặt_thiên_thần:0 :mặt_thiên_thần:1 :mặt_thiên_thần:2 :mặt_thiên_thần:3 :mặt_thiên_thần:4 :mặt_thiên_thần:5"
409,video có 80. 355. 877 lượt xem.... Lũ sky còn moq cày tới 100trview... ATSM ghê quá sky à...
410,trách ai bây_giờ đây. bài hát không thuộc tùng: )
411,Các anh_chị rap hay quá chúc anh_chị sớm đặt được một_triệu sub
412,MV này thấy Chi_Pu đã cố_gắng cải_thiện giọng rồi. Nhưng có_lẽ Chi phù_hợp với nghề diễn và mẫu ảnh hơn là ca_hát. Giọng Chi không nổi_bật như những ca_sĩ khác. Cố_gắng nhưng không phải trong khả_năng của mình thì khó thành_công được
413,Đến đây vì thấy chị Tràm đăng status chê Chi hát dở
414,Hứ con chó chipu lúc trước còn được được nay dám so với tràm với kpop ầ mày mơ đi Việt_nam còn chưa trội lên mà đồ so_sánh với ai mày giải_nghệ dùm đi
415,"không phải là fan hay anti của MTP. Đã từng không ưa cái vẻ nhí_nhố của M TP... nhưng thật lòng mình thấy, bài này KHÔNG 1 CHÚT LIÊN_QUAN đến we don ' tôi talk anymore ( bài mình rất thích )."
416,Chị À Cố_Lên_Em_Không Phải_Fan_Chị_Đâu Nhưq_Chị_Cứ_Thấy Mà Xem Ai_Mới_Vào_Ngề Mà Dân SNS Nó_Chẳq_Chửi... Cố_Lên_Nhé_Bài Hát_Không_Đến_Nổi Tệ_Đâu.
417,1 sp âm_nhạc mà dis > thích thì là ntn ạ. Hiểu hiểu. Nhưng mày thấy CP nhảy đẹp chứ nhỉ
418,"Hương_Tràm, không có nhắc đến tên cp trong stt nhé, đừng có nói Tràm này Tràm nọ nữa,.. Mà dù có nói thì vẫn thấy stt của tràm nói đúng, cả tiên tiên cũng đăng stt nữa đó, nói đúng chứ sai gì"
419,sự thất_bại của 1 thằng cuồng_dâm làm búp_bê td • ﹏ •
420,"Thề luôn lần nào nghe củng nổi da_gà,: ) )"
421,gọi chi pu là ca_sĩ đúng là xúc_phạm các ca_sĩ khác
422,"Clip này là đang quảng_cáo cho sản_phẩm gì ấy nhỉ, xem từ đầu tới cuối cũng không hiểu, cứ ồ ố ô rồi hết"
423,"MV mời vào nhìn là thấy giống CRAYON, câu "" Chúng_ta không thuốc về nhau "" thì giống We don ' tôi talk anymore"
424,Chúng_ta luôn thuộc về nhau ( SKY U70 )
425,"ai viết lời bài hát cho toi đi mọi người oiii, ảnh đỉnh quá nên tôi không hiểu gì = ) ) )"
426,1 luot lượt xem là coi bao_nhiêu s mới được or hết mv luôn
427,Thảm_hoạ..... hát cứ như đọc rap hương tràm nói rất đúng. kiểu này không thích hơi bị nhiều. hhhhaha
428,"Khoá mõm đi mấy đứa ơi... sủa nhiều công_an bắt đấy, sủa hoài đéo ngứa à, theo phong_trào à mấy cưng.... chúng_bay hát hay quá hát thế Chi đi mở mồm nhận_xét > < thấy đừng cmt mất_công... https: / / www. facebook. com / quetran. huynhngoc. 9 facebook tôi đó vô ib tôi rep hết cho ^ ^ anti à, vô tôi ns cho bt vài thứ nhé, đừng sủa bậy"
429,anh cover rất hay và cắt ghép nhạc rất sáng_tạo
430,"giai_điệu hay, nhma lời thì chưa ổn lắm :cười_toát_mồ_hôi:"
431,nghĩ sao mà cô ngân với simmy lại đi so_sánh ^ ^
432,WTF bọn anti tự_nhiên đi chửi liên_quan vãi cả lúa kiểu gato ý vãi em chẳng phải fan hay_là sky nhueng cũng đừng nên nói người ta thế
433,Ủa đó là bài hát Hàn được 2 người nào bên Hàn đó sáng_tác rồi được dịch ra tiếng Việt chẳng_lẽ nhạc Hàn không hát kiểu đó chắc đi hát bolero như VIỆT_NAM quá vậy động_não chút đi nếu_như hát tiếng Hàn thì có_lẽ nó sẽ khác còn hát lời Việt thì dĩ_nhiên nó không giống với Hàn rồi chắc tại dư_luận quen cái kiểu là người việt hát nhạc việt không có biết gì về nhạc khác... Bản_thân tôi không thấy hát dở chỗ nào chắc có_lẽ bị mất nhận_thức rồi haiz. Không bao_giờ tránh khỏi được cái mồm của dư_luận từ xưa tới giờ vẫn vậy_mà thích số đông hùa theo số đông chứ đéo biết nghe và động nào. Ý_kiến cá_nhân gạch_đá cứ ném
434,mai cố 10 trời lượt veiw đi fan với anti fan < 3 < 3 < 3
435,Hai ông bị Kairon với toàn tây bị vào tù anh :lăn_ra_cười: :lăn_ra_cười: :lăn_ra_cười: :lăn_ra_cười:
436,chị chỉ hát hay mà sao mọi người quá_đáng vậy??? người ta đam_mê thì làm thôi chứ không phải mục_đích la để kiểm tiền...
437,Hay ma. Sao lai cu muon de nguoi khac nhi. Hay phan biet dang cap ha. Hay hon thanh tuyen chua hay dim hang nguoi khac. Thanh tuyen cung chua bao gi la ca si tu truong lop ca. Ai co chat gionh hay thi la hay. Toi không thich cach dim hang cua huong tram. Huong tram nen biet minh la ai va dung không dau. Huong tram cung chi la ado thoi. cung chang phai nhac si hay la_gi ca. Ma cho du huong tram co hat hay hon chi pu cung không nen noi ra nhung dieu vo ly nhu vay. Ban không co quyen nhu the.
438,CHIPU CỐ LÊN! MONG LÀ BẠN SẼ ĐỌC ĐƯỢC CMT NÀY
439,"Nghe cái tên là biết không phải người VIỆT_NAM. Chi_Pu, cường seven, Gil... Là cái gì không hiểu"
440,"Anh Gao_Bạc hét chọt được cả RUOK ff, BROKEN ff hả"
441,"EM vừa về nhà sau 1 ngày đi làm mệt_mỏi, lướt youtube để có thêm động_lực thì vô_tình va vào bài hát của anh. Có_thể nói bài hát của anh là 1 nguồn động_lực to_lớn đối_với em, cảm_ơn anh vì đã giúp em nhận ra chỗ làm của em chưa phải là nơi tồi_tệ nhất"
442,Phần nhìn thì được nhưng phần nghe không bắt tai lắm. Sản_phẩm chính_thức đầu_tiên này. Chúc chị thành_công hơn_nữa.
443,Không byt bài này mà hát live THY thế_nào nhỉ
444,hay lắm anh tùng ơi! luôn ung hộ anh!! _ 333
445,Đa_số lũ không thích la kiểu gato gắng lên công_chúa nana
446,Hero taem simmy và sammy rap ngau nhat phong và anh vịt rap ngau kairon đep trai và taem hero đep trai nhat :cười_đỏ_má: :cười_đỏ_má: :cười_đỏ_má: :cười_đỏ_má: :cười_đỏ_má: :cười_đỏ_má:
447,đỹ mẹ mém bị điếc luôn cũng may nhờ anh dách giải_cứu không là thấy mụ nội rồi
448,chị simmy hát trầm_cảm hả. nhưng hero team rap vẫn hay nhất.
449,hay quá đi anh tùng ak đừng để_ý đến những người gato với anh nhé! SKY LUÔN Ở BÊN CẠNH ANH: - ): - ): - ) mãi như ngày hôm_qua
450,"Tôi có thằng bạn bị câm bẩm_sinh thật bất_ngờ khi cho nó nghe bài hát này xong tự_nhiên nói nói được câu đầu_tiên nó nói là "" nó muốn chửi thề "": ) )"
451,"Lạc trôi chỉ còn 2M nữa là được 200M rồi, ae cố lên nghe"
452,"cảm_ơn anh, bạn em bị liệt chân giữa, từ khi nó nghe nhạc của anh nó như con mãnh_thú xổng chuồng thèm_khát con mồi. Thật_sự cảm_ơn anh!"
453,mặt không đến_nỗi mà cái nhạc nó tục vãi cả lúa luôn anh ơi
454,35phút mà tăng 260nghìn lượt xem :cười_ra_nước_mắt: :cười_ra_nước_mắt: Lượng_Thích và Không thích ngang_ngửa nhau :cười_ra_nước_mắt: :cười_ra_nước_mắt: Chắc cũng nhiều antifan lắm :hôn_gió: :vỗ_tay: :vỗ_tay:
455,mỗi 1ngày 1triệu thôi sky nhề :le_lưỡi_nhắm_mắt: :le_lưỡi_nhắm_mắt: :le_lưỡi_nhắm_mắt: :le_lưỡi_nhắm_mắt: :le_lưỡi_nhắm_mắt: :le_lưỡi_nhắm_mắt: cuối tháng con_số sẽ khủng thôi ha :vỗ_tay: :vỗ_tay: :vỗ_tay: :vỗ_tay: :le_lưỡi_nhắm_mắt:0 :le_lưỡi_nhắm_mắt:1 :le_lưỡi_nhắm_mắt:2 :le_lưỡi_nhắm_mắt:3 :le_lưỡi_nhắm_mắt:4 :le_lưỡi_nhắm_mắt:5 :le_lưỡi_nhắm_mắt:6 :le_lưỡi_nhắm_mắt:7 :le_lưỡi_nhắm_mắt:8 :le_lưỡi_nhắm_mắt:9 :le_lưỡi_nhắm_mắt:0 :le_lưỡi_nhắm_mắt:1 :le_lưỡi_nhắm_mắt:2 :le_lưỡi_nhắm_mắt:3 :le_lưỡi_nhắm_mắt:4 :le_lưỡi_nhắm_mắt:5 :le_lưỡi_nhắm_mắt:6 :le_lưỡi_nhắm_mắt:7 :le_lưỡi_nhắm_mắt:8 :le_lưỡi_nhắm_mắt:9
456,sau bao_nhiêu sự dũng_cảm và sự động_viên của thằng bạn thì tôi cũng đã nghe bản_nhạc này = ) ) ) )
457,Hay kinh_điển. Hay tiêu_tan lịch_sử: 3 Cố lên sếp: 3
458,"Tôi biết là Tùng có nhiều anti fan lắm, cộng thêm nhiêu scandal nữa nên mới nhiều người không thích Tùng. Nhưng theo cá_nhân tôi thì vẫn ủng_hộ anh ấy vì có ai mà hoàn_hảo chứ."
459,cảm_ơn anh vì đã sáng_tác bài hát này. bật lên mà tôi đuổi hết được chuột gián bọ :trái_tim_đỏ:
460,"Vui quá mọi người ơi mv ctkttvn của Tùng vừa được vinh_danh bên hàn_quốc đó, tự_hào quá_chừng luôn."
461,xem bình_luận của bọn anti mà buồn_cười quá. công_nhận cuộc_sống như_vậy nó mới vui
462,bài đã chưa lành cho đôi tay bị tật của tôi vì tôi đã phải dùng tay tắt no đi
463,"Bài hát quá hay nhé Tùng cảm_xúc quá hay, hình_ảnh đẹp quá ấn_tượng và sâu_sắc: )"
464,"Trời.... nhạc gì của bà chi ra hay quá, nghe đi nghe lại quài không chán, mấy người nào mà không thích nghe mà bấm vô cũng tăng 1 lượt lượt xem nữa á, cám_ơn mấy người ghét bả mà bấm vô nghe nhé"
465,Nghe chay ngay đi moi thay bài này vân con hay.. nghe mà rót vô tay từng chữ.. con chay ngay đi như bi tra tân_lô tay ây
466,Gạo bạc không có tuổi với tôi Nếu gao bạc không sợ Thì ngon solo phi phai 1v1 :đeo_kính_mát: :đeo_kính_mát: :đeo_kính_mát: :đeo_kính_mát: :đeo_kính_mát: :đeo_kính_mát: :đeo_kính_mát: :đeo_kính_mát: :đeo_kính_mát:
467,"Chúng_ta không luộc được rau, chúng_ta không luộc được rau.... Nghe nhàm vãi shit: vậy"
468,thằng bạn em ngồi xe_lăn nghe bài anh nó phải đứng dậy mà tắt nhạc cảm_ơn anh nhiều 3 >
469,còn ai vẫn bánh_cuốn hình_tượng này không nhỉ
470,Ước gì chú Nguyễn_Đình_Vũ được đẹp_trai như ANH tùng thì phải tốt không
471,hic sao mà cứ spam nhau vậy mất hết thể_diện nhục nhục quá_khổ việt_nam quá
472,Pickleball bình_thường: đây chỉ là 1 môn thể_thao Pickleball made by anh Đỗ: thảm_hoạ thế_giới
473,tôi xin được phép cân all lũ sky ' ss được không nhỉ???
474,"mình thấy bài này hay mà = ) ) chỉ là hát còn hơi kém, nhưng so với những bài trước thì cũng có tiến_bộ hơn. Cơ_mà chắc phải đợi live mới biết có tiến_bộ thật hay không: ) ) được cái lần này đội_ngũ makeup được quá chứ, makeup đoạn cuối đẹp khủng_khiếp ; w ; Chipu makeup kiểu này hợp hơn là makeup teen teen"
475,Chi_Pu nên bắt_đầu 1 bản ballad buồn có_lẽ sẽ đi vào tim người nghe hơn
476,Lượt thích đang tăng trở_lại kaka. Nghe nhiều là nghiện đó mấy mẹ :trái_tim_đỏ:
477,"1: 27 biểu_cảm không chê đi đâu được, cố lên tùn ơi,"
478,Nghe xong tha đi nghe nhạc chế còn hơn. Nhàm_chán. Giọng hát tạo cảm_giác ghê roẹn cho người nghe. Mong đừng ra MV ghê_rợn như_vậy nữa.
479,chung ta không thuoc ve nhau noi di noi lai ca tram nan @ @
480,Thành_tích lớn nhất đời người không phải thành_công từ hai_bàn_tay_trắng... mà là nghe hết cái thảm_hoạ âm_nhạc này bản remix 1h :say:
481,"Có ai sau khi nghe siêu Shayda "" rap "" rồi vào đây xin_lỗi anh Quí không ạ?"
482,giọng chị hay mà s ai cũng ns không hay vậy??? Chị cố_gắng lên nhé chị
483,kệ cha bây. tôi chỉ thấy hay. tôi nghe. còn bây rảnh cứ sủa. tôi không phải la sky. nhưng ngứa_mắt với lũ rác rưỡi.
484,oh my gút hay chất_ngất người lun thích mv của chị chi pu quá
485,mv hay quá thích thích. nên ra nhiều mv mang tính gây nghiện này nhiều hơn_nữa
486,"Mình rất ủng_hộ ý_kiến của thuỳ minh, biết_đâu bạn ấy lại có cái duyên với nghề thì sao, dù_sao thì đàm vĩnh_hưng cũng đã có một thời bị chê là không bao_giờ làm được ca_sĩ mà, với cả bà hari won mà chả hát chả ra gì. ai biết tương_lai thế_nào đâu. Vì_thế nên_chi cố lên nhé, mong chi có_thể thay_đổi cái nhìn của mọi người."
487,tôi cũng lậy bà bà ngồi ngay_ngắn thẳng_thắn tôi vái bà bố vái hát nhạc_sống hà_tây hay nhạc đám_cưới thỳ rất fire
488,"Sao thấy nhiều người chê quá vậy. Mình thấy hay mà, nhạc cũng cuốn_hút, giọng của Chi_Pu cũng không phải quá dở. Dù_sao đây cũng là sản_phẩm đầu_tiên, không nên quá khắt_khe như_vậy."
489,trời_ơi ôg tùg sao càg ngày càg đz và hát vậy trời. huhu.
490,"Bỏ_qua việc có dont talk any more hay không, MÀY thật_sự không_thể xem tiếp được với biểu_cảm của cậu này, giả giả, không tới đâu hết."
491,hay quá sếp ơi bài này nghe mãi không chán bài này không giống we don talk anymore đâu còn hay hơn nhiều nữa :cười_đỏ_má:
492,169k không thích toàn những đứa ganh tỵ và phu nhận sự thành_công của người khác.... Hè hè
493,Chị hát hay quá. Em cảm_thấy bối_rối quá. Ahihi.
494,Coi bài này có ai hiểu được cốt_truyện không?
495,mình không hỉu lắm về MV này ai dịch hộ mình với
496,"vầng mấy p anti rất đúng. chúng_tôi sai, chúng_tôi trẻ trâu. :cười_đỏ_má: :cười_đỏ_má: :cười_đỏ_má: Do ai Trách ai bây gìơ đây Chúng_ta không thuộc về nhau Năng lựơng bầu_trời biên hình"
497,Bài hát tệ quá. Được mỗi hình_ảnh vớt_vát lại
498,Lý_do bạn không thích bài hát là gì????? Nghiện rồi còn ngại.
499,Rất thích Trang_Pháp nhưng vì Chi_Pu mà tôi quá thất_vọng
500,nhìn sky nhiều khi tưởng GD hay TÔI. KHÔNG. P. nhưng vẫn thích sky
501,Thích 8K Dílike 4k Gắng mà vượt Link_Kak đi
502,Diễn nhìn không được tự_nhiên về giọng hát thì không có gì đặc_biệt... chúc chị sẽ ra được nhiều sản_phẩm tốt hơn_nữa :cười_dịu_dàng: ️
503,mou nguoi dug ua theo phong trao ma che chi pu du zay. bai hat rat hay rat dep tou xem ca chuc con chua chan
504,"Thấy mọi người nói về st nhiều quá. Không phải fan nhưng hầu_như mình luôn nghe nhạc của cậu ta, phải nói là rất hay. không cần biết là ntn, chỉ cần có bản_nhạc hay là ok. thanks"
505,Sơn_Tùng_MÀY - TPuth. Sơn_Tường_MÀY - TP. Sơn_Tùng_Mượn_Tác Phẩm_Quẩy ' ss lên ' ss sky ' ss ơi ' ss
506,tuyệt_vời quá hy_vọng cuối ngày được 3tr lượt xem < 3
507,không phải anti cug không phải fan: mv nhạc mà như phim kinh_dị = ) ) đề_cử mv kinh_dị nhất việt_nam = ) )
508,"Vừa làm gaming vừa làm rapper hay sao ý, chuyên_nghiệp ghê ấy"
509,Chị ơi cho_dù ai nói gì cũng kệ họ Chị hát hay cũng có khuyết_điểm Chả ai hoàn_hảo cả chắc_chắn trong tương lại chị sẽ thành côg Cố lên :trái_tim_đỏ: ️ :trái_tim_đỏ: ️ :trái_tim_đỏ: ️
510,TÍNH RA HERO HÁT CÓ TÔNG ĐỈNH HƠN NHIỀU :rock:
511,đúng là bài hát quá dở. nhưng vẫn cảm_thông vì cô này không có scandal.
512,Tại s vậy chứ Pu hát hay vậy_mà 255N người không thích video của Pu s lạ vậy :kiên_nhẫn: :kiên_nhẫn: :kiên_nhẫn: nhg em sẽ ủng_hộ cho Pu ( chị Pu cố lên ) :cười_toe_toét: :cười_toe_toét: :cười_toe_toét: :cười_toe_toét: :cười_toe_toét: :cười_toe_toét: :hôn_gió: :kiên_nhẫn:0
513,Nhạc hay giốg với tên tối vậy Nguyễn_Viết_Huy đẹp zai: vậy
514,"Thời_buổi bây_giờ chỉ cần đẹp là nổi_tiếng, tài_năng không là cái qq gì hết, mình thật_sự không hiểu ngoài chụp hình ra thì tài_năng của Chipu là gì, cô ấy đã làm được gì mà mọi người hâm_mộ thế ngoài trừ đẹp ra."
515,"Cảm_ơn Đỗ_Phú_Quí rất nhiều! Nhờ có bài hát của anh, con của tôi đã có_thể ăn nhanh hơn qua lời doạ bật PickleBall của bạn để nghe :thích: :thích:. Nhờ vậy con tôi không_những ăn nhanh hơn, mà_còn ngoan hơn. Đa_tạ cảm_ơn rất nhiều"
516,ST ơi đừng có học theo phong_cách của DG được Không_Vip Không thích đâu
517,"đang tắc khúc ruột may quá lướt phải, lòi tòi phòi luôn"
518,uầy Cô Ngân với mèo Simmy rap hay thật đấy. còn timmy với kammui rap giọng gắt nó ms hay làm_sao
519,MV đẹp bắt_mắt. Nhạc hay nhưng lời tệ quá
520,Mình không phảu là fan của chi.. nhưng hay theo giõi chị ấy. Nhưng chi làm ca_sĩ koa đụng_chạm gì tới tổ_tiên mấy bạn đâu. Mà mấy bố mấy mẹ nhãm nhãm hoá vậy
521,Cũng không tệ đâu chị: ) khởi_đầu như này là thành_công rồi: ) ) cố_gắng phát_huy ạ
522,Bài này phải đặt tên là.. Chúng_ta không nói_chuyện với nhau nữa.. :cười_dịu_dàng: ️
523,Cám_ơn 1 bài hát tuyệt cà là vời Hôm_qua mình bị táo_bón ngồi tolet rặn mãi không được :khóc: Cái mình lấy điện_thoại ra mở bài hát này lên nghe được nửa bài thì hiệu_quả bất_ngờ không_tưởng. mình đang tôi bón cái tự_nhiên ỉa_chảy luôn thật là thần_kì.
524,KHÔNG thích thì thôi làm gì mà chỉ chích người ta dữ vậy
525,Sao minh mun nghe bai nay hoai van không chan
526,Happy_Birthday_CHÚNG_TA KHÔNG THUỘC VỀ NHAU de de
527,Vãi nghe bài nhạc này cái người chết thành người sống
528,"Sau khi nghe bài này thằng bạn bị bại_liệt bẩm_sinh đứng dậy tắt nhạc cám_ơn chị mèo simmy đã chữa khỏi căn_bệnh quái_ác của thằng bạn em, chân_thành cảm_ơn chị rất nhiều. :trái_tim_đập: :trái_tim_đập: :trái_tim_đập: :trái_tim_đập: :trái_tim_đập: :trái_tim_đập: :trái_tim_đập: :trái_tim_đập: :trái_tim_đập: :trái_tim_đập:. yêu HERO team"
529,Xin_lỗi nhưng giọng chị chưa đến mức làm ca_sĩ đâu. Đừng lấn_sân please hãy làm diễn_viên thôi chị nhé
530,"Chúng_ta không luộc được nhau Chúng_ta không nợ tiền nhau Chúng_ta không luộc được rau EM hãy cứ đi, phun thuốc, trừ sâu ầu Giấc mơ ta đi luộc rau Trái_tim không luộc được đâu Xoá đi, những gì thuộc về rau ANH lỡ xoá luôn trái_tim, và rau rồi Chúng_ta không thuộc về nhau Chúng_ta không thuộc về Chúng_ta không thuộc về nhau Chúng_ta không thuộc về.. Chúng_ta không kịp về, đâuuuu KHÔNG Kip luộc rau KHÔNG kịp về đâuu ô trễ rồi ô ôi.... = ) ) ) )"
531,"Thật cảm_ơn fai fai vì bạn tôi đang trong hòm bỗng nhưng nhạc được bật lên, bạn tôi bỗng_dưng bật dậy tìm thằng bật, thật cảm_ơn fai fai"
532,Đoạn đầu_tiên nghe giống đặc we don ' tôi talk anymore
533,bài này phải vượt mặt vợ người ta mới được
534,hôm_qua mới 1 triệu hôm_nay đã lên 4 triệu rưỡi lượt xem rồi
535,Em thích hero em gét zêro em gét cô ngân nhất: ): (!!!!
536,"Hay thật thì cứ nhận đi. Ghen_tị linh_tinh. Không hot mà 4,, 5 trieu luot lượt xem mới hơn 1 ngay à :suy_nghĩ: :suy_nghĩ: :suy_nghĩ: :suy_nghĩ: :suy_nghĩ: :suy_nghĩ:"
537,"Ai chọn tóp cô ngân dơ tay, tóp 2 tôi không bao_giờ chọn"
538,bài hát này đã khiến các bệnh_nhân của tôi được chữa khỏi khi nghe bài này rất cảm_ơn bạn :trái_tim_đỏ: :trái_tim_đỏ: :trái_tim_đỏ:
539,Cảm_ơn bạn tác_giả nhé nhờ bài hát này nó đã giúp mình từ lãng tai sang bị điếc cmnr :trái_tim_đỏ:
540,"ĐỜ MỜ tôi thề bọn không thích có 3 loại: - gặp cái đéo gì cũng không thích - chúng_nó không hâm_mộ Chipu và nghe thấy nhảm, hùa theo bọn khác nói_xấu không thích theo - cái cuối là đúng cmnđ: fan Hương_Tràm vào không thích, nhưng cái gì có qua cũng có lại, cứ dis nh vào, nó lại tăng lượt xem"
541,không thích hay thích cũng được nhug miễn_là nghe hết nhé: vậy
542,TÔI không ghet Chipu nhưng công_nhận hát như cờ cờ = ) ) )
543,vãi cả lúa xoá cmt chê thì bố mày cũng đến quỳ.... sống thực_tế hơn đi bạn trẻ à
544,Hoà_âm phối_khí bài này là của Tripple_D có trách thì trách ổng sao trách ST: ) Ngộ thật?
545,tôi thấy cái câu chúng_ta không thuộc về nhau kiểu chiếm 70 % bài hơi thất_vọng
546,"MV hát thế_này thì ngoài live nghe chắc không_thể ổn được. Bản_thân mày thấy chipu hợp làm_gương mặt quảng_cáo chứ MC, diễn_viên và hát đều không ổn"
547,"Không biết mọi người thấy tnao nhưng_mà mình thấy hay mà, càng nghe càng thích luôn ấy :trái_tim_đỏ: ️"
548,"Cố_gắng đạt kỉ_lục nhiều người xem hơn mv em của ngày hôm_qua đi, Sky"
549,sao toan binh luan nuoc ngoai the nay sếp quá nổi_tiếng rồi sao?
550,Bài của Jack với SonTung cong hay hơn cái này nhiều
551,ANH da rat thanh cong trong linh vuc cosplay :cười_ra_nước_mắt:
552,Các ô cứ chê dở mà 2 tuần 1. 8M lượt xem kìa: ) ) ) ) ) ) ) )
553,Theo ý_kiến của em thì chị Chi hát cũng hay nhưng hầu_như không có chất riêng trong giọng hát của chị: vậy Nên giọng chị không được nổi_bật và khó có_thể nhận ra là giọng hát của ca_sĩ nào ạ: vậy
554,Không thích nhiều hơn cả thích thế_này mà vẫn lầy làm tiếp mv à
555,Trong Miền Nam chả ai ăn cái thứ này cả :cười_ra_nước_mắt:
556,Sữa_chua nhà làm ngon như nhà làm nhé mấy bợn: vậy
557,"siêu sán biến_hình, bất_cứ cái gì mới mà ra là tùng ' s biến_hình được hết, nếu muốn biết sán biến_hình là gì thì tìm quyến sinh_học c2 hoặc lên bác Google nhờ giúp :cười_đỏ_má:"
558,mấy fan nước_ngoài bu vào đây và không thích cũng nhìu ha: vậy tội sơn tùng mua thùng mua tivi vãi cả lúa: ) )
559,Cmt chê là bị xoá hết: ) ca_sĩ gì lạ vậy? Ít_ra cũng phải lắng_nghe chê gì để sửa chứ? Đằng này lại đi xoá: ) ) )
560,Mv đầu_tư đẹp... nhưng chỉ mõi giọng thôi
561,GD cũng đã từng bị như Tùng núi. Oppa của tôi còn rớt nước_mắt... cay_đắng hơn ST gấp nhiều lần và hiện_tại... tai_tiếng chỉ là quá_khứ và tài_năng sẽ khẳng_định chính mình. Sao có_thể đẩy những nhân_tài như_vậy xuống bùn lậy được chứ Cả đất_nước Việt_Nam này hỏi xem có mấy_ai tài_năng như ST. Cứ độc_đoán như mấy bác anti thì bao_giờ đất_nước ta mới thay_đổi được đâg http: / / mày. blogtamsu. việt_nam / 21 - tuoi - gì - dragon - da - bi - beu - reu - ngoai - duong - va - ep - tu - tu. html
562,Ai cho cải chị mèo simmy Cấm nhé cô ngân
563,"Bài hát hay nhưng MV vẫn còn nhiều chỗ kì_lạ, xem chưa đã mắt"
564,chưa bao_giờ thấy học thành ca_sĩ lại dễ đến thế: ) ) ) ) ) ) ) ) ) ) ) ) ) ) ) ) ) ) ) )
565,Đừng nghĩ Sơn_Tùng không dám Sơn_Tường nhé hihi
566,"sếp ơi! s sky thý sếp xăm cái hình ở cỗ nhìn kì kì s ý, âm_nhạc nghe rất hay."
567,chị ý hát hay mà sao mọi người lại không thick vậy
568,cái đoạn rap giống đoạn rap của Rap_Monster trong Fire ghê
569,"thấy trên mạng mọi người ném đá dữ lắm. nhưng mình nghe thấy giai_điệu, lời bài hát cũng hay đấy chứ?: D"
570,chuyện hát dở là chuyện bìh thườg vì có ai mà lần đầu_tiên đi hát hay ra mv hay đâu có dở ms có hay chớ
571,chưa bao_giờ thấy 1 MV VIỆT_NAM tăng lượt xem nhanh như_vậy
572,"thấy giọng cũng được mà..!! chả qua bài hát hơi bị "" trớt quớt "" thôi."
573,há há hơn 100 triệu lượt xem rồi ước_mơ của Sky thành_công rồi
574,"chị cố lên nhé, dù không phải fan của chị nhưng mong chị thành_công khi trở_thành một ca_sĩ"
575,"ae biết sơn tùng mtp là gì không?, là sơn tùng mặt toàn phân đấy: ) )"
576,siro anh rap như_thế quá hay cho anh siro một chàng vỗ :vỗ_tay: :vỗ_tay: :vỗ_tay: :vỗ_tay: :vỗ_tay: :vỗ_tay: :vỗ_tay: :vỗ_tay: :vỗ_tay: :vỗ_tay: :vỗ_tay:0 :vỗ_tay:1 :vỗ_tay:2 :vỗ_tay:3 :vỗ_tay:4 :vỗ_tay:5 :vỗ_tay:6 :vỗ_tay:7 :vỗ_tay:8 :vỗ_tay:9 :vỗ_tay:0 :vỗ_tay:1 :vỗ_tay:2 :vỗ_tay:3 :vỗ_tay:4 :vỗ_tay:5 :vỗ_tay:6 :vỗ_tay:7 :vỗ_tay:8 :vỗ_tay:9 :vỗ_tay:0 :vỗ_tay:1 :vỗ_tay:2 :vỗ_tay:3
577,60. 045. 715 một con_số ấn_tượng. cố lên ca nhé!
578,"Hay mà sao cứ chê nhỉ, Hay hơn Hari_Won gì gì đó 1000 lần,,,, nghe đi nghe lại @ @"
579,Mở bán tầng 7 & tầng 15 Furama_Condotel Đà_Nẵng ( Ariyana_Beach_Resort & Suite ) Gọi ngay: 086 811 18 39 Tầng 7 giá tốt nhất từ tầng 3 đến tầng 8 Chiết_khấu từ 4 % đến 6 % Thích_FanPage để biết thêm chi_tiết: https: / / www. facebook. com / batdongsandanangtop1 /
580,Khả_năng chi pu hợp với điện_ảnh hơn là âm_nhạc
581,anh ro rap mình nghe được mà mình không rap được
582,Fan_Andree_Right_Hands chúc chế Tùng thành_công: )
583,"hát như hồ ngọc hà còn làm ca_sĩ được, chi pu hát ổn quá đi ấy chứ :cười_ra_nước_mắt: :cười_ra_nước_mắt: :cười_ra_nước_mắt:"
584,chi simmy ráp hơi trầm khác với bài khác dễ_thương cute :khóc: :khóc: :khóc: :khóc: :khóc: :khóc: :khóc: :khóc: :khóc: :khóc:
585,Đéo thể tin được là mình có_thể nghe được đến 2: 22 để cố tìm ra cái hay của mv này nhưng mình nghĩ là mình bất_lực hiểu hiểu
586,"Top những hình_phạt nặng nhất dành cho tù_nhân: Án tử_hình, Chung_thân :dấu_x: Nghe Pickleball :dấu_tích_xanh:"
587,Nghe Phong với Gao_Bạc như đang nói LGBT không ra gì í :mặt_bình_thường:
588,KHÔNG la fan cung chang phai anti hay thi nghe. ke me ai noi gi. S cu phai làm kho nhau the nhi? không thích thi dung xem. phán nhu đúng rồi
589,suốt ngày fam vơi anti fan bộ nghe nhạc không thì chết à mình là mình chỉ thích nghe nhạc thôi không phải fan cũng chả phải anti
590,Sơn_Tùng rất đặc_biệt. Thực_sự chưa người Việt_Nam làm được điều này. Đó chính là những bản phối trong bài hát. Thực_sự phần phối đã tạo nên cái hay trong những bài hát của anh. MÀY không phải Sky nhá
591,đọc com mấy chế mà sặc cơm: vậy giải_trí oách xà_lách
592,em của ngày hôm_qua một năm mới được 40 triệu lượt xem. bài này chỉ cần hai tuần
593,Tôi bị mọi người xa_lánh chỉ vì tò_mò nhấp vào bài này :khóc:
594,"chả biết các bạn nghe ntn nhưng mình thấy hay, cứ nhạc sôi_động mình thích rồi, bạn chipu hát khá ỏn đó chứ, bạn ấy bằng tuổi mình mà bạn ấy tài_năng, tất_nhiên là mình ủng_hộ rồi, cố lên chi pu"
595,Mv ctktvn đã đạt mốc 90 triệu sau 5 tháng 1 ngày 21 tiếng
596,Cảm_ơn anti - fan đã giúp ST nổi_tiếng: ) ) )
597,80. 328. 533 lượt lượt xem oy cài lượt xem giúp sếp ik mình cày mệt quá oy
598,"vãi cả: "" Kìa_Phong! đã không muốn hiện lên thấy Phong lại thân_mến hiện luôn. """
599,chị cứ làm mv nhìu vô em lun ủng_hộ làm gì rui cũng sẽ tiến_bộ thok
600,"Đọc kinh kiểu 2021 hả, đéo hiểu hay kiểu gì"
601,Nội_dung MV: Một thanh_niên chế_tạo búp_bê tình_dục nhưng bất_thành = ) ) ) ) ~
602,Giọng anh phong ai dám đụng tới sammy nói quá ngầu bởi_vậy tôi thích cặp đôi này ghê trai xinh gái đẹp
603,"ua thay hay ma, nghe nhieu thay cung hay ma s nhieu nguoi che vậy: ) ) )"
604,"Có ai nghe bài Monologue chưa, đùa chứ Nắng_Ấm_Xa_Dần giống bài đó lắm luôn"
605,Trước khi nói phải suy_nghĩ kỉ hỡi những tay nhanh hơn não.. MV của Chi rất đầu_tư bỏ xa các MV thời_điểm hiện_tại ở đây mình thấy được sự_cố gắng rất nhiều của chị.. còn giọng hát có_thể cãi thiện dần. thì mọi người cứ góp_ý nhưng lịch_sự tý.. không thích phong_trào vui nhỉ? Em vẫn rất quý Chi nhé.. cố lên chị ơi.. còn nữa chuyện Chị Tràm lên_tiếng chưa chắc nhé.. mọi người đừng ăn_nói lung_tung rồi huỷ_hoại idol tôi.
606,ớ khúc rap của bài fire zs nón của kwang sú
607,Mình rất thích chất giọng Bắc của Sơn_Tùng < 3 thật_sự rất ấm_áp
608,"Từ hôm_nay em sẽ chẳng mong_chờ những vấn_vương xa "" mợ "" Em vẫn sẽ hững "" hợ "" This is what I feel thích Cuộc_sống hôm_nay em sẽ luôn mỉm "" cượi "" Hạnh_phúc vẫn tuyệt "" vợi "" This is what I feel thích"
609,"phối nhạc tạm đươc, mv đẹp_mắt nhưng giọng không đủ để làm ca_sĩ nhiều lúc giọng không lên cao được mình nghĩ chi pu nên dừng hát lai"
610,"nghe cuốn mà ae, beat hay mà, nếu_mà nghe bài này bằng lời tiếng anh thì chả chê được, bên mẽo họ làm lời bài hát kiểu này đầy thì khen râm mận các kiểu, việt_nam làm thì bảo hiếp_dâm lỗ tai với quấy_rối = ) ) ) khó hiểu thật_sự"
611,mình hỏi hơi xúc_phạm tại_sao bài này mọi người thấy hay vậy
612,"từ "" SHH! Chỉ ta biết thôi "" quay lại xem "" Từ hôm_nay """
613,# Chúngtakhôngthuộcvềnhau được phát tại SEAGAME 29 đấy mọi người ơi... Mong Sp mới của Tùng sẽ được luôn ^ 2 được mọi người ủng_hộ thật nhiều nhé
614,"Mỗi người có 1 cách cảm_nhận riêng, đói với riêng mình thì lại thấy hay"
615,"nể mấy bạn fan vào cmt "" chị hát hay lắm "",... wtf men!!!! chúng_mày bị điếc cả rồi à??? tôi không phải fan của Tràm nhưng tôi thấy Tràm nói rất đúng! Hát như đấm vào tai khán_giả mà cũng nhận là ca_sĩ. Can_đảm thật. 1 :không_thích: dành cho CP"
616,"Lượng không thích quá khủng, và trong đó có mình. = ) )"
617,Tôi truyền đời báo kiếp thằng TUNO rất có nghị_lực sáng_tác ra bài này....
618,nghj ma mac cuoi.... da noi không thjk noi dao nhac noi giog nay giog kia ma cu vao xem.... neu da không thjk thj next co gì phai the... minh chu yeu nhac hay nghe la được
619,Chúng_Ta Không_Thuộc_Về_Nhau means we dont belong together.. search it up
620,"oh oh oh lúc đầu mới nghe tưởng tiếng gà gáy!! nhạc nghe cũng được, bạn nào không thích thì đừng xem, không nên vùi_dập Chipu như_vậy."
621,do tùng nổi quá nên cái chi ra cũng bị soi tội tùng quá...... :đeo_khẩu_trang: :đeo_khẩu_trang: :đeo_khẩu_trang: :đeo_khẩu_trang:
622,"bài hát hay quá, không biết vì sao bọn anti fan muốn nghe mà cứ tỏ_vẻ kinh ghét. không thích thì thôi."
623,phần chú_thích chỉ toàn người hàn_quốc không nhỉ???
624,"Hãy cứ nghĩ đây là một bản cover nhạc... ở đâu_đó và lời việt, hình ở đâu_đó nhưng mặt của sơn tùng đi! Giống hồi nhạc hoa lời việt thần_thánh của đan trường cách đây 15 ý! :cười_ra_nước_mắt: :cười_ra_nước_mắt: :cười_ra_nước_mắt: :cười_ra_nước_mắt: :cười_ra_nước_mắt:"
625,Bạn đi từ trong ruột_già ổng ra hả??? sao biết ổng méo thèm kiện
626,Mấy thánh có vào không thích thì nhớ tắt tiếng :cười_ra_nước_mắt: :cười_ra_nước_mắt: :cười_ra_nước_mắt:
627,Đờ mờ lại còn hold up kiểu Binz nữa thì bố mày quỳ = ) ) ) ) ) )
628,"kệ anti, Yêu_SẾP yêu all sản_phẩm âm_nhạc của sếp < 3"
629,"Hôm_qua: "" Chúng_ta không thuộc về nhau "" - We don ' tôi talk any more Hôm_nay: "" Chúng_ta không thuộc về nhau "" - We don ' tôi belong together: ) )"
630,gọi là thử_thách để mở_mang bản_thân thì tán_thành.. không gì gọi là hay cả
631,"Tôi thấy nếu mình thả_lỏng, tiếp_nhận nó thì khá hay, vì 1 phần nó dăm = ) ) ) tôi oke với nó"
632,Đúng như em nói chị simmy vừa xinh vừa ngầu mlem mlem :chảy_dãi: :chảy_dãi: :chảy_dãi:
633,nó ra gần như cùng lúc với MV của CHỊ. P. wtf. cps 1 sự sắp_đặt không hề nhẹ. tôi không muốn anti nhưng đọc báo với cmt thì tôi thấy hơi ngứa ngứa mày rồi tùng núi
634,bọn aniti nghe đây.. bài nhạc hay_là do mỗi người nghe và đánh_giá.. tụi bây cv thích không thích tự tụi bây quết định.. vậy thôi :thích: :thèm_ăn: :giơ_tay: đừng ném đá em
635,"nhạc này có hay không. Có điểm_danh, qua tôi sur nhé."
636,Lượt xem toàn của anti nó soi: ) ) ) ) mà sky nó tự_hào ghe gớm: ) ) ) ) ) sa_mạc lời
637,Gỡ mẹ mày cái bài hát này đi vừa xấu vừa hát như các chí sáng_tác kém
638,Chị chipu mua dep ma con hat tot nhung em chi thich doan không ó không :cười_đỏ_má:
639,"Chi pu đã rất cố_gắng mà, mình thích vì chipu thực_sự nghiêm_túc, cảm_ơn chipu, mv rất đẹp"
640,Em bị_thương mà nghe cái này xong thì em có_thể cầm búa được rồi và cảm_ơn bài hát này giờ em phải tìm con bạn em đập nó vì nó làm em bị_thương
641,nếu cán mốc 100. 000. 000 wiew không biết sẽ ntn ta. chắc nổi trên truyền_thông lắm hak. lần đâu MV việt_nam cán mốc 100. 000. 000 mak Ráng nghe mới được. ráng kéo lên đi Sky
642,VIỆT_NAM cần có nhiều ca_nhạc_sĩ như Sơn_Tùng. ST đúng là thiên_tài âm_nhạc
643,Tôi rất thích mèo simmy ráp vì tôi là fan chị simmy
644,"quá hay, tuy không phải fan Mtp nhưng nghe nhạc rất thấm"
645,30 / 5 / 2018 nghe lại ai như tồi không lâu quá mới xem_lại bài này á hihi
646,"đọc mấy cái comt "" không phải anti, không phải sky "" mà chán, anh dua theo nhau, đú_đởn cùng nhau nghĩ thế_là hay :mặt_ranh_mãnh:"
647,"tôi nghe khúc đầu hơi giống we don ' tôi.. khúc rap thỳ tôi là fan bts nên khỏi nói luôn, nghe đúng câu_đầu là biết luôn"
648,Xem Nghe ca tram lan không thay chán: ) @ @ mv dep nhac hay :ok:
649,Em thấy chị Sammy sinh nhất đấy Dễ_thương nhất đấy
650,Nếu mở bài này trong đám_tang thì mọi người sẽ ghen_tị người ở bên trong quan_tài
651,Chưa được 1 ngày: hơn 1tr views yeahhhh cứ tiếp_tục chắc_chắn lặp kỉ_lục
652,có nhà_khoa_học nào có_thể cho bộ_não của anh - sờ - tanh nghe bài này có_khi bộ_não ấy lại mọc ra_tay chân để tắt bài này. vậy là người đó sẽ được coi vị anh_hùng của nhân_loại
653,"Sao không đặt là "" Chúng_ta không nói_chuyện với nhau nữa "": -?"
654,"rất hay nhé, coi lần đầu toàn chú_ý cảnh mv, nge lần 2 thì nge nhạc, hay lắm"
655,Đờ mờ chê thì đừng coii để ngta coi chứ đừng ở đo mà cmt chê sếp không biết ca_sĩ mày hâm_mộ được như ngta không mà không thích lũ cô_hồn
656,tôi nghe đã nghe hết bài hát mặc_dù tôi không bật loa
657,Mới xem bài mới giờ Có ai xem_lại như tôi không
658,"chị simmy dễ_thương kinh, dễ_thương hơn cả bé cam :cười_với_trái_tim: :cười_với_trái_tim: :cười_với_trái_tim: :cười_với_trái_tim: :cười_với_trái_tim: :cười_với_trái_tim: :cười_với_trái_tim: :mắt_trái_tim: :mắt_trái_tim: :mắt_trái_tim: :cười_với_trái_tim:0 :cười_với_trái_tim:1 :cười_với_trái_tim:2 :cười_với_trái_tim:3 :cười_với_trái_tim:4 :cười_với_trái_tim:5 :cười_với_trái_tim:6 :cười_với_trái_tim:7 :cười_với_trái_tim:8"
659,toàn ăn_cắp bảng quyền mày tưởng ăn cấp bản_quyền người nước_ngoài là không ai biết hả ca_sĩ như cl người ta toàn dân ăn cấp bản_quyền
660,Bài này rất hay và catchy. Cảm_nhận của một người điếc chia_sẻ :trái_tim_vỡ: :trái_tim_vỡ:
661,"ầy: / thà nghe nhạc sơn tùng, jack, nhjac nhật, trung anh còn hay hơn nghe cái này"
662,Sau khi nghe xong bài này tôi đã giác_ngộ ảo thật
663,"Tôi không chúc anh thành_công vì tôi không có khái_niệm về hai chữ "" thành_công "", chỉ chúc anh hạnh_phúc và hài_lòng với những điều anh đã, đang và sẽ có. Tùng ơi Sky và tôi luôn ở cạnh anh, không hứa trước được điều gì nhưng chỉ cần Sơn_Tùng_MÀY - TP còn đứng trên sân_khấu thì chúng_tôi luôn bảo_vệ anh. Cố lên chàng trai!!!!"
664,"đây chỉ là bước khởi_đầu, ai cũng có bước khởi_đầu không tốt mà, hãy tiếp_tục cố gắn chi nhé, cứ mặc_kệ họ nói gì, cố gắn hoàn_thiện hơn là được, hãy chấp_nhận những lời góp_ý chân_thành của mọi người và thay_đổi, 30 chưa phải là tết, đừng lo nhé, cố gắn lên"
665,Thực_sự nội_dung bài hát không ra gì và bả hát cũng quá dở
666,3 ngày 10tr lượt xem khủng nhất từ trước đến nay trong nhạc việt
667,cái xã_hội phức_tạp khó hiểu: vậy chơi_xấu nữa haha
668,rap giống fire của BTS quá. đoạn của rệp mông
669,"Bài của anh rất dở luôn, không ai thích hết. :cười_toe_toét: :cười_toe_toét: :tức_giận: :tức_giận: :tức_giận: :chửi_thề: :chửi_thề: :chửi_thề: :chửi_thề: :chửi_thề: :cười_toe_toét:0 :cười_toe_toét:1 :cười_toe_toét:2 :cười_toe_toét:3 :cười_toe_toét:4 :cười_toe_toét:5 :cười_toe_toét:6 :cười_toe_toét:7 :cười_toe_toét:8 :cười_toe_toét:9 :tức_giận:0 :tức_giận:1 :tức_giận:2 :tức_giận:3 :tức_giận:4 :tức_giận:5 :tức_giận:6"
670,"Nghe thì cũng không dở, mỗi_tội có_vẻ không được lòng dân_chúng thì phải?"
671,Đến cả một người thực_vật Liệt nửa chân còn phải đứng dậy để tắt nó đi :há_hốc:
672,lần đầu_tiên mình thấy trong 2 ngày có 9 triệu lượt xem của sơn tùng thế_này
673,Ụa cái khúc mà có cái vách ngăn á sao mà không đi qua chửi cho nó đã vậy: ) )
674,Hay lắm chị ơi!! Mặc người ta nói gì nhé chị cứ cố_gắng nhe chị :hoa_anh_đào:
675,Chi_Dân nổi từ bài xàm xí đú. 1 năm 4 mùa mata trí_nhớ 4 mùa. Rồi khi mày. người biết tới tên_tuổi. ANH ấy mới hat nhạc chất_lượng. Chipu chăc đi theo lôi này
676,"anh mặc_kệ những người không thích hay nói_xấu anh, chửi gì đó!!! EM VẪN LUN ỦNG_HỘ ANHHHHHHHH!!!!"
677,co ai đang kay lượt xem ( noi nay co anh _ lac troi ) roi kay lượt xem ( chung ta không thuoc ve nhau ) hong
678,Hát thì cũng không đến_nỗi nào. Nhưng_mà bài hát thì xàm vd @ @
679,Cần gì để_ý.... Cần gì đọc comment... Cứ_Phang thẳng nhạc và hình mà xem mà nghe... Chứ cứ tranh_cãi chả được gì.... Cmt lúc 10. 318. 034 lượt xem
680,hát cái loz què gì không nghe được chữ nào! giai_điệu ám_ảnh vãi cả lúa! đúng là bạn thân tiêu minh phụng! nhảm_nhí rác_rưởi như nhau!
681,we don ' tôi thuộc về nhau đây mà: ) ) ) có sub việt hay thế còn đòi gì nữa
682,Ai còn ngầu bằng chị mèo simmy nữa tiếng của chị cũng hay lắm
683,vậy ~ 34133122 lượt xem chắc Tùng đợt này phải cảm_ơn bọn anti rùi hehe
684,26 - 7 Sơn tùng đã có sản_phẩm còn bài we don ' tôi talk anymore tới 8 - 2 mới phát_hành mà! Tất_nhiên là 2 bài hoàn_toàn khác nhau
685,. Uả thấy cũng okkkk à có gì đâu mà phản_đối giữ vậy. Mà vừa làm diễn_viên với ca_sĩ là quyền ngta chứ không phải quyền của mình. ok
686,we don ' tôi talk anymore - > chung ta không thuộc về nhau = ) ) ) )
687,Anh Quý hãy bỏ_qua những Cmt tồi_tệ đó đi vì nhạc này nó còn tệ hơn
688,Lỡ test CD với AT rồi thì cũng_nên thử test nhạc_sĩ với ca_sĩ hát bài này luôn chứ hả :mặt_lộn_ngược:
689,"nếu bài này có lời bài hát khác, nhạc_sĩ khác, beat khác, thông_điệp khác, tiêu_đề khác, video khác, producer khác thì nó đã có_thể rất hay rồi :nói: :lửa: :lửa: :lửa:"
690,"Đừg wuan tam nkug gì ngt ns, sog đúg nkug gì mjk mun la ok hà ckj, em ủng_hộ......... co that bại ms co tkanh cog"
691,hôm_qua để_ý chênh_lệch thích với disslike là 50k. giờ đã 70k rồi. nhanh thật
692,xem may mv trc di. dau co nguoi nuoc ngoai vao xem hoac cmt. con mv nay noi tieng the gioi rồi.
693,"phong cận, siro, simmy, hà thảo ling, timmy, kairon sammy, cả hero tem :trái_tim_đỏ: :trái_tim_đỏ:"
694,"Beat bắt tai thế_mà lời bài hát nó fail vậy, hic: < cảm_giác chẳng liên_quan gì với beat cả."
695,- Thua_Sky chửi Hoài_Lâm không còn gì để nói đụng tới Sơn_Tùng phát thì thôi: vậy Tôi quỳ Sky
696,thôi tối nay lên yên_mỹ và khoái_châu xem chương_trình nhé bất_ngờ lắm đấy
697,vãi cả lúa 136k dis = ) ) ) tụi mày rớt não rồi à = ) )
698,"Mình không phải chuyên_gia trong việc phân_tích, nhưng sau khi xem bài hát này thì mình cũng không biết phân_tích thế_nào, vì ngay từ lúc đầu mình đã nói mình không phải chuyên_gia. Xin cảm_ơn.... Xem Thêm"
699,"chị chipu em không bt chị có đọc được không nhưng chị cố lên nhé mặc_kệ người ta nói gì em thương chị fan chị 2, 3 năm rùi á < 3"
700,Trrong mv cũng có cơm :chó: của sam và phong
701,"Chỉ đơn_giản hay thì nghe. Nhà phê_bình nghệ_thuật gì đâu mà thi nhau chê_bai, bình_phẩm này_nọ. Đáng buồn."
702,Cảm_ơn gà rán Bố toii đã đấm toii sau khi bít toii xem bài này
703,"Đâu có nghĩa mời nhạc_sĩ kpop là có_thể hợp thị_trường VIỆT_NAM đâu. Thế nên người ta mới chia vpop, kpop, vv...."
704,sao xem nãy_giờ mà lượt xem không tăng gì hết: (
705,Vì quay cái trái_đất hình_tròn mới bị không thích nhiều Thử quay trái_đất hình_vuông xem: ) ) chắc_chắn được trên 1 triệu thích :cơ:
706,dự 5 tháng sẽ là 100 trời views có ai đồng_ý với mình không?
707,MV mô_tả đúng cách mấy chị_em ra sân như con đuông dừa = ) )
708,Giá_như năm 2018 chị đéo ra MV thì vui biết_bao_nhiêu: ) ) ) ) )
709,Từ_từ cười cái :cười_ra_nước_mắt: hát được như người ta không mà mấy cha mấy mẹ chê người giữ vậy
710,Hay qquá chị uizzz Mặc_kệ miệg đời đi chị......
711,"Mấy thánh chê gì thì chê chứ riêng cái cách phối đồ trong MV này nhìn cực đẹp, phong_cách với chất nữa :trái_tim_đỏ: ️"
712,cố_gắng cày đi sky mang_tiếng sky mà chẳng ủng_hộ tùng chỉ cần 9tr sky xem là lên 9tr lượt xem rồi sky đâu hết rồi
713,"Nhớ ngày phát_hành MV, hôm đó đúng là 1 ngày dài. Vừa stream vừa chiến_đấu"
714,Obama còn khen Sơn_Tùng_MTP. khi được tổng_thống nước mĩ nhắc đến khen_ngợi ST Mà chúng_mày lấy đâu tư_cách phán sét xăm xoi hả. tốt nhất câm mồm đi. thị_phi ít thôi
715,Hay quá anh_son tung ạ chuc anh thang cong trong cong viec nhé
716,Cảm_ơn anh mà ông ngoại bị liệt nửa người của tôi phải đứng dậy để tắt nhạc. Xin chân_thành cảm_ơn!
717,"Dcm tôi chỉ vì tò_mò mà vào nghe chứ tôi đéo biết tlon này là ai, thấy hối_hận vcll dcm chả nhẽ không nghe nhạc việt nữa: ) ) ) ) đúng là dát vàng lỗ đéo * ttttt :mặt_trăng_tròn: :mặt_trăng_tròn:"
718,"Du the nao no cung la 1 tac pham nghe thuat rieng, s chang ton trong chut nao chu"
719,EM không ns ìh ngoài cái mắt_kính 03: 22 EM thấy nó giống giống đấy :cười_ra_nước_mắt: :cười_ra_nước_mắt: :cười_ra_nước_mắt: ( Coá lẽ Viaipi nhìn sẽ pik ): - ) )
720,không biết tại_sao cứ nghe we don ' tôi talk anymore lại lẩm_bẩm chúng_ta không thuộc về nhau!!
721,bạn tôi là một người thực_vật sau khi nghe bài hát này bạn tôi đã có_thể đứng lên và tắt nó
722,Mỗi người mỗi ý_kiến khác nhau.. theo mình thấy đời không ai hoàn_hảo cả. Vại nên ngưg chê_bai người khác i.. có hát được như ngta không mà chê? Bớt nhảm i ha :mặt_ranh_mãnh: Hát vại là hay rồi :ok: :thích: :cười_dịu_dàng:
723,Hero team đứa nào đụng vào là tôi cho mày chết hết
724,Phong_cách phải khác_biệt chứ. chứ không_lẽ 1 kiểu diễn quài thì ai coi tôi thích style của ảnh lắm
725,"Chăm_chỉ niệm Phật mỗi ngày niệm "" Nam_Mô ANH Di Đà_Phật "", Niệm càng nhiều càng tốt mỗi ngày niệm vài lần sống và làm theo lời Phật day, Sẽ bớt nghiệp, bớt bệnh_tật bớt tai_nạn trong cuộc_sống, Lời phật dạy xem trên youtube, google Ấn vào đọc thêm đọc câu niệm sau và làm theo để bớt nghiệp bớt tai_nạn trong cuộc_sống và có cuộc_sống tốt hơn. Hãy tin vào nhân_quả. "" Nam_Mô ANH Di Đà_Phật, Nam_Mô Bổn_Sư_Thích_Ca Mâu_Ni_Phật, Nam_Mô Quán_Thế_Âm_Bồ Tát. Từ xưa đến nay con đã tạo ra rất nhiều ác_nghiệp đều bởi muôn_thuở tham sân_si từ thân miệng ý mà phát_sinh, Từ nay con xin thành_tâm sám_hối. Xin hãy mở_đường chỉ lối cho con để con bớt tạo ác_nghiệp, Nếu con_tạo một ác_nghiệp hãy gieo duyên cho con_tạo ra ngày_càng nhiều điều tốt điều thiện, Con xin chân_thành cảm_ơn "", Hãy cố_gắng làm thật nhiều việc tốt việc thiện, sống bớt tham_lam, bớt đòi_hỏi. Không nên làm những việc sai_trái, từ_bỏ những thói_quen xấu như rượu_bia, chất kích_thích, sát_sinh, hại người mang lại lợi_ích cho bản_thân. vậy. vậy """
726,Sao không nhìn mặt tích_cực cua người ta ma độg viên. Ngta da cố gan roi. Cái gì cung cần phai có thời_gian. Đâu phải ai cung may_mắn lam 1 lan là sẽ thanh công. Sao cứ phải soi xet vạch_lá_tìm_sâu. Thừa_cơ hội ma nói đủ điều. KHÔNG phải fan nhưng thay không công pằg cho Chi
727,nguoi việt_nam tu diem nguoi việt_nam tôi cam thay dag log
728,Vậy là nhờ các bạn ném đá MV này đã có số lượt xem mơ_ước
729,"Cá_nhân mình thì thấy Chi hát không dở nhưng về phần diễn thì không đạt, cứ cảm_giác đơ đơ sao đó, kiểu như không có mấy cảm_xúc í"
730,Em thích hero team không thích team gao bạc đâu :thèm_ăn: :thèm_ăn: :thèm_ăn:
731,"có ai hóng bài mới không, chẳng_lẽ 1 cứ 1 năm ra 1 bài à?"
732,"Hát dở mà đua đoif làm ca_sĩ làm_chi không biết, cứ chupk hình và quảng_cáo thì hơn, đóng phim cũng dở, bảo muốn làm nghệ_sĩ đa_năng nhưng làm gì cũng không ra_hồn, tập_trung 1 vuệc thật tốt thì ổn hơn"
733,Vãi. Đọc báo mà vào coi thì mới biết là. MV hay phết. 1 thích cho chipu ra thêm MV nhé.
734,Chủ_tịch hội người điếc mù chúc sơn tùng thành_công
735,"2 / 8 - 22 / 8 ( 20 ngày ) 40 triệu lượt xem ( 2 trời lượt xem / ngày ). Đến ngày 22 / 9 / 2016 ( 30 ngày nữa ), sẽ được 100 triệu lượt xem?"
736,"Thằng Sơn_Tùng_Mượn_Tác Phẩm kia, dám xoá Cmt của tôi à!? >: ("
737,các hotgirl hot boy như ci pu với gin tuấn_kiệt thôi yên_phận làm diễn_viên đi. đừng sỉ_nhục nghề ca_sĩ nữa.
738,Snzz nhé anh chúc anh mãi_mãi thành_công trên con đường anh chọn chúc anh luôn_luôn toả sáng nhất ạ... tóm_lại snzz nhé anh :bánh_sinh_nhật: :bánh_sinh_nhật:
739,Lâu rồi hôm_nay mới quay lại đây. Hay quá là hay. 17 / 10 / 2021
740,Nhạc nhanh khó hát lắm lun á :cười_ra_nước_mắt: nhạc dịu còn theo kịp :cười_híp_mắt:
741,"Chúng_ta sẽ hút cùng nhau, chúng_ta sẽ làm vài chai hay hơn"
742,"Mấy bạn chê Chi hát dở nhìn lại nào, so ra Chi hát còn êm tay hơn cả Hari ấy chứ ( Hari còn nổi được, Chi không_lẽ lại không? ). Với_lại, lần đầu làm MV chứ đâu phải lão_luyện đâu mà các bạn đem ra so_sánh với những người chuyên_nghiệp nhỉ? Nếu không thích thì_thôi, đừng sỉ_nhục cô gắng của Chi"
743,"Mấy bạn sky ' s bớt ảo_tưởng về lượt lượt xem nhé, giờ mới nhận ra kênh của ST chưa đăng_kí chính_thức nên chỉ cần coi 3s là đã tính 1 lượt lượt xem rồi :cười_ra_nước_mắt: :cười_ra_nước_mắt: bớt nge mấy bạn, mv VIỆT_NAM dễ tăng lượt xem hơn tất_cả bởi_vì chưa đăng_kí chính_thức, đừng đem ss với mấy mv kpop hay usuk khác nghe, nhục lắm"
744,tryng tea không thuoc ve nkeu ca_sĩ: selaPuthMtp
745,Muốn mọi người công_nhận mình là ca_sĩ mà_lại bảo Chi sống cho Chi thôi :cười_ra_nước_mắt: Thế chị tự thu âm rồi tự nghe đi = ) ) Một nghề còn hơn 9 nghề chị ạ
746,"Fan_Sơn_Tùng ơi, nhớ ra nhiều album hay hơn_nữa nhé"
747,Vậy bài này nội_dung chính là gi. Chơi xong rồi sao nữa. hoang_mang vô_cùng đỉnh
748,Mất ngôi lượng không thích nhìu nhất rồi anh ơi :mệt_mỏi:
749,We don ' tôi thuộc về nhau và chúng_ta không talk Anymore = ) )
750,_ Giọt nước_mắt cuốn ký_ức anh chìm sâu ( ｡ ’ ▽ ’ ｡ ) ♡ _
751,Đây là lần đầu mình xem mv của sơn tùng và mình cũng xem mv we don ' tôi talk anymore của anh gì đó * tên tiếng anh nên quên * mình thấy hai bài này hơi hơi giống nghe chung 1 lần thì rất hay!
752,mình thấy cũng hay mình không phải fan hay anti nhé. nhưng công_nhận cũng có tài thì ms ghép nhạc được vậy: ) )
753,Dò bình_luận nãy_giờ: Bình_luận của tuôi đâu rồi :khóc_nức_nở: :khóc_nức_nở:
754,"1 _ sontung MTP / 1 _ NTN vlogs điều là người tinh Thái_Bình, nổi_tiếng trên youtube mọi người hay ĐƯỢC nhé"
755,mới tối hôm_qua vô xem có 2tr5 lượt xem giờ lên 4tr5 lượt xem 1 con_số mà ai cũng mong_muốn chỉ có Sơn_Tùng mới làm được good very good
756,Đoạn rap hay vãi! Mình nghe đi nghe lại không chán. Nghe cái đoạn rap của BTS gì đó thấy nhí_nhố mà chả hiểu mẹ gì - _ -
757,Tôi bị liệt nhiều năm và sau khi em tôi mở bài này thì tôi có_thể đứng dậy và đập bỏ_mẹ cái tivi
758,Bảo_đảm lượt xem bài này tăng là vì mọi người tò_mò sao nó bị chửi dữ thế :cười_ra_nước_mắt:
759,"sau khi bố tôi nghe bài này, nhà tôi đã tốn hơn chục triệu để mua tivi mới và khám_chữa bệnh vì khi bật lên thì bố tôi cầm luôn cái dép ném vỡ màn_hình ti_vi và cả nhà đều bị điếc"
760,fan lee min ho chúc tùng thành_công. càng nghe càng hay quá. :trái_tim_đỏ:
761,bbbb được 79. 059. 366 rồi trời nhanh quá vậy bbbb lên nhanh quá vậy that không tin noi sao CTKTVN lên cham quá
762,Cúi cùng cũng 150tr rồi ^ - ^ Còn hóng Lạc_Trôi nữa thôi 198tr lượt xem rùi :cười_đỏ_má: :cười_đỏ_má:
763,We don ' tôi talk anymore có 2 MV. 1 cái 17M lượt xem và 1 cái 7M lượt xem = ) ) ) ) ) và theo luật tính lượt xem thì sẽ cộng lại hihi
764,"Nghe bài mới xong quay lại nghe bài cũ vẫn thấy đẳng_cấp, nhạc anh không bị lỗi_thời :trái_tim_đỏ:"
765,hay quá anh Tùng ơi < 3 \ sky mài ùnng hô anh ^ ^
766,"Tuy hát chưa hoàn_hảo lắm nhưng fong cách và hì giờ ảnh đẹp tuyệt_vời, yêu bả"
767,"năm_ngoái đã ngất_ngây với MC chipu, năm nay lại sấp_ngửa vì ca_sĩ chipu."
768,Nhóm cô ngân hay hơn lại còn toàn người đẹp yêu yêu
769,"Giá_như không nhấn quá vào các chữ như: xa mờ, hững_hờ, mĩm cười, thì quá hay đi"
770,"Lần đầu thích 1 mv trên mạng vì cảm_thấy hát là_là ổn, mấy đoạn nhấn_nhá nghe vui_tai. Coi cách Chi_Pu nói_chuyện trên kinglive thì thấy Chi_Pu nói_chuyện khá thông_minh. Vì_thế thích thôi."
771,"Mình chỉ vào đây để đislike và bình_luận hát xàm vãi chưởng, xúc_phạm người nghe = ) ) )"
772,hơn 100tr rồi trời_ơi không uổn công tôi ngồi cày lượt xem
773,Rap hay quá xứng_đáng nhận được 1 thích lật_ngược
774,"Các bạn không bít có ăn học không hay ăn_học giỏi đến đâu? Mà thấy vào nói những lời nặng như_vậy!! Nếu các bạn cảm_thấy Chi hát không hay thì các bạn bình_luận những gì dễ_thương hơn không được à!!!! Mình thì ủng_hộ Chi! Không ai sinh ra đã có kinh_nghiệm với lĩnh vưc mới hết đó!!!! Như hồ ngọc hà, đông nhi, bảo thy, khổng tú quỳnh đấy!! Lúc đầu họ hát còn không hay mà giờ thì sao??? Họ đã hát hay gấp_bội phần!! Họ còn ra cả quốc_tế. Sao các bạn bảo_thủ quá. Không công_nhận thôi còn nói những lời khó nghe"
775,Cảm_ơn tôi bị táo_bón nghe được bài này tôi đã ỉa được. Xin cảm_ơn rất nhiều
776,"Nay mở album skytour của ổng nghe, nên zô đây nghe lại bản_gốc: ) )"
777,mv mới của sơn tùng chuẩn_bị ra là lạc trôi he ban chinh nguyen
778,Mv_Chúng ta không thuộc về nhau chính_thức đạt 100 triệu lượt xem vào lúc 16h ngày 19 / 02 / 2017.
779,Phần nhạc tôi thấy không tệ. Chưa tới tầm mấy bài hot nhưng nghe vẫn ok.
780,- Ngoài phần best i chang của We_Don ' tôi Talk_Anymore thì MV này bê nguyên cái bối_cảnh + trang_phục của KPOP = ) ) ) Tới luôn cả nhạc USUK kể cũng đáng phục thật :mặt_ranh_mãnh:
781,"Bài này vài khúc cũng thật_sự bắt tai, dễ nghe dễ thuộc, Chi_Pu cố lên"
782,""" Chúng_ta không thuộc về nhau "" cuối_cùng cũng được 100tr lượt xem rồi. Chúc_mừng Sơn_Tùng và Sky. Vậy MV 100tr lượt xem tiếp_theo là Lạc trôi nhỉ? # Non _ Fan"
783,"nghe catchy phết mà: vậy_mà mấy mẹ nghe không thích thì bỏ đi đừng nghe nữa, đi diss người khác làm gì: vậy"
784,"Cảm_ơn anh ĐPQ, vì bạn tôi bị tai_nạn đang hấp_hối trong bệnh_viện, khi tôi mở bài hát này kế bên tai anh ấy, anh ấy cút con_mẹ nó đi luôn. Một lần nữa, cảm_ơn anh ĐPQ"
785,không pit tai chung nó có vân đề gì hay s ý ma chung no bảo giống nhau... nhề mây p
786,"Lại thêm 1 Minh_Hằng thứ 2. Chịu đầu_tư nhưng giọng hát thì vẫn là nghe chẳng nổi, chị chọn thành ca_sỹ thì thôi rồi, giọng quá yếu, mới mở_miệng ra hát là không nghe nổi rồi, rất dỡ"
787,"Ôi GD kìa chúng_mày ơiiii, dạo này lại hát cả tiếng việt cơ à = ) ) ) ) )"
788,Hát với diễn như con_bệnh chứ chất cm gì?. Đoạn đầu giống hình_ảnh con gà trống sáng dậy ra ngõ gáy vậy hài vãi cả lúa... ~ ~
789,nếu MV này vượt qua MV em của ngày hôm_qua thì đúng là vi diệu
790,We dont thuộc về nhau = ) ) ) ) Chúng_ta không talk anymore = ) ) ) ) )
791,72tr rồiiii. Sky cố lên nữa nhé!!! 100tr luôn nhé skyyyy. Cố lênnnn. Hết_mình luôn nà
792,"pai hat chung ta không thuoc ve nhau rat hay,_son tung em gioi lam, chuc mung em, VietNam co em that su la cua hiem, yeu SonTung rat nhjeu"
793,HÔM_NAY 12 / 6 150. 580. 801 VIEWS :trái_tim_đỏ: ️ :trái_tim_đỏ: ️ :trái_tim_đỏ: ️ MÃI HAY MÃI ĐẲNG_CẤP
794,minh chỉ thích st từ lúc nắng ấm xa dần về trước thôi... rat hay..
795,"Vẫn kém We_Don ' tôi Talk_Anymore lắm = ) ) ) Em chỉ góp_ý thoi. Đừng ai chửi em, tội em lắm = ) ) )"
796,hỏi 1 câu nhé có phải mày bạn ghen tỵ với sơn tùng pk không nổi bằng ngta tức hả... mình không phải fan hay sky gì đó nhưng thấy mb soi ngta zữ quá... người việt đi chửi người việt hèn_chi bọn tàu nó sang đánh là đúng
797,"Charlie_Puth - We_Don ' tôi Talk_Anymore nghe hao_hao giống đấy chứ, liệu có 1 sự hợp_tác ở đây không ta"
798,"oog anh có tiềm_năng tiềm_ẩn thì giấu mẹ đi, kẻo thằng đg táo_bón phọt hết mẹ cứt giờ"
799,cố_gắng lên chị trông_đợi các ca_khúc mới hay hơn_nữa ạ
800,hay_là nghe. nghe là không ý_kiến gì thêm. lặng_im mình tận_hưởng giai_điệu.!!!
801,Mọi người cứ chê nhưng em nghe đi nghe lại cái giọng Chi hay mà. Có mỗi lời bài háy không bắt tai không hay không gây nghiệ thôi. Cố lên Chipu. Chọn bài hát gây cú hit phát là sẽ tốt thôi mà.
802,sao không bật được phụ_đề tiếng anh nữa vậy: vậy
803,Cảm_ơn anh vì sau khi em cho thằng bạn của em là người thực_vật nghe bài này thì nó đã có_thể đứng lên để tắt bài hát
804,Cần lời giải_thích tại_sao mv này không thích nhiều vậy
805,Đêm rồi còn ai nghe hong 23h20p ngày 24 tháng 6 năm 2022 :cười_đỏ_má:
806,nghe hay và thích thôi.. còn ai không thích nghè thì nghe nhạc khác vào cái nhau làm gì thế: p cứ kêu until SƠN TÙNG mà vẫn mở MV mới nghek: vậy haizzz qua
807,Mình không chê nhưng chất giọng của Chi pu thật_sự không hợp để hát hy_vọng bạn làm diễn_viên hơn
808,"không quan_tâm lắm, lên quan_tâm tiền nuôi vợ_con thôi hê hê"
809,hô hô mình làm được rùi nè tiếp_theo là bài buông đôi tay nhau ra
810,"Nói thật chả muốn nghe "" em_gái mưa "" nữa. :thư_giãn:"
811,cô ấy có tài_năng phải công_nhận.. đơn_giản thế thôi... tôi không phải fan ai hết nhưng là một người khán_giả... tôi phải lên_tiếng vì chị tràm liệu có phải ganh_tị... tôi xin_lỗi trước khi bình_luận này..
812,mình thích. nhưng đoạn mở_đầu rap giống đoạn rapmon mở trong Fire_BTS quá. ARMY HÀ_NỘI
813,"Người điếc còn phải bật lên để tắt nhạc, mv như cái đầu cak có mấy cái góc_quay xào lại như mớ rau"
814,ai nghe LT xong qua đây xem viu CTKTVN không :hôn_gió: :hôn_gió:
815,"ít_nhất thì Quí không đạo nhạc, MV và style"
816,phấn_đấu 120tr tới tết_nguyên_đán nhé SKY :hôn_gió: :hôn_gió: :hôn_gió: :hôn_gió: :hôn_gió: :hôn_gió: :hôn_gió: :hôn_gió: :hôn_gió: :hôn_gió: :hôn_gió:0 :hôn_gió:1 :hôn_gió:2 :hôn_gió:3
817,Quá hay bọn antifan có_thể biến không cần xem và soi: ) )
818,Mình thấy MV này cũng hay chứ không được gọi là dở mà sao không thích nhiều thế Hùa nhau à :mặt_ranh_mãnh:
819,Cố lên ACE ơi không thích của chúng_ta sắp đuổi kịp thích rồi: 3 những người yêu nghệ_thuật chân_chính
820,Xem trên facebook mà mình tưởng nhạc chế với nhạc troll :đầu_lâu_xương_chéo: ️.
821,đây là cảm_nhận của mình nghe lần đầu thấy mv đẹp ST bảnh nhạc dể phiêu nghe lần 2 3 4 5: thấy bình_thường lời không hay như mấy hit trước lặp lại quá nhiều chúng_ta không thuộc về nhau sau 3 ngày nghe thấm lời hay nhạc dể phiêu mv có nội_dung và đẹp ca sỉ bãnh Chất!
822,= ) ) ) chúng_ta không luộc được nhau = ) ) ) gia_vị thập cảm KPOP + US - Ừ = ) ) ) cứ phán rồi mấy bạn sky ' s vào nói là ' ' chúng ' s mày ' s có ' s đạo ' s được ' s như ' s sếp ' s tôi ' s không ' s? = ) ) với cả ' ' không ' s thích ' s thì ' s đừng ' s xem ' s = ) ) ) ) ôi Đờ mờ mỏi tay quá = ) ) ) đoạn rap hay như_vậy mà vào đây nge như luộc tai nhau
823,mấy người kia họ tưởng họ hat hay lăm ý. Chị đã cố hết_sức rồi. họ hát cũng đâu hơn ai mà nói. luc mới vào nghề cug vậy thôi chứ hơn ai
824,4 năm rồi nghe lại vẫn hiện_đại và hai điện
825,Chỉ có bọn lửa chùa mới bảo hayy: ) ) ) ngân simy với cô ngân đúng là idol của bọn lửa chùa
826,Nói thật nhé. Mình không phải anti hay_là fan của chipu hay Linh ka nhưng mình thấy Link ka nó còn hát hay hơn cả chipu.
827,fan sơn tùng đâu điểm_danh rồi tau chuởi vào mặt
828,táo_bón nhiều năm đã đi nhiều nơi chữa nhưng không hết đến khi tôi vừa nghe bài này thì phân của tôi đã tràn_đầy ra quần
829,Không thick thì đừng có nghe vào phán nta như đúng rồi :cười_ra_nước_mắt: :cười_ra_nước_mắt:
830,"MV đẹp, hát hay còn đẹp_trai nữa "" Chúng_ta không thuộc về nhau ' ' My love Sơn_Tùng_MTP < 3 < 3 < 3"
831,Hương_Tràm đưa tôi tới đây Công_nhận chị tràm nói đúng
832,changhe duoc cai gióng gi chi nghe moi cau: chung ta không thuoc ve nhau
833,"May hom nghe bao chi chê tả_tơi, vào nghe thử, chipu hat cung không dến nỗi tệ, nhưng ban í cứ gắng đi theo nghê diên viên chắt la hay hơn"
834,"Chi_Pu hát hay vclllllll, em yêu chị địt chịu được"
835,thực_sự thì MV của Tùng đẹp và hay hơn MV kia nhiều. cả nhạc lẫn hình.
836,"1 từ để diễn_tả: Tuyệt! Tùng à đừng bận_tâm những thứ không đâu, họ soi thì kệ họ đi, anh chỉ cần biết sky sẽ luôn yêu_thương và ủng_hộ anh, vậy thôi!"
837,Bán linh_hồn cho quỷ quỷ thì mới viết được bài hát này quá :cười_ra_nước_mắt:
838,"Mỗi lần vào xem bình_luận tốn 1 lượt lượt xem, mà không thích được 1 lần = ] ]... Sao không tạo 1 trang riêng bình_luận để nó đừng tăng Lượt xem nữa."
839,hình_ảnh của MV thật_sự rất có đầu_tư và đẹp. nội_dung mv rất hayyyyy
840,Bài we don ' tôi talk anh more đưa tôi đến đây nhưng bài này dở vãi cả lúa
841,tôi thấy hay hơn phiên_bản gốc mà sao cứ chê thế
842,Coldplay_GÌ_Dragon cover We_Don ' tôi Talk_Any_More. Sky lại bảo không giống đi sky.
843,chắc nhờ hơi của st nên bai WDTANM mới tăng đuoc 1 ít lượt xem - ) ) ) )
844,giống phần rap của BTS nhỉ. giống quá luôn ấy
845,Ừm của con đoan đi ơi có sức_mạnh của mình thu_mua lông vịt nhe ac to the ươê :mắt_trái_tim: :mắt_trái_tim: :mắt_trái_tim: :ôm: :ôm: :ôm: :ôm:
846,▬ ▬ ▬ ▬ ▬ ▬ ▬ ▬ ▬ ▬ ஜ ▬0 ▬1 ▬2 ஜ ▬3 ▬4 ▬5 ▬6 ▬7 ▬8 ▬9 ▬0 ▬1 ▬2 ▬3 ▬4 AI ĐÃ XEM VÀO 04 / 08 / 2016 ▬5 ▬6 ▬7 ▬8 ▬9 ▬0 ▬1 ▬2 ▬3 ▬4 ஜ ▬5 ▬6 ▬7 ஜ ▬8 ▬9 ▬0 ▬1 ▬2 ▬3 ▬4 ▬5 ▬6 ▬7 ▬8 ▬9 5. 312. 270 lượt xem
847,"Jốg thấy sợ ă, không nhầm ms lạ. Nhưg là ca_sĩ việt_nam mà làm được nkư vầy là tốt lắm oy"
848,Thích từ hồi 5s online! Và giờ vẫn còn xem_lại 5s online :mỉm_cười: nên vẫn bị thích :mỉm_cười:
849,hihi: ) ) ) < 3 < 3 cuối_cùng cũng xem được < 3 < 3 yêu quá < 3 < 3 < 3 Tự_hào vì là một trong những người đầu tieennnn < 3
850,"_ Mỗi khi buồn thì anh sẽ khóc, khóc thật to mỗi anh nghe thôi _"
851,tôi bị mù 10 năm sau video này tôi có_thể nhìn được những tôi lại muốn mù tiếp :đầu_lâu:
852,"sơn tùng cái dì cũng nhất việt_nam thích cũng nhiu nhất việt_nam, không thích cũng thế ( nể anh )"
853,Có ai để_ý pha ngậm kẹo của diễn_viên giống trong phim thợ_săn tiền thưởng của Lee min ho không nhỉ
854,Gần 2025 rồi ai không biết chỉ có mình tôi hay còn ai nữa coi bài này nữa
855,Anh qhong cận hát hay em cảm_ơn team hero
856,Dao nhac cung thich bo tay con quy may thanh
857,My_My rat thich bai nay luong do. Mtp. Oi nho ra mat mv hay hon. Chung ta kong thuoc ve nhau. Nua nhe. fan se ung ho. Mtp. Het mình yeu_son tung nhieu ; ) ) ) )
858,đẳng thật ms up lên 3 ngày đa có gần 11 triệu lượt xem rồi khâm_phục
859,Sơn tùng vẫn sẽ là nhất càng soi càng sáng mờ
860,Việt_Nam mình có nhiều thành_phần GATO quá: )
861,"Thiệt không hiểu bài này hay ở cái chỗ nào??? Giọng thì tệ, MV thì như thời 2013 2014 vậy"
862,khi cày xong CTKTVN lên 100 trời rồi ae sky chuyển sang cày LT với NNCA cuối_cùng về ECNHQ là ôk
863,"tự_nhiên tôi trở_thành người điếc và người mù sau khi nghe bài này. Bài hát hay lắm anh Quí ạ, em mong anh đừng ra thêm bất_kì bài nào trên youtube nữa nó khiến em bị táo"
864,Nghe nhiều nghiện xừ rồi = ) ) Mọi người nhầm nút không thích với tải đấy Pu ạ Cố lên Chi_Pu :mắt_trái_tim:
865,"My_Idol ơi, lúc trước em không biết nghệ_thuật là gì và nghệ_thuật phải làm_sao, nhưng em đang nghe, thấy, Cảm_nhận được rất nhiều nghệ_thuật là như nào qua Idol_Chi_Pu của PPF và còn 1 người nữa đã đang sẽ cho em cũng như rất nhiều người biết được là nghệ_thuật là cố_gắng Hết_Mình, Hết Tâm_Đức, sự_Cố_Gắng hoàn_thiện dù bản_thân chính mình chưa biết được về nó lúc trước nhưng sau tất_cả thì thành_quả hơn cả Tuyệt_Vời mới là bước_đầu cho những bước phía trước, Thương lắm Cô gái Nguyễn_Thuỳ_Chi :hai_trái_tim:"
866,"TỚ ĐANG Ở BÊN HÀN, NÓ LAN TỎA TỚI ĐÂY LUÔN RỒI. AIAI CŨNG Ò Ó Ô KHÔNG KHÔNG KHÔNG"
867,Hương tràm ghen_tị với giọng hát của chị ý mà. Đừng để_ý vì họ kong muốn chị nổi_tiếng
868,Fan 5s khi xem Chi_Pu hát thấy thất_vọng
869,đây là bài tôi dạo này hay nghe nhất vào lúc giải_lao nó mang lại cảm_giác như được uống một ngụm nước mát_lành sau mỗi giờ làm_việc hi_vọng sau_này sẽ được nghe những bài hát hay và music video đẹp như_vậy nữa
870,Anh Garena ra lại hành_động bắn tim được không ạ
871,"Đã vượt "" Người lạ ơi "" Mục_tiêu tiếp_theo: Anh thanh_niên"
872,thực_ra mình chả thấy mẹ gì ngoài việc cái bài nó đéo hay: vậy
873,"Đồ xấu như bà_già, nhảy như khều khều, trang_điểm thì như thập_niên 90, hát thì dở... chả hiểu nổi nó tồn_tại để làm_gì"
874,Tóm_lại là anti bọn bay đã làm được cái gì hơn anh Tùng chưa... Làm được hơn thì hãy soi nhé.. Tưởng mình giỏi lắm sao ngồi đấy mà soi người khác.. Vô công dồi nghề mà... Chắc gì đã biết thấy 1 đứa nói là hùa theo... Cái thời_gian soi đấy bỏ ra làm_việc khác có_ích hơn đi nhé.
875,Mình chúc Hero_Team và Streamers có thêm thật nhiều video mới và hay nữa nhaaaaaaa
876,thôi chết nghiện rồi nghe đi nghe lại 43 lần rồi
877,Sam ơi mình yêu bạn rất nhiều. hy hy hy hy hy hy hy hy hy hy hy hy. yếuam.
878,nếu xem 10 lần liên_tục thì số lượt xem sẽ tăng 10 lần hay sao nhỉ...........???
879,"Uôi, vào xem bình_luận toàn thấy người nước_ngoài không nhỉ :vỗ_tay: :vỗ_tay: :vỗ_tay:"
880,Lâu lắm mới nghe một bài nhạc Việt. Công_nhận VTV Quảng_cáo rất tốt. Bài này hay phết.
881,Biết sao nó dở không đơn_giản thoi bọn hùa hay_hay không là do bọn hùa tôi trịu thích = ) ) )
882,"Mấy bạn kpop rành vụ tăng lượt xem lắm, nên cũng góp_phần nhỏ vào vụ lượt xem thôi, còn lại là sky với người trung_lập"
883,"mong CP hát bản tiếng Hàn ghê, chắc sẽ hay lắm"
884,hay lắm chị ơi.. cố lên mặc_kệ ngkh ns gì nhé.. yêu chị :hôn_gió:
885,ai chưa thấy được cái hay của bài này thì làm_ơn dùng loa có Bass hoạt tai nghe có bass mới thấy được cái hay của nó... chê theo phong_trào không thấy ngán à!
886,Ít_ra còn hay hơn mấy thằng ngồi gõ phím nhỉ?
887,Thấy bài hát được mà có phải là dở lắm đâu mà nhìu không thích thế
888,nghe chán gần như cứ hát đj hát lại 1 câu
889,cứ càng nghe lại càng thêm nghiện: ) ) ) giai_điệu bắt tai đừng hỏi: ) ) )
890,"Có 3 loại người vào đây - fan cuồng: tăng lượt xem, tăng :thích: - anti: tăng cmt, tăng :không_thích: - tò_mò: ( cái này nhờ mấy Anh Báo PR )"
891,Đừng không thích nhiều nữa anh_em thích đi anh_em
892,"beat giống we don ' tôi talk anymore, style và đoạn đạp chân ở giữa giống Taeyong của NCT, nằm ở đường_ray giống Sehun_EXO, đạp đồ trên bàn giống MV Monster của EXO"
893,cũng được. không đến_nỗi tệ lắm đâu. nhạc hay mà.
894,Rô. phong. mui. TÔI noob. VỊT. sim. Hát hay nhất
895,"Tùng ơi, lần sau có cover nhớ ghi nguồn nhé"
896,Em nghe bài này mà em nghiện luôn Fan_Hero_Bài ráp hay em luôn coi hero vẫn là nhất Mèo simmy kamui. sammy Kairon. Mr_Vit. Phong cận Siro và Min. Kamui với mr vit mèo simmy với kairon sammy với phong cận Em chúp mấy anh_chị năm mới vui_vẻ
897,"Mạnh_mẽ lên cô gái của tôi ơi, phải tiếp_tục chiến_đấu, nhất_định phải thành_công, chúng_ta còn phải đi cùng nhau 1 đoạn đường mới đầy chông_gai, nhưng đừng lo, Fc luôn bên Chi, luôn đồng_hành, dõi theo từng bước_đi, ủng_hộ hết_mình từng sản_phẩm của Chi, chúng_em luôn công_nhận những nỗ_lực mà Chỉ đã bỏ ra để mang lại cho khán_giả những điều mới_mẻ. Chúng_ta cùng nhau cố_gắng nhé, không điều gì là không_thể, có_thể hôm_nay Chi nhận được những lời nhận_xét không hay, ác_ý nhưng Chi đừng quá bận_tâm hãy xem đó làm động_lực để ngày 1 cố_gắng khẳng_định bản_thân mình để họ phải thay_đổi những suy_nghĩ không tốt. Kết lại 1 câu Chi nhé: Fc mãi_mãi yêu Chi!!!!"
898,Cô Ngân rap hay mà chỉ có đều là giọng của cô không phù_hợp với rap thôi
899,bai hat rat hay!!!! mong chi ChiPu se ra them nhieu san pham the nay < 3 em yeu chi pu: )
900,đi fansipan nghe bài này trong luk đợi tàu gas Đỗ_Quyên.. chưa bao_giờ mún tàu đến chậm vậy... đag feel..
901,Cái tựa bài hát với mv rất liên_quan luôn: ) ) )
902,Dù gì cũng là nhạc ngta cất_công tạo ra mà nở lìng nào chê to vậy: ) ) nói_nhỏ thôi
903,"Tôi có nhìn nhầm không, MV này đã có Vietsub rồi cơ à = ) )"
904,Mình có thấy dở gì đâu mà chê dữ vậy trời
905,mình thấy cũng hay mà sao có nhiều bình_luận trái chiều nhỡ
906,Ok fine 100. 044. 788 tôi đã yên_tâm rồi. Ấm lòng rồi!!
907,Burn_Out - Martin_Garrix đã đưa tôi đến đây...... nghe lại THN để chắc_chắn là Martin_Garrix không đạo nhạc...... nhưng_mà...
908,Nhìn chi pu thay_đổi người quá nhug van thick chi lắm ln ug hộ chị
909,Có lẻ chính_phủ Mỹ đã lỡ tay đăng “ dựng cụ tra_tấn ” lên mạng và khiến nhiều người vô_tội bị vạ_lây Pov: bạn bị Triều_Tiên tra_tấn
910,"Nhạc rất hay nhưng giọng hơi có vấn_đề. Chi đúng là không hợp với thể_loại như này. Kiểu nhẹ_nhàng, ballad thì hợp hơn, chứ sôi_động thì nghe thều_thào quá. Nói_chung là Chi cần cố_gắng hơn và có_lẽ... ừm... không nên hát thể_loại này thì hơn. Dù_sao Pew đã đưa mình đến đây. Và bài này chưa đủ để thích hay không thích: ) ) ) ) )"
911,bản vietsub của we dont talk anymore hả mấy thím @ @
912,bài hát hay nhất mà tôi từng nghe < 3 1 / 5 / 2018 ai còn nghe # Love _ CHIPU
913,"Ô, anh Tùng đầu_tư ghê ~ Làm hẳn một MV cosplay luôn kìa, nể: vậy"
914,Tình về nơi đâu Cô_đơn đôi chân lạc trôi giữa bầu_trời
915,Quá hay! Hỏi xem ca_sỹ việt_nam được mấy người
916,Ấy chà chà 61k cố_gắng lên 250k như linh ka đi chị: - ) ) em luôn ủng_hộ chị! Phải hơn người ta mới được chị à = ) ) ) Love it :đôi_với_trái_tim:
917,Tụi anti càng chửi thì Tùng càng sáng. Yeah yeah :pháo_hoa: :bóng_bay: :bánh_sinh_nhật: :confetti: :tiệc: :pháo_sáng: :vỗ_tay: :vỗ_tay: mở tiệc đi mấy cưng ơi. Hú
918,what????? ai giải_thích dùm tôi tại_sao có cái phong_trào lạ_lạ đó không???? P. S: Tôi là sky nhé mấy mẹ @ @ @ @
919,từ khi tôi nghe bài này là con chó nhà tôi nó sủa điếc hết cả tai
920,mấy bạn yên_tâm đi.... disslike thế_là hết rồi đấy... tại mấy bạn anti cũng hóng giống tụi mình vậy đó bởi_vậy mv vừa ra là tụi nó coi hết lun rồi
921,Bị khó tiêu hay sao vừa hát vừa ợ vậy?: D: D
922,"sao mà cô ấy cứ nhấn_nhá mấy chữ cuối liên_tiếp trong từng câu vậy nhỉ, phản_tác_dụng kinh_khủng - _ -"
923,We don ' tôi talk anymore phiên_bản việt. Thích ' s vì ' s sức ' s sáng ' s tạo ' s của Xếp ' s
924,"Đúng là các thánh bàn_phím. mấy người được như họ không mà sao soi_mói nhiều vậy, mệt không? Rảnh dữ vậy à?"
925,"Nghe lại thấy chị Pu max dễ_thương! Nghiêm_túc, nghị_lực, tuyệt_vời"
926,"ra được nửa ngày mà đã hơn 33k nhận_xét, quá kinh_khủng. Có ai để í không cứ 1 phút là tăng mấy trăm cmt @ @"
927,Bài này hay mà. Thật nực_cười khi fan việt thì chửi còn fan nước_ngoài thì khen hahaa. Bạn không_thể chịu được một người trẻ tài_năng hơn bạn đúng không: )
928,Chi hát hay mà. chả hiểu mấy chế chê_bai gì vậy chứ cho remix vào nữa đã tai luôn ý. chi cố lên nhé
929,"21 / 12 / 2017, Ai còn nghe không, mà công_nhận mv của tùng nhiều lượt xem"
930,chỉ mới 5 ngày mà pằg mv của ngta cả thág....... sếp number one
931,"Cảm_ơn anh Quí nhờ bài hát của anh mà em bị liệt_dương 20 năm tự_nhiên thằng nhỏ em hôm_nay nó ngổng đầu lên nó nói là "" Sao bài này hay thế ta ơi ""!!! Cảm_ơn, cạn phước lắm mới lướt thấy bài này"
932,< 3 < 3 < 3 < 3 mày - tp Chúng_ta Không thuộc Về nhau = ) )
933,Bài này hay mà tại_sao disklike nhiều vậy nhỉ?! Ai cho tôi biết lí_do được không?!
934,"càng xem càng nản thế_hệ được gọi là ca_sĩ, nhạc_sĩ VIỆT_NAM hiện_nay"
935,Làm người thì đừng bất_công quá để người khác sống với chứ
936,Các bạn thích cặp đôi Phong_Sam hay Gao_Bạc_Cô_Ngân ( mình thích cặp đôi Phong_San :cười_với_trái_tim: :hôn_gió: :mắt_trái_tim: :mắt_ngôi_sao: :hôn_gió: :cười_với_trái_tim: )
937,Giọng như thế_này mà cũng đòi hát sao???
938,Nghe cũng được mà đâu có đến_nỗi đây mà đầu_tư ghê ha
939,10 ngày nữa kết_thúc năm 2022 ai còn nghe bài này chấm phát :cười_với_trái_tim:
940,Chúng_ta không thuộc về nhau... we don ' tôi talk anymore? Chúng_ta không thuộc về nhau... we don ' tôi love anymore? AHIHI: I
941,we dont thuộc về nhau & chúng_ta dont talk anymore
942,thánh phi thanh_vân cũng có bài hát làn da nâu làn da trâu lập đi lập lại hoài
943,mình là attifan đây... hâha. emvi hay mà! nghe hay_là được rồi mà... ae mở to bass chuẩn nghe phê! Thế nhé
944,* 2 triệu lượt xem trong vòng 48h. chúc_mừng anh Tùng *
945,we don ' tôi talk any more cũng không phải dạng vừa đâu
946,Chúc_mừng sinh_nhật Chúng_Ta Không_Thuộc_Về_Nhau được 2 năm nhé :mắt_trái_tim: :hôn_gió: :trái_tim_đỏ:
947,Chị sammy ơi có người nói chị bị bệnh hất tóc. Chị có buồn không ạ.
948,doan rap cua anh rat la chat không the che vao dau duoc
949,"Thấy hay nên cứ nghe mãi, quên cả thời_gian: tối, sáng, khuya"
950,Có người tạo 100 account để dis đây này ai mà ác thế
951,Mình xin mọi người hãy chung tay chuyển từ không thích sang thích
952,Đừng tranh_luận hay cãi nhau nữa ai thích thì nghe không thích thì đừng nghe vậy là xong chứ có gì đâu mà phải soi_mói lắm thế cùng là người Việt_Nam cả mà
953,Ơ_kìa mọi người đừng chê bài này dở nữa nó cũng không tới. Mức tệ vậy đâu mà phải nó là tệ vãi cả lúa: ) ) ) ) ) ) ) )
954,Chúc_mừng sky và sơn tùng nhé được 100tr luọt nghe zòy... :mắt_trái_tim: :mắt_trái_tim: :mắt_trái_tim:
955,"nói thật thì giọng cũng không đễn nỗi. Tập thêm chắc sẽ ổn hơn thôi nhưng bài này quá NHẠT. Thật_sự chắc nghe_ra chữ nào, nhiều khi phải coi vietsub hay lời bài hát mới hiểu nổi là Chipu đang hát cái gì: ) )"
956,chi pu hát ổn mà sao cứ nói quá lên vậy ủng_hộ chị
957,"công_nhận bài này rất hay, nhưng sử_dụng ten bài hát hơi nhiều. nghe mãi toàn thấy "" chúng_ta không thuộc về nhau ""."
958,cảm_ơn tác_giả khi bật bài này lên phát thằng bạn em tỉnh dậy ngay và luôn không cần gọi
959,00: 35 17 / 02 / 2017 - 99. 106. 187 lượt xem dự đến hết 18 / 2 sẽ có mv 100 trời views. còn ai đang xem không thì điểm_danh cái đê. nhớ cái ngày tàu Cộng đánh Việt_nam nhé.
960,anti hm nay hơi im_lặng hèn_gì lượt xem lên chậm quá
961,Nghe nhạc tự_nhiên thích Chi: ) ) ) ) Cố lên Chi nhé: ) ) ) ) )
962,Trao dồi luyện thêm thanh_nhạc thì giọng sẽ hay thôi... cố lên cô bé
963,Lừa chùa giờ thành bạn có tài mà luôn rồi :lăn_ra_cười:
964,"Bài hát này hay đến_nỗi haihondai của tôi có_thể nói: "" xin chào """
965,"we don ' tôi talk anymore, fan US Ừ mới hỉu :khóc:"
966,dung coa qua traNG wed we don ' tôi anymore nhé sky no ban kia rồi loa loa loa loa loa loa loa loa loa loa
967,Nghe kĩ thì 2 bài cũng chẳng nhau gì cả. Giỏi quá họ cũng ghét: )
968,"không: 24 - We don ' tôi talk anymore không: 58 - Empty - WINNER + một_chút Loser - BigBang 1: 41 - Fire - BTS ( đoạn rap ) ( Hey, Turn_It_Up ) 2: 13 - Sober - BigBang_Cái đoạn nhảy mà Background toàn chữ vớ vỉn - One of ANH Kind - GD 3: 10 - Loser - BigBang ( Đoạn GD ngã xuống ) Tùng giỏi nhỉ - sopy -"
969,"2, 7tr lượt xem nhưng chỉ có 88nghìn lượt tim Tình_trạng xem chùa đang nhìu lên từng ngày ( • ‿ • )"
970,Nhờ Tùng mà nền nhạc Việt_Nam đã có bước_tiến xa hơn... cám_ơn anh rất nhiều... love u
971,Mặt đắp phấn như đắp đê phòng bão lũ: ) ) )
972,"đỉnh thiệt chớ, nghe hoài không biết chán luôn á"
973,Tôi mong liên_hợp_quốc sẽ thêm bài hát này vào danh_sách những cách tra_tấn tù_nhân
974,bài này lúc đầu mình nghe không hay lắm.. nghe sâu vào hay phết: D
975,MV - Buông đôi tay nhau ra Mình hiểu nó là - Cô gái thứ nhất được tạo ra bằng đôi tay nhưng cô gái đó đã đùng chính đôi tay để đẩy người đó ra - Cô gái thứ hai được tạo ra từ đôi môi nhưng đôi môi suốt ngày cãi vả - Cô gái thứ bố thì được tạo ra bằng đôi mắt nhưng đôi mắt đó chỉ biết khóc - Cô gái thứ tư được tạo ra từ đôi chân nhưng cô gái đó đã dùng chính đôi chân ấy để ra đi = > Cuối_cùng thì anh ta đã nhận ra rằng là trái_tim mới là quan_trọng nhất nhưng mọi chuyện đã quá muộn rồi Nguồn: copy Xin mọi người đừng ném đá mình nhé
976,simmy ơi đừng rap mắc_công đi bệnh_viện qué
977,Chị xoã tóc ra nhìn giống lee trong tình_yêu không có lỗi quá
978,Cảm_ơn vì video. Rất hay. Rất dễ hiểu. Với mình cái gì free cũng có ý_nghĩa!!!! ( Gửi anty fan. Không mất tiền để xem và nghe thì đừng có đòi_hỏi nhiều. )
979,Phải cán mốc 100tr trước khi bài của soobin đuổi kịp
980,"tạo ra đôi tay thì đôi tay đẩy mình ngã. tạo ra đôi môi chỉ biết cãi_cọ. tạo ra đôi mắt, chỉ bt khóc. tạo ra đôi chân, chỉ bt bỏ đi. phút cuối nhận ra thiếu đi trái_tim để yêu_thương"
981,"Không phủ_nhận tài_năng của Chi_Pu, nhg thực_sự mình đã tặng cho MV 1 không thích. Vâng_Mv trông có_vẻ ổn từ vũ_đạo tới style, nhưng trừ 1 đéo đó là giọng hát. Không phải sinh ra muốn làm ca_sĩ là làm đk đâu, cho_dù có bỏ tiền đầu_tư, nhg giọng hát không có thì chg bao_giờ đk lòng khán_giả. Cg may cô này chưa hát live... :thất_vọng:"
982,sau Chúng_Ta không nói_chuyện nữa của SƠN TÙNG thỳ SƠN TÙNG sẽ nhận được thêm khá nhiều anti Fan của nước_ngoài: ) xin chúc_mừng em
983,lượng fan số 1 việt_nam anh là thần_tượng của em
984,"Hero team rap hay cực hơn team kia, mấy cơn gái trăm kia rap không được hay lắm"
985,Hôm_nay không lên top 1 thì mai không lên được rồi
986,"Nói công_tâm thì nhạc và lời không hay ca_sĩ thì không phô được giọng nghe giống đang đọc hơn là hát rất yếu. đã là 1 hot girl nổi_tiếng có lượng fan đông_đảo, thì chi pu lần sau cân_nhắc khi ra MV. Phải cho đủ độ chín mùi thì hãy phát_hành Mv để không phụ lòng của fan hâm_mộ. bây_giờ 2017 không phải năm 2000. Và không phải cuộc thi mà đợi chi pu cố_gắng từng ngày. nhưng nói đúng tai_tiếng sẽ nổi_tiếng sẽ được nhiều người wan tâm. hay chi pu đã bít mv này sẽ gây tranh_cãi dư_luận và moi người sẽ wan tâm tin nóng nên cố_tình tung mv này sau 1 thời_gian im hơi lặng tiếng. có_thể đây là 1 chiêu trò chăng. ai cũng có wan điểm riêng nhưng nhìn_chung chi pu ra mv này không đúng lúc. nếu chi pu chưa nổi_tiếng chưa có lượng fan hâm_mộ thì ra mv thì sẽ được đánh_giá nhẹ_nhàng hơn. đã là 1 hotgirl có tiếng trong show bis thì phải đầu_tư kỹ_lưỡng từ bài hát đến giọng hát. cách chọn bài không phù_hợp sẽ không hay đã không hay thì sẽ bị chê. chi pu nên cân_nhắc thật kỹ khi ra mv kế_tiếp. Phải lựa_chọn được bài hợp với giọng mình phô được giọng mình ra. đây là bài_học để chi pu ra sản_phẩm kế_tiếp. mong chi pu đừng làm khán_giả thât vong!!!"
987,"EM không phải là phan của anh_sơn tùng nhưng lại rất thích mv này, xem nhiều rồi vẫn chưa chán: 3 Sao lại có_thể đz đến như_vầy hả anh: ( ("
988,"Team nào cũng hát hay, tóc của anh siro hơi vàng_anh mr. vịt phải vàng chứ"
989,"Hay mà < 3 giọng vậy cũng đâu tệ, beat nghe bắt tai mà. Nói_chung MV đầu vậy cũng ok mà. Có cái phần lời hát nghe hơi kỳ kỳ"
990,hết ngày hôm_nay 16tr nhé sky ơi...... say au yea..... say yea.... yea yea.. kkkkk
991,"nghe cũng không đến_nỗi nào mà sao bị chê nhìu thế nhỉ, lượng không thích cũng nhiều???"
992,Đồ cô ấy mặc đẹp thật! Bài báo 1 tỷ đầu_tư trang_phục đã đưa em đến đấy = ) ) ) ) )
993,không hiểu nổi.... anh ấy nổi_tiếng = những bài hát kiểu ntn
994,Em thích he ro team nhất chừ tim mi không biết nói_gì
995,anh này càng_ngày_càng hot.... lượt thích với không thích chênh nhau là mấy
996,nói thiệt là chi pu không hợp lấn_sân sang lĩnh_vực này
997,". Cái nhẹ: ) đi thi thằng bạn chỉ bài nhưng nó không nói đề của nó, niềm tin đã mất: )"
998,:chỉ_phải: đạo đoạn rap của BTS nhà tôi là s - - :chỉ_phải: phát hờn :đấm: :đấm: :đấm:
999,Cố_gắng hết 2023 vượt qua Hoa_HĐ nhỉ cả nhà
1000,"Hát vơi vơi, không có điểm nhấn gì là sao ta."
1001,ai đó làm_ơn dịch cái lời bài hát cho em nghe với: ) ) )
1002,"từ 1 INS ( fan INFINITE ), chúc em luôn thành_công.: ): ): ): )"
1003,Nghe giống We don ' tôi talk anymore thật: vậy khỏi cãi.
1004,Có ai vừa xem mv mới_rồi về đây không (. )
1005,mấy thanh_niên mà ganh_tị sơn tùng hãy sống bao_dung dy
1006,"Hát gì vậy mẹ? Gê quá thôi giúp đi, kinh_khủng"
1007,Tối nhất chị đừng làm ca_sĩ Đúng là thảm_hoạ âm_nhạc việt_nam
1008,"Sky ơi: ) Cảm_ơn anti đi: ) Nhờ anti xem đi xem_lại, soi nhiều mà được hơn 2 triệu lượt lượt xem rồi: )"
1009,Mình không phải là fan của chi nhưng_mà đọc cmt lại thấy tức mấy thành_phần hùa. Lúc chi thành_công ở 1 lĩnh_vực khác thì theo khen lấy khen để. Vừa bước sang lĩnh_vực khác gặp lỗi là bay vào sủa lấy sủa để nào là không lượng sức mình? Ngta không hợp với ca_hát thì góp_ý đàng_hoàng. MÀY. người có bằng một góc chi không mà phán_xét kinh thế? Với cái danh hot girl của chi cũng bị xoá lâu rồi. GIỜ HT lôi lên thì hùa nhau vào sủa: ) ) hay thật
1010,Anh phong cận ngầu quá mai_mốt em sẽ làm nghề giống anh để được rap :đeo_kính_mát: :đeo_kính_mát: :mắt_trái_tim:
1011,"Vẫn câu_chuyện cũ.... vào không thích, report phát rồi đi ra: /: /: / Lần này Sếp ' ss đụng đến nhọt trên mông em rồi"
1012,Ông tôi bị hội_chứng gì đó sau chiến_tranh nên ngày nào cũng uống bia và chìm trong đau_khổ từ khi tôi bật bài này lên thì ông đã bỏ bia và vui_vẻ hơn vì có thứ còn đáng sợ hơn chiến_tranh mà ông từng_trải qua :khóc:
1013,"một bài hát chữa lành, đã thay_đổi nhiều suy_nghĩ, cảm xủc và hoàn_cảnh của nhiều người đang éo_le cùng_cực"
1014,"MV rối mắt, chán, hơi ảo một_vài chỗ. Giọng hát thì 6đ, hát live không bít ra sao nhưng chỉ mức_độ tạm nghe được ( có chút mùi Kpop đâu_đó ). 1 thích cho sự_cố gắng :thích: 1 dislkie cho MV :không_thích:"
1015,Hình_ảnh đẹp. Đầu_tư. Nhưng rất tiếc giai_điệu bài hát quá xàm. Nhạc này không đi nổi vào lòng người. Nhận_xét cá_nhân
1016,Tải video ở đâu vậy? cái nút ngón tay chỉa xuống hả_anh
1017,"không tốn tiền làm mv đắt tiền mà nổi là hiệu_quả cao đó chứ, nhạc cũng hay mà lời tào_lao thôi, bài này hát tiếng Thái chắc vui à: )"
1018,"2: 24 Kairon thay Kamui cho chúng ló lên tủ ( đê ), Kamui nói ngọng"
1019,"Hát cũng nhạc hay mà ở chữ cuối mỗi câu như Xa_Mờ, mong_chờ, Hững_hờ, tuyệt_vời nghe dở gớm ớn ớn sao á chứ bài này hay mà ai kêu hát mấy chữ trên kéo_dài ra nghe phụt cả cơm tuột cả cảm_xúc"
1020,Từ giờ hãy gọi tôi là Ca_sĩ Chi_Pu. Nhưng chắc không được rồi. Chi hãy tập_trung vào diễn_xuất hoặc mẫu ảnh hoặc đại_loại vậy đi!
1021,hay thì cứ nghe đi máy you!!! đừng có vì gét 1 ai đó mak tự dối lừa đôi tai... sao phải kiềm hãm niềm vui của mình vậy.... hj
1022,Mình không thích chi pu hát xíu nào :cười_dịu_dàng: ️ nói_thẳng thì an_phận mà đóng phim
1023,"sao càng nghe càng hay nhỉ, mình nghe đi nghe lại chắc được 50 lần trong ngày rồi: ( ("
1024,"Anh_chị_em không thích mạnh đi, Tùng bookoo cover lại We don ' tôi talk anymore kìa = ) ) ) )"
1025,Tự_hào là người con Thái_Bình ( y ) MV đẹp dã_man.
1026,Nhạc hay thì cứ nghe mà sao nhiều người kì quá vậy
1027,1: 00 cái bồn giống trong mv LALALA của Soobin_Hoàng_Sơn nhỉ?: ) )
1028,"Toàn không thuộc về nhau, không thuộc về nhau :mặt_vô_cảm:"
1029,"Tôi không hiểu hay ở điểm gì?! Mỗi người có 1 cách nghe nhạc riêng và với tôi là đây là 1 giọng ca không có gì đặc_biệt, bài hát không có ý_nghĩa gì cả. Thế_này thì hát live chắc_chắn sẽ là ác_mộng. Tôi đã tăng lượt xem nhưng tôi sẽ không thích."
1030,mặc_dù không hâm_mộ nhưg thấy bài này cũg hay mà
1031,s trong bài có nhầm câu từ cuối_cùng lại xuống giọng ghê_gớm vậy trời nghe không bắt tai và tuột mod quá
1032,Cái não tôi bị chập_mạch cũng vì cái bài này
1033,"không hiểu sao chị Chi_PU lấn_sân sang ca_nhạc, nhưng_mà mình thấy chi pu không có khiếu âm_nhạc"
1034,"Bài này nghe rất dễ lun á mọi người dễ tắc thở. Từ người khuyết_tật đã tự đứng lên đập điện_thoại sau khi nghe bài hát này, UNESCO nên công_nhận đây là bài hát thảm_hoạ nhất lịch_sử thế_giới"
1035,Nói_Ji ` Chứ Lời_Ca_Hay_Hợp LÝ Nghe Hay Tuyệt_Đấy_ANH_Tùng < 3
1036,Bằng_chứng là_lượt thích càng_ngày_càng cao hơn lượt dis không phải sao việt_nam có ai được lượt thích như_thế
1037,Mùng 2. 2022 ai còn nghe không. Nhạc sơn tùng dù bao_nhiêu năm nghe lại vẫn có cảm_giác rất chất
1038,đây là một bài hát dân_gian hay và bổ_ích
1039,Tùng đi xa quá Tùng tới tận BTS rồi tới Charlie_Puth :cười_ra_nước_mắt: :cười_ra_nước_mắt: :cười_ra_nước_mắt: :cầu_nguyện: :cầu_nguyện:
1040,sky ơi! cả nhà hãy luôn_luôn ủng_hộ xếp Tùng nhà mình nhé < 3 hãy chung tay đưa MV này lên tới 100tr lượt xem
1041,"Bạn tôi kể rằng "" Bài này chắc_chắn là bài hát hay nhất mà cộng_đồng hàng trăm triệu thành_viên bọn tôi từng được nghe "" theo tôi biết thì mới chỉ có bài này là đạt đến trình_độ người điếc nghe được"
1042,"nhạc với nhẽo.. nghe như shitm thảm_hoạ âm_nhạc, không huêur sao chúng_nó thần_tượng thằng dở_hơi này."
1043,Đừng để video bị dílike quá nhiều vậy Contact: binnguyen @ gmail. com
1044,FAN SỊP SIÊU_NHÂN GAO CHÚC TÙNG THÀNH_CÔNG!!!
1045,Cô Ngân đọc chữ siro sai rồi đó nhé mấy bạn ơi
1046,việt_nam được mỗi sơn tùng là tự_hào mà phán_xét gì
1047,"Hoà_âm, phối_khí quá hay. Goodjob sơn tùng!"
1048,Đã làm thì ráng làm cho tốt việc đó đi rồi hẵng ôm_đồm. Diễn_xuất thì đã mờ_nhạt rồi giờ thêm hát_hò nữa chứ. Không phải chỉ đẹp là làm cái gì cũng được đâu.
1049,"có mấy câu không luộc rau, không luộc được rau mà hát qoài nản...."
1050,bọn Sky quẩy nát we don ' tôi talk anymore của ngta bên kia rồi!!!!!!!!!
1051,không hĩu việt_nam mjnk không ủng_hộ mak cứ đá xéo nhau. cứ pênh người nc ngoai
1052,"Nể tác_giả thật, dám viết lời, dám hát và đặc_biệt là dám phát_hành"
1053,"Giai_điệu cũng bắt tai đấy chứ, nhạc hay, lời vô_nghĩa thì cũng như nghe nhạc hàn hay despacito thôi"
1054,lượng thích và không thích đang chạy_đua không bjt bao_giờ ai ms là người ngã mũ và cuộc_chiến giữa fan % anti fan ngày_càng khốc_liệt... người Việt_Nam mà sao cứ rìm và đấu_đá nhau mãi vậy
1055,Phía trc bây_giờ ai đang nắm chặt bàn_tay của ai vậy? :mặt_chán:
1056,Tôi thích Sammy đào hơn cùng là chị_em sinh_đôi nhưng tôi thích dọng của Sammy hơn
1057,Quá hay nuôn TÔI. TÔI cám_ơn antifan em nghiện bài này rồi: ) )
1058,Mấy bạn làm như Chipu là Linh_Ka hay sao mà không thích ghê vậyy?
1059,"Đờ mờ nhạc hay, giọng hát ổn mà đâu có tệ, mà sao chê tê tả vậy, Đờ mờ nhạc hay vãi cả lúa. Con Hương_Tràm sân_si vãi cả lúa tôi không phải fan Chi pu thấy sao nói vậy"
1060,CTKTVN đã có đối_thủ tiếp_theo là PSMCG hiện_nay đang tăng viéws nhanh khủng khi có 75 mày viéws với 1m viéws / ngày | Anh_em sky chú_ý để còn tăng nahnh lên | Hiện_nay CTKTVN chỉ đạt Trung_bình 200k viéws / ngày | :cơ:
1061,"Ok là nhạc khá bắt tai, nhưng giọng hát nghe cứng và chả có cảm_xúc jk"
1062,rap thì bài Fire của bts và we don ' tôi talk anymore và phong_cách vẫn gd lúc ra khói của bài sober!!: )
1063,nghe nv thì mỗi lần nghe cách nhau mấy phút vậy mày. người? ^ ^!
1064,Mình ước_tính đến khoảng năm 2023 nữa MV sẽ lên được 200m
1065,Mấy bọn antifân xàm l * *. Ghét_TÙNG thì xm MV của TÙNG lmj. xm rồi cứ SỬA ẲNG ẲNG lên. thấy MV hay lên GATO soi_mói chứ gì.
1066,1 con hãm lồn đang hát một bài hát max hãm lồn luôn: d
1067,Fan_Jesica_Jung chúc sơn tùng thành_công. Mv đẹp hát hay đẹp_trai
1068,"sao mày. người cứ ưa đích lai mà không lai rứa, hay moà."
1069,"Không phải fan, cũng không phải anti nhưng nói_chung cũng tạm được, Sao mà nhiều không thích thế"
1070,ở tuổi 22 sơn tùng đã có công_ty âm_nhạc riêng kênh youtube nhiều lược theo giỏi có những mv lược xem cao xe hộp 5 tỷ rất đáng ngưỡng_mộ!!!
1071,"fan Charlie_Puth và fan BTS chúc Tùng "" thành_công "" = ) ) ) )"
1072,Vì sky quá đông nên không thích không bằng thích rồi: ( (
1073,chắc mấy ngày hôm_nay anh bị áp_lực của dư_luận nhiều lắm nhỉ. anh cố lên em ủng_hộ anh mặc_kệ chúng_nó đi. bên cạnh anh vẫn là sự ủng_hộ
1074,bai hay lam lam nhac tiep nhe mp_son tung nhe
1075,nhìn chipu không hồn_nhiên như ngày_xưa bây_giờ cá_tính hơn
1076,Sk. y và Tùng luôn Thuộc về nhau phải không cả nhà?
1077,từ đó trong tôi bừng nắng hạ mặt_trời vây beat chói vào trym
1078,kể_ra bỏ cái đoạn: oh oh oh oh đi thì hay
1079,45 giây đầu tưởng Sếp sản_xuất búp_bê tình_dục trong clip.
1080,tôi thấy MV có gì đâu mà nhiều không thích thế??
1081,"Bài hát rất tốt, sau 7 tháng tôi nghe lại vẫn U I ANH như ngày nào"
1082,"Em chủ_yếu vô đây xem cmt chửi nhau. Người Việt_Nam hài vãi cả lúa, loạn cả youtube"
1083,"st song_ca với selena gomez là chuẩn bài luon, :cười_rạng_rỡ: :cười_rạng_rỡ: :cười_rạng_rỡ:"
1084,Bích mằn không thính điều này đâu chúa kể bầu_trời
1085,Bật bài này cho cụ tôi nghe cụ tôi chửi quá_trời
1086,Zem lại cái MV này vì nghe Kira hát trg live: ) ) ) )
1087,"có ai giải_thích giùm lúc Sơn_Tùng cãi nhau với con tóc ngắn ấy, tự_nhiên đang cải nhau cái nhỏ đó để kẹo trong miệng đúc tk Tùng. xong 2 đứa cãi nhau típ. chã lẻ ý nó chửi Sơn tùng hôi miệng nên chia_tay hã"
1088,Mẹ bài này hay mà. Xóm có mấy đứa fan chi pu suốt ngày ò ó không ò ooooooo
1089,90. 006. 247 lượt xem rồi yeah sky rán 95tr trong vòng 1 tuần được không nhỉ cùng với Lạc trôi 30tr lượt xem trong vòng 1 tuần
1090,"Cảm_ơn anh Đỗ_Phú_Quý vì quân_đội đã thay toàn_bộ vũ khĩ, xe, máy_bay, chiến_thuyền thành dàn loa phát bài Pickleball, từ đó giúp tiết_kiệm bao_nhiêu là tiền nhà_nước."
1091,2 ngày lượt views xem bằng nhau với WE don talk any more thế_này là ok lắm rồi :mèo_mắt_trái_tim: :mèo_mắt_trái_tim:
1092,"Vâng! Cả bài toàn ngồi soi nên chỉ nghe duy_nhất một câu "" Chúng_ta không thuộc về nhau "". Soi thì đã soi, nghe lại lần hai xem nội_dung bài hát là gì và dự_định chỉ nghe hai lần là đủ. Thanks!"
1093,"Có ai để_ý lúc sếp ngã vào bồn_tắm không, hình_như tay_trái của sếp bị va vào thành bồn_tắm"
1094,Gớm vậy cũng hát được. Không ngượng miệng hả?
1095,"Đầu_tư MV công_phu nhưng giọng hát chưa tới thì nghe cứ đều_đều ấy, không có chút nào cao_trào, mình cũng chẳng hiểu ý_nghĩa của MV này lắm, mà cũng có_thể do Chi chọn sai bài hát. Bài này mà Chi hát live thì chắc khó hát lắm. Mình chỉ đơn_giản xem thôi, không thích hay không thích gì cả. Nhưng phải công_nhận Chi càng_ngày_càng xinh, bạn nên chọn bài hát thật kỹ như bài Trở về đi, mình thấy hát bài đấy rất ok, nhẹ_nhàng hợp hơn với bạn hơn là thể_loại này"
1096,Bài này hơn hẳn We don ' tôi... về lượt disslike nhé = ) )
1097,126. 000. 000 lượt xem rồi SKY ơi SAY OH YEAH!!!
1098,anh hẹn em pickleball ~ ta vờn nhau pickleball ~ my friend said with her girl friend: đi chơi pickeball trong khách_sạn không?
1099,được nhiều lượt xem vậy cũng nhờ người nước khác tò_mò mà xem mà cũng chúc_mừng anh Tùng nhé :vỗ_tay: :vỗ_tay: :vỗ_tay: :trái_tim_đỏ: :trái_tim_đỏ: :dấu_hôn:
1100,CTKTVN 100tr ae sky tiếp_tục qua cày Lạc_Trôi lên 100tr đi. ai đồng_ý thích cmt nhé < 3!
1101,Đứa em_gái em nghiện điện_thoại mà bây_giờ nghe xong nó vướt moẹ cái điện_thoại lun
1102,"Nghe vừa tai, làm gì đến_nỗi kinh_khủng. -. Sao một_số người gắt thế. Chắc gì đã bằng người mà cứ nói như mình am_hiểu âm_nhạc vậy. Hay thì nghe, không hay thì thoát ra, sao cứ phải dùng lời_nói gay_gắt làm gì = ) ) một_số người hài lắm nhé, cứ tự dìm Việt_Nam xuống rồi đi ca_tụng nước_ngoài. Đó chính là lý_do âm_nhạc Việt_Nam không bao_giờ khá hơn được: vậy"
1103,- fan Tùng núi chúc anh Tùng núi_thành công!
1104,In phông kẻ nói chị sẽ vơi quay cái nhà đẹp
1105,"Căng đét nhờ, nghe đoạn trên tiktok cứ bị cuốn á"
1106,Hay mà cứ chê cố lên chị :cười_rạng_rỡ: :cười_rạng_rỡ: :cười_rạng_rỡ: :cười_rạng_rỡ: :cười_rạng_rỡ: :cười_rạng_rỡ: :cười_rạng_rỡ: :cười_rạng_rỡ: :cười_rạng_rỡ: :cười_rạng_rỡ: :cười_rạng_rỡ:0 :cười_rạng_rỡ:1 :cười_rạng_rỡ:2 :cười_rạng_rỡ:3 :cười_rạng_rỡ:4 :cười_rạng_rỡ:5 :cười_rạng_rỡ:6 :cười_rạng_rỡ:7 :cười_rạng_rỡ:8 :cười_rạng_rỡ:9 :cười_rạng_rỡ:0 :cười_rạng_rỡ:1 :cười_rạng_rỡ:2 :cười_rạng_rỡ:3 :cười_rạng_rỡ:4 :cười_rạng_rỡ:5 :cười_rạng_rỡ:6 :cười_rạng_rỡ:7 :cười_rạng_rỡ:8 :cười_rạng_rỡ:9 :cười_rạng_rỡ:0 :cười_rạng_rỡ:1 :cười_rạng_rỡ:2 :cười_rạng_rỡ:3 :cười_rạng_rỡ:4 :cười_rạng_rỡ:5 :cười_rạng_rỡ:6 :cười_rạng_rỡ:7 :cười_rạng_rỡ:8 :cười_rạng_rỡ:9 :cười_rạng_rỡ:0 :cười_rạng_rỡ:1 :cười_rạng_rỡ:2 :cười_rạng_rỡ:3 :cười_rạng_rỡ:4 :cười_rạng_rỡ:5 :cười_rạng_rỡ:6 :cười_rạng_rỡ:7 :cười_rạng_rỡ:8 :cười_rạng_rỡ:9 :cười_rạng_rỡ:0 :cười_rạng_rỡ:1 :cười_rạng_rỡ:2 :cười_rạng_rỡ:3 :cười_rạng_rỡ:4 :cười_rạng_rỡ:5 :cười_rạng_rỡ:6 :cười_rạng_rỡ:7 :cười_rạng_rỡ:8 :cười_rạng_rỡ:9 :cười_rạng_rỡ:0 :cười_rạng_rỡ:1 :cười_rạng_rỡ:2 :cười_rạng_rỡ:3 :cười_rạng_rỡ:4 :cười_rạng_rỡ:5 :cười_rạng_rỡ:6 :cười_rạng_rỡ:7 :cười_rạng_rỡ:8 :cười_rạng_rỡ:9 :cười_rạng_rỡ:0 :cười_rạng_rỡ:1 :cười_rạng_rỡ:2 :cười_rạng_rỡ:3 :cười_rạng_rỡ:4 :cười_rạng_rỡ:5 :cười_rạng_rỡ:6 :cười_rạng_rỡ:7 :cười_rạng_rỡ:8 :cười_rạng_rỡ:9 :cười_rạng_rỡ:0 :cười_rạng_rỡ:1 :cười_rạng_rỡ:2 :cười_rạng_rỡ:3 :cười_rạng_rỡ:4 :cười_rạng_rỡ:5 :cười_rạng_rỡ:6 :cười_rạng_rỡ:7 :cười_rạng_rỡ:8 :cười_rạng_rỡ:9 :cười_rạng_rỡ:0 :cười_rạng_rỡ:1 :cười_rạng_rỡ:2 :cười_rạng_rỡ:3 :cười_rạng_rỡ:4 :cười_rạng_rỡ:5 :cười_rạng_rỡ:6 :cười_rạng_rỡ:7 :cười_rạng_rỡ:8 :cười_rạng_rỡ:9 :cười_rạng_rỡ:00 :cười_rạng_rỡ:01 :cười_rạng_rỡ:02 :cười_rạng_rỡ:03 :cười_rạng_rỡ:04 :cười_rạng_rỡ:05 :cười_rạng_rỡ:06 :cười_rạng_rỡ:07 :cười_rạng_rỡ:08 :cười_rạng_rỡ:09 :cười_rạng_rỡ:10 :cười_rạng_rỡ:11 :cười_rạng_rỡ:12 :cười_rạng_rỡ:13 :cười_rạng_rỡ:14 :cười_rạng_rỡ:15 :cười_rạng_rỡ:16 :cười_rạng_rỡ:17 :cười_rạng_rỡ:18 :cười_rạng_rỡ:19 :cười_rạng_rỡ:20 :cười_rạng_rỡ:21 :cười_rạng_rỡ:22 :cười_rạng_rỡ:23 :cười_rạng_rỡ:24 :cười_rạng_rỡ:25 :cười_rạng_rỡ:26 :cười_rạng_rỡ:27 :cười_rạng_rỡ:28 :cười_rạng_rỡ:29 :cười_rạng_rỡ:30 :cười_rạng_rỡ:31 :cười_rạng_rỡ:32 :cười_rạng_rỡ:33 :cười_rạng_rỡ:34 :cười_rạng_rỡ:35 :cười_rạng_rỡ:36 :cười_rạng_rỡ:37 :cười_rạng_rỡ:38 :cười_rạng_rỡ:39 :cười_rạng_rỡ:40 :cười_rạng_rỡ:41 :cười_rạng_rỡ:42 :cười_rạng_rỡ:43 :cười_rạng_rỡ:44 :cười_rạng_rỡ:45 :cười_rạng_rỡ:46 :cười_rạng_rỡ:47 :cười_rạng_rỡ:48 :cười_rạng_rỡ:49 :cười_rạng_rỡ:50 :cười_rạng_rỡ:51 :cười_rạng_rỡ:52 :cười_rạng_rỡ:53 :cười_rạng_rỡ:54 :cười_rạng_rỡ:55 :cười_rạng_rỡ:56 :cười_rạng_rỡ:57 :cười_rạng_rỡ:58 :cười_rạng_rỡ:59 :cười_rạng_rỡ:60 :cười_rạng_rỡ:61 :cười_rạng_rỡ:62 :cười_rạng_rỡ:63 :cười_rạng_rỡ:64 :cười_rạng_rỡ:65 :cười_rạng_rỡ:66 :cười_rạng_rỡ:67 :cười_rạng_rỡ:68 :cười_rạng_rỡ:69 :cười_rạng_rỡ:70 :cười_rạng_rỡ:71 :cười_rạng_rỡ:72 :cười_rạng_rỡ:73 :cười_rạng_rỡ:74 :cười_rạng_rỡ:75 :cười_rạng_rỡ:76 :cười_rạng_rỡ:77 :cười_rạng_rỡ:78 :cười_rạng_rỡ:79 :cười_rạng_rỡ:80 :cười_rạng_rỡ:81 :cười_rạng_rỡ:82 :cười_rạng_rỡ:83 :cười_rạng_rỡ:84 :cười_rạng_rỡ:85 :cười_rạng_rỡ:86 :cười_rạng_rỡ:87 :cười_rạng_rỡ:88 :cười_rạng_rỡ:89 :cười_rạng_rỡ:90 :cười_rạng_rỡ:91 :cười_rạng_rỡ:92 :cười_rạng_rỡ:93 :cười_rạng_rỡ:94 :cười_rạng_rỡ:95 :cười_rạng_rỡ:96 :cười_rạng_rỡ:97 :cười_rạng_rỡ:98 :cười_rạng_rỡ:99 :cười_rạng_rỡ:00 :cười_rạng_rỡ:01 :cười_rạng_rỡ:02 :cười_rạng_rỡ:03 :cười_rạng_rỡ:04 :cười_rạng_rỡ:05 :cười_rạng_rỡ:06 :cười_rạng_rỡ:07 :cười_rạng_rỡ:08 :cười_rạng_rỡ:09 là fan chị mãi_mãi
1107,dở thì bảo dở... đúng là fan cổ_suý cho nhưng cái suy_thoái.. đã dốt lại còn tỏ ra nguu hiểm. may con gọi là bot girl có biết cái đéo gì đâu ngoài khoe hàng ra kiếm tiền tỷ. xã_hội thanh_niên bay giờ nhận_thức kém thật. đâm_ra những tài_năng thật_sự thì mòn_mỏi. may_mà. bài này bị sập chứ tung_hô lên. lại có jàng chục hàng trăm cv làm MV mất
1108,"cứ coi như nó là bản vietsub và nghe nó đi, đừng quan_trọng_hoá vấn_đề quá, âm_nhạc là thứ giúp ta thư_giãn chứ không phải thứ mang đến tranh_luận. tôi không hề là fan của bất_cứ ai cả, tôi nghe nhạc đơn_giản vì tôi muốn nghe, có những lúc nghe những bản_nhạc không lời tôi vẫn hát ra những câu hát mặc_dù không được hay nhưng đó là cảm_hứng của tôi, chàng trai này, anh ta dám thể_hiện cái cảm_hứng của mình ra với mọi người, tôi đánh_giá cao. cũng như Lệ_Rơi, anh ta có can_đảm thể_hiện dù bị chê_cười. Còn bạn thì sao? nếu bạn là họ, bạn có_thể đưa điều đó ra hay không? Tôi thấy nhiều người cmt phản_cảm, vậy mọi người hãy cover 1bài gì đó, hay cũng được, không hay cũng chẳng sao và đăng nó lên, bạn cũng sẽ nhận được những lời đánh_giá.: ) "" xin phép miễn bình_luận, cảm_ơn! "" Hà_nội 4 _ 8, 17h. 20p."
1109,Hôm_nay 13 / 03 / 2018 có ai còn xem với tôi không
1110,1 bài pha quá_trời bài: VẬY có đoạn nhạc của we don ' tôi talk anymore nữa: ) nghe rõ nhất đoạn điệp_khúc
1111,Sao nhạc mở_đầu nghe y_hệt Style - Taylor_Swift vậy nhỉ?
1112,"Nhờ bài hát này mà tôi đã hết bệnh bón mãn_tính, cảm Đỹ_Phú_Quố :cười_ra_nước_mắt:"
1113,chả hiểu bạn này sau 5 năm nữa có hát hay không.... đúng là làm nghệ_thuật nhất là ca_sĩ cần có tố_chất....
1114,Mặt dù không thấy ai rap hay nhưng thích nhất là cô ngân
1115,"Luyện thanh 3 năm sao giọng vẫn tởm thế: ( ( ( mọi người cứ toàn nói đường dài mới biết ngựa hay, chưa chắc đâu à nhé: ( 3 năm chứ đâu phải ít = ) ) ) Mình đồng_ý Chi_Pu tài_năng ở rất nhiều mặt nhung ma trưf ca_hát. Người bình_thường mà luyện thanh 3 năm nếu không có giọng thì ít_ra nghe mượt hơn = ) ) ) Em nghĩ chị không nên hát đâu, chị đừng cố phải trở_thành một ngôi_sao tài_năng toàn_diện nữa, hãy cứ làm những cái phù_hợp với thế mạnh của chị thôi nhé"
1116,Hương tràm nói đúng thật không_thể nghe nổi hết bài
1117,MỌI NGƯỜI VÀO KÊNH MÌNH ĐỂ XEM_LẠI NHỮNG CA_KHÚC NGÀY_XƯA CỦA TÙNG NHÉ < 3
1118,Hãy quênhà siêu thảm_hoạ Chernobyl đi Bởi chúng_ta đang phải đối_diện với siêu thảm_hoạ trước_mắt này
1119,"Mấy thánh Việt_Nam giả_mạo người nước_ngoài bớt xàm nhé. klq cơ_mà cố lên, sắp 15tr rồi"
1120,mãi_mãi yêu_thương ủng_hộ và theo_dõi anh < 3
1121,người việt_nam mình ý_thức kém quá: ) ) ) cái lượt lượt xem nó tới hơn 15tr mà lượt subscribe thì chưa bằng 1 góc của nó: ) ) đất_nước việt_nam chả có tí ý_thức gì cả: ) không có ý vơ_đũa_cả_nắm cũng không phải là sky hay anti fan gì chỉ là đi ngang qua nghe thử xem sao nhìn mà thấy buồn_cười: ) ) bảo sao ngành youtube của việt_nam không phát_triển nổi như nước của người ` ta ; ) )
1122,Thật_ra là cũng không đến_nỗi quá tệ đâu: 3 đừng ném đá nhiều tội Chi.. nhưng_mà mình thích Chi làm diễn_viên với người_mẫu hơn cơ.
1123,"Welax đưa tôi tới đây, chắc cho cái không thích cho cái kiếp nạn cuối_cùng của Đường Tăng này quá: )"
1124,Từng đêm qua cơn mưa bao_vây chia rời đôi ta
1125,Chắc chỉ là trùng_hợp giống bài We don ' tôi talk anymore thôi: ) )
1126,Tôi nghiện bài này rồi. Nhất_là đoạn của Simmy
1127,Kẻ tối cổ không thích theo xu_hướng hiện_đại đã ở đây: l
1128,Hi_vọng Sẽ lên top 1 trên top thịnh_hành
1129,ANH nhớ comeback mv vừa hát vừa nhảy nv nữa nhé :trái_tim_đỏ: :trái_tim_đỏ:
1130,Sơn tùng làm búp_bê tình_dục có gì hay đâu mà nhiều người xem thế? WTF?
1131,"Đẹp cũng chẳng đẹp, tài_năng thì cũng chẳng có. Chả hiểu kiểu gì lại đăng lên tra_tấn người khác"
1132,"Trông clip chả ra làm_sao, bài hát thì cũng kiểu gì ấy. Chắc không hợp với mình."
1133,Nghe cũng bắt tai lắm chứ. Ủng_hộ chị < 3
1134,"Hơi dài chút nhg bạn nào đã đọc rồi thì cố đọc hết nhé! * Về âm_nhạc: Thực_sự bài hát không khác gì một bài hát tiếng Hàn được dịch sang tiếng Việt cả. Nên đã nghe nhạc Hàn thì người ta sẽ tìm đến ca_sĩ Hàn để mà nghe chứ không phải tìm đến nhạc của Chi_Pu để mà nghe. * Về MV: Mình thấy trang_phục khá đẹp, có sự đầu_tư nhg màu_sắc của MV quá loè_loẹt, các chi_tiết trong MV rối_rắm, không mang chất riêng của Chi_Pu. Biểu_cảm đơ, gượng_ép nên với tư_cách là một khán_giả mình thấy không các gì đag xem mấy cái CF có hotgirl Chi_Pu đóng chính cả * Về giọng hát: Yếu_tố quan_trọng nhất của một ca_sĩ là giọng hát nhg Chi_Pu lại không có được điều này. Giọng hát của Chi_Pu yếu, chênh phô khiến không có gì khiến người ta phải nhớ đến cả mà thậm_chí biến một bài hát như_vậy dở tệ lại còn dở tệ hơn, nói nặng hơn là thảm_hoạ. Mình thật_sự đã thích Chi_Pu từ hồi 5S Online và đã theo sát Chi từ đó. Mình bt Chi có khuôn_mặt đẹp, khả_năng diễn_xuất ổn nên mong Chi vẫn nên làm diễn_viên hay mẫu ảnh thôi chứ đừng có lấn sang ca_hát nữa vì thực_sự Chi không có tố_chất để làm một ca_sĩ!"
1135,_son tung không he sao chep ban nhac zao cua vu cat tuong nhu thoi su ngay 27 thang 8
1136,từ lúc ra sản_phẩm này kênh của Tùng tăng lên hơn 20 nghìn lượt sub. kinh_khủng
1137,Tôi thấy bài này cũng được mà sao nhiều người chê vậy :suy_nghĩ:
1138,Có ai từa cần một lý_do qua đây xem không thích không?
1139,"MOng anh tiếp_tục có những sản_phẩm âm_nhạc tuyệt_vời như thế_này, mãi đỉnh mãi đỉnh"
1140,chính những anti fan khiến mtp nổi lại càng nổi
1141,"Cũng hay mà sao nhiều không thích quá vậy, chị chipu cực xinh dễ_thương luôn í :thích:"
1142,hay lăm... nghe đi nghe lại không chán... chúc bài hát nhanh chống đứng đầu bxh
1143,hat không hay bag huog tram that.. nhưg ma mìh cảm_thấy hương tràm co nét gi do rat chảh nên khôg thích
1144,Xem cả 2 bản thì đều thấy là siro là người rap hay nhất ý > <
1145,Rồi chủ_đề của bài này là cái gì? Tình hay quần_vợt?????????
1146,nghe hay nhưng đừng để lọt vào tay người nước_ngoài
1147,Xem xong MV Cắm_Sừng Ai_Đừng_Cắm_Sừng Em của Phí_Phương_Anh thì em chạy qua đây ạ!!! Nói thật thì bắt_đầu mê chị Chi_Pu từ bài này rồi!!! :trái_tim_lấp_lánh: :trái_tim_lấp_lánh: :trái_tim_lấp_lánh:
1148,Mấy thằng người. gì. u cmt miết giờ nó hot mẹ rồi
1149,ae sky ơi :dấu_chiến_thắng: cố_gắng cày lên 100m views nhé :dấu_chiến_thắng: :dấu_chiến_thắng: :dấu_chiến_thắng:
1150,"Mv_Đẹp, lạ :mắt_trái_tim: :mắt_trái_tim: :mắt_trái_tim: Hoan_hô Tùng :cười_toe_toét: :cười_toe_toét: :cười_toe_toét: :cười_toe_toét: Say ố ye ố ye :hôn_mỉm_cười:"
1151,Không hay bằng em_gái mua... nhung nho huong tram mak mình vào đây nghe thử
1152,Xem trước rồi hẵn không thích nhé: ) xếp dặn mình thế
1153,cái đoạn ngã xuống_nước cứ tua đi_tua lại xem
1154,"Tùng thực_sự tài_năng thật nhưng xin lược bỏ bớt những chi_tiết, nhịp_điệu quá giống đi!"
1155,cũng đâu đến_nỗi nghe cũng được mà ( theo cá_nhân mình nghĩ )
1156,Nghe củng hay mà sao thấy mọi người ném đá thế Chỉ có đạo nhạc mà củng ném thua
1157,"Cố_gắng nghe hết bài nhưng thật_sự CP hát không hay, lời bài hát nhảm. KHÔNG hùa gì nhé cũng không vì HT mà nx vậy đâu. Có s nói vậy thôi"
1158,21 / 8 2019 tôi vẫn còn xem ký_ức lại ùa về
1159,Những lúc như thế_này tôi lại nhớ anh_tài smiles ghê
1160,"Nghe lần đầu, dự là không nghe nữa mà cái lời bài hát vương_vấn trong đầu, nghe lại và bây_giờ đã nghiện"
1161,Từ một người bạn thực_vật của tôi nó đã tỉnh dậy để tắt được bài hát này cảm_ơn anh :cười_đỏ_má:
1162,Hay mà. Những người không ủng_hộ chị_em nghĩ là họ đang GHEN TỴ với chị vì chị quá ĐA_TÀI thôi. Luôn ủng_hộ và chúc chị luôn thành_công.
1163,điệp_khúc y_chang we don ' tôi talk anymore vãi sếp ' ss của ' ss em ' ss
1164,luon ung ho anh_son tung. bai hat qua tuyet voi
1165,Đến bây_giờ vẫn còn xem_lại MV này của Tùng :trái_tim_đỏ:
1166,"Bài hát quá tệ, đưa bạn em xem cùng xong lăn luôn ra đất vì quá dở"
1167,Ít_nhất thì Chi cũng không đạo nhạc: ) ) nhạc nghe phê mà. Chỉ là lời việt hơi...
1168,Hờ hờ MV we don ' tôi talking anymore đã gấp đôi mv này ạ
1169,mình là Fan xếp Tú...!!! chúc anh tùng thành_công = > > cover hay quá à sub quá chuẫn luôn lần đầu nghe tiếng việt mình hiểu = > > đại GD hay vững bước nhé mặc_kệ dư_luận.... đi không cần nhìn đâu = > > cái Sỉ nó không được mua = tiền nên cứ thản nhien noà moahhhhhhhhh
1170,Hương tràm đưa tôi đến đây nghe xong thấy giọng yếu vler được cái phối nhạc sôi_động ít nên còn nghe được... thôi cố quá lại thành.. Zx
1171,Nhạc hay beat hay đồ đẹp nhảy đẹp. Chi_Pu cố lên
1172,"nghe xong từ thằng khoẻ nhất lớp, 3 ngày sau nhập_viện vì bị thần_kinh"
1173,ai dịch mấy cmt tây kia với không giỏi tiếg anh: ) )
1174,Sao dis kinh vậy tôi thấy cũng có tệ đâu sao phải chê người ta thế bằng được chị ý không mà dis rồi còn bói không nên làm ca_sĩ Đây cũng chỉ là đam_mê thôi mà mọi người
1175,nghe còn hay hơn we don ' tôi talk anymore nữa :vỗ_tay:. Mặt dù tôi là antifan
1176,"chả phải hâm_mộ gì mà nge là ngiện. =. = """
1177,fan đột_kích hết thời ủng_hộ tùng lùi mỗi ngày 20views
1178,Dù không phải sky nhưng vẫn ủng_hộ anh ( ´ ∀ ｀ ) ♡ Mong anh có_thể ra nhiều tác_phẩm hơn. Trong số mấy ca_sĩ hiện_nay em thấy anh có cái nét riêng của mình nhất ạ và em thích thế = ) ) )
1179,hê xem đoạn rắp ráp búp_bê lại nhớ đến Turn_Me_On của nicki minaj
1180,1 năm nghe lại bài này tôi đã khỏi bệnh táo_bón: )
1181,"Không biết do giọng kém hay do bài hát này nó ngang phè_phè nhỉ. Nhạc VIỆT_NAM thì hoàn_toàn không đúng gu rồi, còn nếu nói theo hơi_hướng nhạc Hàn thì càng lạc quẻ nhỉ! Hầu_hết những bài hát KHÔNG - pop tuy phức_tạp lộn_xộn nhưng luôn_luôn 1 đoạn là điểm nhất ( rap, điệp_khúc, nối giữa các đoạn... hoặc 1 khúc bất_kỳ... ) để người ta nghe vào là nhớ ra ngay đó là bài hát đó. Mình là fan không - pop từ cuối gen 1 sang đến gen 3 và phải nói nhạc Hàn là thể_loại nhạc phức_tạp, lộn_xộn và khó thấm, nhưng vẫn ngấm được... mà khi nghe bài này còn chả thấm huống_gì những người trung_thành với thể_loại nhạc chính_chuyên."
1182,"* TÔI coi cái này không hiểu gì hết! Nghe cũng không hiểu, nhưng cô Ngân hay_hay kiểu gì *"
1183,ở VIỆT_NAM GIÀU THÌ NÓ GHÉT. NGHÈO THÌ NÓ KHINH. THÔNG_MINH THÌ NÓ TÌM CÁCH TIÊU_DIỆT
1184,Trường tôi tổ_chức gì đó có người bị cụt chân xong rồi còn mù khi trường mở bài hát này thì anh ấy có_thể đứng dậy để tắt bài hát này
1185,"hay mà, sao nói # chi hoài vậy? sản_phẩm đầu_tay như này được rồi sao nta nói là thảm_hoả, nên nói những gì tích_cực ạ dù_sao thì Chị chi cố lên ạ... Đừng nản chị nhé.. em luôn ủng_hộ chị.. y chị nhiều"
1186,"Ai tìm được viên ngọc quý này, làm_ơn để nó lại chỗ cũ đi..."
1187,"Mấy bạn đừng xem hết MV, tăng lượt xem đấy: 3, đừng nghĩ rằng "" 1 lượt xem cũng có đáng gì đâu, kệ "" thì bạn lầm rồi, bên ngoài cũng còn nhiều người nghĩ như bạn đấy: ) ) )"
1188,giống hay không giống cũng không quan_trọng :cười_ra_nước_mắt: chỉ cần nghe ổn thì em không quan_tâm anti nói gì cả = ) ) im not sky but i love ST :trái_tim_tím: :trái_tim_tím: :trái_tim_tím:
1189,nhà_sản_xuất garena có biết những game rác rưỡi là gì không chính là free fire đấy đồ trẻ trâu
1190,we dont thuộc về nhau... thiên_hạ đang đồn đây à
1191,6tr5 lượt xem trong 2 ngàyyy thiệt đã hết_sức. Skyyyy ủng_hộ anh. Tăng lượt xem nữa đi đại_gia_đình. :cười_toe_toét: :cười_toe_toét: :hôn_gió: :hôn_gió: :hôn_gió: :mắt_trái_tim: :mắt_trái_tim: :mắt_trái_tim:
1192,Qua thích nhẹ rồi qua Chạy_Ngay_Đi cày tiếp
1193,:cười_ra_nước_mắt: AI nhạc tiếng anh xong dịch tiếng Việt_anh
1194,"Theo tôi thì để debut ChiPu nên hợp_tác cùng nhạc_sĩ Việt thì hay hơn. Còn nhạc hàn lời Việt thế_này thực_sự nghe không thu_hút. Và cũng hy_vọng Chipu không đi theo con đường scandal, thảm_hoạ gì gì đó để nổi_tiếng. Chipu hợp với phong_cách teen teen hơn, vì khuân mặt của Chi chưa có đủ độ sexy. Đến 1 độ tuổi nào đó thì tự bản_thân sẽ thích_hợp với phong_cách đó, nên bây_giờ Chipu đừng vội đi theo kiểu sexy đó. Hy_vọng Chipu sẽ tìm được bài hát hợp với mình. Luôn ủng_hộ Chipu. Chỉ là góp_ý cá_nhân nhé."
1195,ai nói gì nói Chi vẫn hơn 2tr lượt xem! ủng_hộ Chi
1196,Chị ơi cố lên lượt thích sắp bằng dis rồi còn 12 nghìn thôi
1197,"Dù có chuyện gì đi_nữa thì âm_nhạc của Tùng luôn là hit, hay sẽ được nhiều người quan_tâm. Anti rần_rần thì bài của anh lượt lượt xem còn khủng thôi. Tốt mà: ) ) ) ) ) ) )"
1198,tóm_tắt là thằng tùng núi nó fa nhìu năm nên tạo búp_bê tình_dục nhưng cu tùng quá nứng nên nó đã thất cmn bại
1199,Thấy cũng hay mà sao mọi người ném đá dữ vậy???? 89N likes rồi cố nhiều hơn không thích ikikik :khóc_nức_nở: :khóc_nức_nở: :khóc_nức_nở:
1200,rất ghét mấy đứa sì ke đã không biết gì còn sủa
1201,FAN CRISTIANO RONALDO CHÚC SƠN TÙNG MÀY - TP THÀNH_CÔNG RỰC_RỠ TRONG NĂM 2016.
1202,Mình sẽ thích để ủng_hộ Chi. Chúc bạn thành_công trong con đường này.
1203,Cứ cái lũ anti chúng_mày thì Việt_Nam đéo bao_giờ phát_triển được - _ -
1204,Mình thấy chị Pu hát hay mà. Nhưng sao mọi người cứ nghĩ tiêu_cực vậy
1205,Dù hát không được hoàn_hảo nhưng chi đã rất cố_gắng rất nhiều. KHÔNG ăn_cháo_đá_bát hay chỉnh hết ngoại_hình để được nổi_tiếng. EM luôn ủng_hộ chị. Cố lên chị chipu nhé
1206,Có ai giống tôi không? Hương tràm đưa tôi tới đây. Chấm_hết!!!!
1207,"Ai cũng đẹp_trai sinh gái hết dễ_thương quá_trời, anh_chị ra bài ráp khác đi hay quá à"
1208,"Tôi người mỹ, _ _ mỹ_tho rất thích thắt_lưng bằng giây rút vải của bạn, gửi qua bưu_điện cho tôi được không pro"
1209,hôm qa lên xem vừa bị 4 trời... hôm_nay xem_lại thấy 8 trời ròi
1210,Mới 2 ngày mà đã hơn 5 triệu lượt lượt xem rồi
1211,Hương tràm nói quá chuẩn. CP nên từ_bỏ làm ca_sĩ
1212,cmt của vịêt nam thấy thô_lỗ + xấu_hổ. người mỹ họ còn khen thấy không giống mà vịêt nam cứ đem ra soi: ) ) người mỹ ho đã không ns ji rồi mà vịêt nam vẫn lam qá
1213,em thấy chị mèo simmmY hát hay quá còn cô còn cô ngân hát dở quá
1214,- MV đẹp. Nhạc thì mới nghe lần đầu nên chưa thích lắm.
1215,Đứa nào bảo hát hay tôi cũng chịu: ) thảm_hoạ rồi Giọng trong MV sửa là hay hết: )
1216,Ngày cày đêm cày. Hàng trăm lần! à vẫn nghiền.
1217,Dám lấy phần rap của RapMonster_BTS à? Ghê nhỉ??!!
1218,"Mình ở Hà_Lan, mình có làm clip quay thực_tế cuộc_sống CÔNG PHƯỢNG ở Bỉ và ĐOÀN VĂN HẬU ở Hà_Lan, mọi người vào kênh mình xem Phượng và Hậu nhé mọi người."
1219,Ai từ có chắc yêu là đây qua đây không?
1220,chúng_ta của hiện_tại vẫn âm_thầm đưa mv này lên 200M
1221,DU_lịch ở Đà_lạt lâm Đồng_đạo võ_thuật và người_thân của?
1222,TÔI nói tất_cả sky ' s thằng sơn tùng hát như l * * *
1223,"hay quá, mỗi_tội là sammy vuốt tóc lên nhiều quá thì lại không hay, chỉ vuốt lại một lần thôi"
1224,Nên có chút cao_độ cao_trào ý ạ.. Gần như bài này chỉ giữ tone bằng bằng thôi. :nháy_mắt:
1225,ừ.. số lượt xem tăng lên gấp mấy chục triệu oy
1226,Âygu bài này hay ghê luôn á. Mashup sáng_tạo thiệt :cười_ra_nước_mắt:
1227,Chúc_mừng CHÚNG_TA CỦA HIỆN_TẠI đạt 15M trong vòng 24H đầu nhé giờ thì CHÚC_MỪNG CHÚNG_TA
1228,- Ủa xí Tùng ' ss ù ' ss pa ' ss với TaeYong ( NCTU ) có chung stylelist hã ' - '?
1229,Lúc đầu coi thấy cô NGƯỜI hát hay lúc sau thấy nó không ngầu nữa còn chị thì coollllllllll
1230,nghe cũng vui vui mà cái MV xem xong cũng chẳng hiểu chi hết....
1231,"Thằng nhà_báo chí nào tào_lao, nghe củng hay mà có gì đâu mà giật tít tưởng đâu chuyện gì dử lám"
1232,chung ta phai thuoc ve nhau chung ta can thuoc ve nhau
1233,tối_qua 5 triệu mà giờ đã 7 triệu là sao
1234,19h hơn 2tr lượt xem.... 1 tháng chắc hơn mv em là của anh phần 1
1235,Tại vì anh thôi yêu say_mê nên đôi_khi quá dại_khờ
1236,Nếu_như bài này Ra lúc máy_bay đâm vô tháp đoi thì
1237,minh thich phong cach thoi trang cua cau nay ai giong minh không
1238,Tôi vẫn ở đây hằng ngày để đưa em nó lên 200m
1239,fan trâu best udy cày thuê chúc tùng thành_công
1240,nhờ anti mà lượt xem của mv ms được như_vậy tuy là fan KHÔNG - POP nhưng cũng thấy bài này hay nhưng không thích Tùng núi
1241,Hát chối tai quá. Autotone rồi mà quá quá quá tệ. Nghe cái nhạc thì hay chứ ca_sĩ mở mồm ra hát là chỉ muốn tắt luôn
1242,Em hâm à mà anh_chị giận anh Thado anh không cưng
1243,Chỉ có 1 từ để nói * hay * Mãi lun ủng_hộ Chipu cố lên :chỉ_trái:
1244,Chúng_ta có thuộc về nhau không? Tuỳ_thuộc vào hoàn_cảnh thời_điểm khả_năng cảm_nhận tâm_tư
1245,Thằng bạn em nghe xong bị liệt não rồi sao_anh
1246,"Chị vẫn nên làm mẫu ảnh thì hơn, thử sức mình với ca_hát bao nhiu đây là đủ rồi, người ta có chất giọng mới làm ca_sĩ được, chị không có cho_dù có tập mấy nó cũng đến đây thôi,"
1247,"Càng nge càng thấy hay. Chẳng muốn quan_tâm ai nói gì, hay thì nghe, không thích thì ra. Thế thôi"
1248,Trong những bai rap các bạn thích bài rap nào
1249,Không bàn về phần lời. Phần nhạc cũng khá bắt tai :cười_ra_nước_mắt:
1250,nghe vui mà sao bị gạch_đá nhiều thế nhỉ: ) ) hơn ối bài nhạt_nhẽo
1251,buông tay nhau ra. Phá mọi kỉ_lục về âm_nhạc của việt_nam trên youtube về mọi mặt
1252,bạn tôi bị liệt từ nhỏ sau khi cho nghe bài này thì nó chạy đi rất nhanh. Cảm_ơn tác_giả đã giúp bạn tôi hết liệt
1253,"9tr lượt xem rồi kìa, wow :mắt_trái_tim: :mắt_trái_tim: sếp tùng có khác"
1254,bài này chipu hát cũng hay mà. nếu hương tràm không phát_ngôn ra nv thì đâu nhiều không thích chứ.
1255,cai nay cua_son tung dinh ra 1 nam truoc roi may mv kia bat chuoc day
1256,hay lắm cki chipu ơi \ mãi_mãi ủng_hộ cki mong cki ra nhiều bài nữa nhé cố lên! cki chipu oi cố lên!
1257,"mình thấy đoạn ST nhảy cùng mấy cô vũ_công, trang_phục mấy cô đó cứ na_ná vũ_công của CL trong "" Hello_Bitches """
1258,MÀY. người không thích coi thì tôi có cần phải nói chị simmy này_nọ không chắc không có giọng cute như chị ấy thì ranh tỵ chứ gì
1259,"199. 917. 587 rồi mọi người ơi, ráng nốt ngày_mai lên 200M luôn nhaaaa :trái_tim_đỏ: ️ :trái_tim_đỏ: ️"
1260,Sơn_Tùng ơi em là fan trung_thành của anh dây
1261,"bài hát rất ý_nghĩ mặc_dù tôi bị què và nghiện nhưng vẫn bật dậy nhảy theo, một người trong trại nghiện chia sẽ"
1262,Em nhe bài nài 100 lần rồi mà chưa hát được
1263,"nửa bài hát là câu "" chúng_ta không thuộc về nhau """
1264,vao nghe we don ' tôi talk anymore mình toan viêtnam cmt. vãi cả lúa thât
1265,"tôi chỉ tò nên vào đây "" nhấn_mạnh "" tôi chỉ tò_mò nên mới vào đây..."
1266,Hero team cố lên nhé chúng_em sẽ giúp Anh_chị ạ mãi_mãi yêu hero team không yêu đổi đó em ghét đổi đó
1267,18M... chúc 1 tuần sau khi ra_mắt sẽ đạt được trên 20M nhé!!
1268,nhé anh ơ dau em hâm nô sơn tung that nhat bai chung ta không thuôc ve nhau va
1269,"Bài này viết cho hiện_tại mà tôi cảm_tưởng viết cho tươg lai mãi 70 năm sau, vì lúc í tôi ở dạg vong lih thì may_ra mới thẩm được bài hát này"
1270,"Mv không xem lo cại cái này, moi cái kia, thế bọn mày bít có bao_nhiêu nốt_nhạc không hả có 8 nút thôi, mà làm cả 1 cái MV giống chúc thì sao miễn cái gì giống thì đem ra bàn còn cái khác bỏ đâu. Nói vậy thì đất nhà mấy người giống đất hàng_xóm đấy vậy thì có_thể nói mấy người ăn_cắp đất hàng_xóm được không, không xem thì_thôi, học được bao_nhiêu bài đặt tỏ ra là người hiểu bít à sống cũng làm_ơn có cái_tâm"
1271,nghèo thì nó khinh giàu thì nó ghét tài_năng thì nó tiêu_diệt sơn Tùng MÀY - TP tài_năng quá chúng_nó ghen_ăn_tức_ở tìm cách diệt
1272,Gét bọn hero team vãi mới vào có vài hôm mà mặt vênh_vênh váo váo
1273,"Bống bống bang bang 95, 000, 000 triệu rồi kìa tăng cương xem ctktvn đi sky ơi"
1274,Lời hát có_vẻ hơi nhảm... Nhưng_mà MV đầu_tay mà như này còn chê chỗ nào được........ hay....
1275,chú tùng hát rất hay.. lúc trc on hâm_mộ và thần_tượng chú.. nhưng sau khi nghe bài này thì con là anty fan chún luôn rồi.. >. < con thấy bài này chẳng khác gì we don ' tôi talk anymore.!!
1276,"Giọng chị không phải dở, không phải là khó nghe, mà bai hát âm_điệu chẳng có ý_nghĩa, nó cứ trầm trầm sao ý, không có cao_trào cũng không có ấn_tượng, kiểu nó làm tâm_trạng người ta vui theo kiểu xuống_dốc á, nói_chung chị nên tim một nhạc si đê kêt hợp tốt hơn như Châu_Đăng_Khoa chẳng_hạn, bài crazy của anh cũng kiểu vui_tươi, chỉ cân nghe giai_điệu la thấy hâp dẫn rôi, bài này lời và nhạc rất ư là dở, còn hơn cả mấy đứa đang thực_tập sáng_tác nữa! Chi la Chi, dung co giong Han_Quoc lam gi! Cố lên chị"
1277,Tôi thấy bài này bình_thường mà có gì mà chê bài hát tệ thế?
1278,Chi_Pu | TỪ HÔM_NAY ( Feel_Thích_Ooh ) - Fan_Cua_Chi_Pu
1279,`` hây chúng_ta không thuộc về nhau `` Cứ wen wen như nghe ở đâu rồi đấy nhỉ?
1280,Thang nay chi biet dao nhac bac trc nguoi ta thoy chu no biet no lam gì
1281,lượng subscribe kênh của Tùng > 500 không sau khi tung ra MV này...
1282,"89 triệu rồi, cày CTKTVN với Lạc trôi luôn nhé sky"
1283,"tôi vô xem lần 4, để coi thử bao_nhiêu lượt dít live rồi"
1284,Tổi cảm_ơn Dỗ_Phú_Quí vì cho tôi cảm_giác như cak. Và thng bạn tội đã chết và sống dậy tắt nhạc tôi cảm_ơn tác_giả mong anh dẹp mẹ cái bày đi :khóc_nức_nở: :khóc_nức_nở: :khóc_nức_nở:
1285,Nhạc_Việt 2 năm trở_lại đây nhàm thật_sự. Được vài câu trend tiktok nghe cả bài thì ….
1286,chúng_ta không talk any more we don ' tôi thuộc về nhau: ) ) ) ) ) )
1287,Ai người gi người nghiện luc nao không hay nghe hơn 10 lân rồi
1288,"Từ VTV qua đây.. Hình_ảnh Clip xin không bàn tới nhưng giọng ca thì nói thật là như Con CỜ CỜ.. có những người thành_công với nhiều góc nghệ_thuật nhưng cũng_nên biết tự_cảm thấy xấu_hổ khi 1 góc nào đó không được như mình mong_đợi thì phải dừng lại.. để đài_truyền_hình quốc_gia từ già đến bé, từ chị đến em nó chửi cho không chừa một từ nào! Từ con này đến Ngọc_Trinh.. kiếm tiền dạng này kiểu BẤT_CHẤP rồi"
1289,Trên 40k lun rồi cố 1ngày trên 40k giống htca lun nào sky ơi
1290,"Cố lên chị CHI PU, em luôn_luôn ủng_hộ chị"
1291,Sẽ ủng_hộ CHÚNG_TA KHÔNG THUỘC VỀ NHAU vì mình thích Fire và We don ' tôi talk anymore. Nói thật Tùng mashup tất_cả rồi chuyển qua tiếng Việt cũng khổ thật đấy ~ Nhồi_nhét bao_nhiêu thành_phẩm của người ta để tạo ra thành_quả của mình giỏi ghê. Nể_Tùng thật đấy!
1292,thằng vô_giáo_dục ăn_cắp bản_quyền của bigbang
1293,"Hero team rap hay qua nhung anh vit, anh siro, anh phong cân rap nhân mât qua chi simmy, samy rap qua hay nhưng Hero team rap hay: ) ) ) )"
1294,TÔI thấy đồ_ăn Việt_Nam mình ngon mà đa_dạng thật nhưng từ xưa tôi chả_mấy_khi giới_thiệu cho bạn_bè nước_ngoài gì nhiều trừ khi tôi nấu cho ăn thôi. Vì vđ vệ_sinh thực_phẩm bao_lâu nay chả khá lên tý nào. Nhiều khi xem mấy cái vid dẫn người nước_ngoài đi ăn quán ăn_đường phố rồi nhà_hàng VIỆT_NAM tôi toàn nghĩ trong đầu là mấy đồ này bẩn vãi cả lúa mà giới_thiệu ( nhưng ngon thật: ( ( )
1295,mấy ca_sĩ kia toàn là nhờ người sáng_tác bài hát còn st thì tự st.
1296,"Bài hát hay mà, thấy nhiều đứa bảo "" thảm_hoạ "". Chứ thấy nhạc bắt tai daman"
1297,Mặc_dù mình là fan Chi_Pu nhưng thực_sự Chi_Pu hợp làm hotgirl hơn: vậy
1298,Sao xem xong mà không có 1 chút ấn_tượng gì nhỉ @ @
1299,Hôm_nay loa truyền_thanh của phường em mới phát bài này. Giờ em ra đường cứ như lúc đại_dịch Covid - 19 ấy mọi thứ đều phong_toả. Cảm_ơn anh ĐPQ nhờ đó đã không còn xảy ra tình_trạng kẹt xe nửa.
1300,Mình xem giọng ải giọng ai... chi pu hát live hay mà. Mv củng được mà. Đợi chi pu hát live sẽ pít ak. Người ta củng chuẩn_bị kỹ chứ không ai theo_đuổi đam_mê mà không pit gì. Mấy mẹ mấy mẹ showbiz cứ sồn_sồn lên... gato quá hay sao đó. Em_út thử sức không ủng_hộ thì thôi suốt ngày nói này_nọ. Không phải fan chipu mà tức jùm. CỐ LÊN CHIPU
1301,Các bác cử chửi cứ ném gạch_đá các kiểu đê. Có ca_sỹ nào thời 9x lên sàn mà không bị chửi đâu rồi sao. Vẫn nổi_tiếng đó thôi
1302,CA NHƯ CỜ CỜ.. MẶT NHƯ MẶT LỒN.. SỮA SẤU HƠN LÚC CHƯA SỮA ĐĨ TÙ ĐỊT.. CA NHƯ CỜ CỜ NGTA ĐI CA CHI CHO NGTA CHỮI VÔ MẶT
1303,"Giọng chi pu không nổi_bật. Xem mv xong chỉ thấy chi đẹp thôi, đẹp phần nhìn nhưng không đẹp phần nghe. Chi thích_hợp lấn sang thời_trang hơn là trở_thành ca_sĩ - vì giọng không bắt tai, không điểm nhấn"
1304,sammy đào lúc này hát bài ngầu nhất he ro ơ ai hát ngầu bằng sammy
1305,Chúng_ta không thuộc về nhau. Không thuộc về nhauuuuu
1306,KHÔNG biết_mấy người nge nhạc kỉu gì mà cứ chê dở rồi hùa theo con tràm chó gì đó làm được như ngta rồi hẳn xét điệu nhạc hay giọng hát cũng tốt mv xuất xắc bản nhảy thì tuyệt_vời có nhạc cho nghe mà chê clq gì
1307,khỏi cần phải xem vietsub cứ tải bài này về nghe là được
1308,anh sơn TÔI em chỉ thích bài nhạc em đừng đi thôi rất hay nghe hoài không chán
1309,Kinh chưa phá kỉ_lục luôn kìa hơn mấy ngày ôh
1310,Khúc cô Ngân với Simmy là khúc khiến mình luôn muốn xem bài này ( khúc hay nhất đối_với mình )
1311,Quí ơi anh đừng buồn vì những cmt tiêu_cực dưới bài hát này nhé. Vì bài hát của anh còn tệ_hại hơn những cái cmt dưới này ngàn_vạn lần :cười_đỏ_má: :cười_đỏ_má:
1312,Lướt 1 lượt cmt. phan trung_lập thì khen là nhạc hay. Anti thì phân_tích. Sky thì không thấy. Chứg tỏ sky đã biến_hình thành fan trung_lập... có đầu_tư hahha
1313,"Lúc đầu tưởng mv chán, nhưng nghe 2 - 3 lần rồi mê luôn"
1314,"Đúng là MV của Tùng mà! Lượt lượt xem nhiều, thích nhiều mà không thích cũng nhiều không kém. WOW, thật là vi diệu"
1315,bình hoa di_động. có đẹp mà không có thơm. hát DỞ đừng nên tự nhục bản_thân nv Chi àd
1316,"Thằng kẻ_cắp, rẻ_tiền. Nghệ_sỹ gì loại này?"
1317,Dung la lam lo thay bố co. Doan dau thay giong nhu cao ga gay
1318,chả phải fan nhưng thấy anti theo phong_trào như_thế lại thấy thích st hơn. hiệu_ứng tốt đấy :cười_đỏ_má:
1319,ae sky ở nhà tránh dịch vẫn nghe nhạc sếp điểm_danh: ) )
1320,Tôi thấy mèo simmy và cô ngân làm đội là quá ok luôn á
1321,"Chipu đạo nhạc đẳng_cấp hơn cả Sơn_Tùng. Nhạc người ta mới release gần đây, lần đầu nghe trong tomorrow land 2017 mà cũng lấy được. Còn_phải_nói mấy đứa fan Chipu mặt_dày còn đi nói bài người ta giống giai_điệu bài này nữa chứ, ăn_cướp còn la_làng = ) ) )"
1322,"HAY QUA ANH TUNG OI. EM NGHE BAI NAY HON 100 LAN ROI, MA VAN KHÔNG CHAN. VUA NGHE NHAC, VUA NHAY THEO DIEU NHAC. CO LEN ANH TUNG NHÉ. SKY LOVE TUNG"
1323,* Siêu phẩm: Neverdie * * Thích_Tùng: Neversai * * Antifan: Nevermind * * Sosánh_Tùng: Neverlike *
1324,bài này hay quá. mong anh quí đừng bao_giờ hát nữa
1325,"Không biết_điều gì đã khiến Chi_Pu tự_tin lấn_sân làm ca_sĩ thế nhỉ??? Ca_từ nhàm, không có ý_nghĩa. Giọng này mà live chắc_chắn không nghe nổi, mà thật_ra xem MV đã thấy giọng không hay rồi. Làm_ơn hãy tập_trung trau_dồi 1 kỹ_năng cho xuất_sắc đi, chứ đừng cái gì cũng làm mà làm không tới thế_này"
1326,22h59 9 / 6 / 2020 172. 260. 331v 882N likes tăng gần 58k so với hqua
1327,không thích nghe thì biến mẹ đuy cần đéo gì ở đây cào bàn_phím
1328,bài Này không Hay Bằng_Bài_Buông_Đôi Tay_Nhau_Ra: ( (
1329,Hero team rap hay quad đi mãi yêu hero team
1330,"đag xem we don ' tôi talk any more tự_nhiên chuyển qa đâu, youtube có tâm vãi cả lúa ~"
1331,lượt lượt xem tăng lên nhanh quá mọi người ơi - chủ yeus nhờ anti chúng_tôi đây. vào xem để không thích nhé. - nói_chung là Sơn_Tùng_MTP có nghĩa là Sơn_Tùng mượn tác_phẩm. ngay tên đã thể_hiện con_người cmnr. Chộm chứ éo p mượn
1332,bài chúng_ta không thuộc về nhau của cs khác nghe bi_thương lắm. nghe mãi cũng chán. của tùng nó thuộc dạng không thuộc về nhau tuy buồn nhưng không bi không luỵ. có cũng được không có cug không sao. điệu nhạc dễ gây nghiện. trích lời của một TDT không hề hâm_mộ tùng. nhưng bị bài này chinh_phục
1333,SKY cố lên hôm_nay cày 600k views nhé SKY!!!
1334,Chị Chipu mới bắt_đầu sự_nghiệp mà nhiều người ném đá quá. Tự_tin theo_đuổi giấc mơ của mình là rất tốt
1335,"Nói sáng_tác không hay thì nghe được, còn nói Chi hát chán... Chỉ ra cái chỗ nào hát chán tôi coi coi :mặt_ranh_mãnh:"
1336,đừng cmt bêu rếu sếp ' s nữa: ' ( Tôi thích mỏi tay quá rồi = ) )
1337,Cả hai bên đều đẹp hết nhưng anh phong đẹp_trai nhất lại còn Vừa ngầu nữa
1338,Ô ó ô ồ... ố ô ô ồ :trái_tim_đỏ: ️ :trái_tim_đỏ: ️ em sẽ luôn mỉm cười :trái_tim_đỏ: ️ ồ ố ô óc tró :trái_tim_đỏ: ️ ố ố ô ồ thả trym :trái_tim_đỏ: ️ ️0 ️1 ồ ố ô ồ hát như đút chuối vào đít tôi ( tk em tôi bảo thế _ Tài loi )
1339,wtf???? đang nghe cái gì vậy nè?? seven vọng
1340,"Do bài này dở thôi chứ ai bảo giọng Chipu dở thì tay nhanh hơn não,... xem hát live tại "" Giỏng ai giỏng ai "" đi rồi hãy phán nhé: )"
1341,Thích cái cảnh áo vr tóc đen nhìn Vừa Việt_Nam vừa Tây
1342,Công_nhận mv nổi thật. 3 ngay ma 10tr lượt xem oy.
1343,2025 còn ai nghe không ạ?? bây_giờ đang nghe cảm_thấy nhớ những năm_tháng bị cướp cây mp5 mà khóc hết nước_mắt kkkk
1344,"tình về nơi đâu, cô_đơn đôi chân LẠC TRÔI giữa bầu_trời :cười_ra_nước_mắt: :cười_ra_nước_mắt:"
1345,Siro nói nhanh vãi cả chưởng Vãi chị * * Nói nhanh thế ai chơi lại
1346,à mà sky cố_chấp nhỉ chỉ biết kiếm ý đúng bênh Tùng mà không coi lại tại_sao AnTi lại nói giốg.. thử tìm_hiểu đi mấy cái tụi nó ghi đó dô coi rồi so_sánh tự hiểu thôi.. đâu cần chửi chi dô coi rồi ss ên đi Sky
1347,Tuy không muốn nhưng tôi phải đăng_nhập để không thích cái Mv này.
1348,tôi là một đứa mê rap nhưng nghe bài này thế không hay lắm
1349,Chi đừng bùn vì ngt không thích nhé cứ cố lên
1350,Mới lên sóng mà đã có nhiều lượt xem thế rồi. MÀY - TP là nhất.
1351,sky ơi. sao mà lượt xem nó cứ châm như con sên bò vây hả sky.
1352,"Giai_điệu hay mà dị_ứng mấy câu tuyệt vợi, xa mợ, hững hợ, mỉm cượi. Nghe nản vãi"
1353,"Chi lúc_nào cũng đẹp, nhạc nghe bắt tai mà thấy giai_điệu quen_quen sao sao ý, giọng Chi không hiểu sao nghe buồn_cười dễ_sợ nhất là lúc luyến á. Luôn thích Chi là diễn_viên hơn nhưng trẻ mà thích gì thì cứ làm thử thôi. Mà vui thôi đừng vui quá, yêu Chi < 3"
1354,20: 35 14 / 12 / 2021 Chúng_ta không thuộc về nhau Có_lẽ là rồi.. - _ -
1355,em thấy bài hát này rất hay chipu đừng buồn vì những lời_nói xúc_phạm kia nhé. Mãi ủng_hộ chị :hôn_mỉm_cười: :hôn_mỉm_cười: :hôn_mỉm_cười:
1356,Đã từng hát thử bài của st và không hát đk :cười_ra_nước_mắt: :cười_ra_nước_mắt: :cười_đỏ_má:
1357,"Giọng chi pu bình_thường, chỉ đx cái mv nhìn vui_tươi, nhưng chắc KHÔNG thành hit đx"
1358,: ) ) ) ) ) quaoo. xem xong mv của sếp ' s tôi đã thành fan của BTS
1359,we don ' tôi talk anymore dịch là chúng_ta không nói_chuyện nữa. còn chúng_ta không thuộc về nhau là. we don ' tôi belong together. beat giống tên giông 1 / 2
1360,"Giọng hát chán, bài hát không có gì đặc_biệt. Sẽ không nghe lại lần 2"
1361,Họ có_thể sử_dụng bài này để lấy lời thú_tội của những kẻ giết người hàng_loạt
1362,ngay khúc mà anh vịt rap xong cái sắp đánh nhau mà chị simmy bả cười
1363,Tôi đã vào đây nghe thử tôi bật nhỏ không nghe được tôi vừa bật hết ra mẹ tôi nghe và đã vào đầu tôi
1364,ơ sao lượt nhận_xét từ 90k xuống 59k nhỉ?
1365,Cảnh đầu làm mình liên_tưởng về bài turn me on cua niki
1366,"Có_thể tôi không rành về âm_nhạc, tôi là người nghe, chi ơi em không phù_hợp để làm ca_sĩ, không thích đã hơn thích rồi: )"
1367,ANH tùng có tài thật hát giọng rất hay nhưng_mà có_điều … …: ) ) )
1368,"Vì Hương_Tràm tôi xem và đúng thiệt, chị làm diễn_viên tiếp đi, em thấy hợp hơn, sẵn em không thích cái nhẹ nè."
1369,hơn 28 triệu lượt nghe rùi vui quá đi ^ ^
1370,"Đôi_khi mình thích là một chuyện Hợp hay không lại là chuyện khác... Mv này người đẹp, đồ đẹp, cảnh đẹp... chỉ vậy thôi :cười_đỏ_má:"
1371,MV chán giọng thì chả có gì đặc_sắc nghe toàn ó ó ó
1372,"Rất thích cách Chi đầu_tư vào MV ; không xuất_sắc nhưng rất là bắt_mắt. Giọng hát còn có_thể tốt hơn nếu Chi cố_gắng. Nhạc hay, nhưng sau_này Chi nhớ tìm bài nào dễ hiểu hơn thì tốt. Sẽ theo_dõi CHi trên con đường ca_hát, nhưng nhớ đóng phim nữa nhé Chi."
1373,"Cái cờ cờ gì thế_này, mù mắt với điếc tay tôi rồi: ) ) ) )"
1374,sau 5 tháng coi mv này nhiều lần tôi đã rút ra ý_nghĩa của mv nay rồi: ) ) ) tóm_tắt mv này là sơn tùng chế búp_bê mà không thành_công: D
1375,"16 - 12 - 2022, chúc ae sắp qua năm mới luôn thành_công và có nhiều niềm vui"
1376,Không sao thấy Chi_Pu hơi lai lái giống Yoona thế không biết nữa
1377,cám_ơn ông tùng đã ra MV này để tôi biết được bài we don ' tôi talk anymore
1378,không phải là skyyy... nhưng thật_sự mà nói bài này hay.......... nên có ra sao vẫn nghe: ) ) )
1379,Anh siro hát Rap hay quá hát hay mà không nghe luôn
1380,đừng nói là sự trùng_hợp ngẫu_nhiên nữa nhé = ) ) trùng_hợp nhiều quá rồi đó
1381,Nhìn cái hình ở trang lúc chưa vô xem như ảnh dìm của 2 bà simmy với cô Ngân :cười_ra_nước_mắt: :cười_ra_nước_mắt: :cười_ra_nước_mắt:
1382,2. 30 từ đôi guốc màu đen thành đôi dép lào màu xanh dương da_trời sky = ) )
1383,Mv này của sếp phải 1. 000. 000. 000 vew mới sứng đáng nhỉ = ) ) )
1384,có LẠC TRÔI đừng quên CHÚNG_TA KHÔNG THUỘC VỀ NHAU nhé SKY :hôn_gió: :trái_tim_đập:. ráng 100. 000. 000 lượt xem trước tết nhé :hôn_gió: :hôn_gió:
1385,"We don ' tôi thuộc về nhau đâu sếp ' s ạ = ) ) ) vào không thích rồi đi ra. Cả bài_chỉ nghe được câu: "" chúng_ta không thuộc về nhau "" - _ -"
1386,Mỗi ngày vài triệu thế_này thì chả mấy vượt mốc ecnhq: ) ) )
1387,Mở bài này chỉ muốn nhìn đỗ phú_quý chứ không muốn nghe nhạc
1388,Nếu bài này ra_mắt vào thời xưa thì nó sẽ được liệt vào danh_sách những cách tra_tấn dã_man nhất
1389,sau không để là mashup We don ' tôi touch anymore x Fire đi...
1390,"Chi_Pu ơi, tiếp_tục hát nữa đi mà, đừng dừng lại mà, please..."
1391,Mình thấy nhạc cũng đk mà phong_cách cùng vũ_điệu cũng ổn mà S mày. người chê ghê vậy
1392,- Đừng bận_tâm những lời_nói không hay về chị. Mv tuyệt lắm. Chúc chị thành_công hơn :hôn_gió:
1393,Em cảm_thấy em cũng thích vơ của hà thảo linh hơn nhờ ờ em xin_lỗi nhé :khóc_nức_nở:
1394,mẹ đẹp_trai quá > < coi không chán nghe pas hay hơn we... gì đó :mắt_trái_tim: :mắt_trái_tim:
1395,"Nhìn_chung âm_nhạc cũng là môn giải_trí mà thôi vây bài này đã đạt tiêu_chí đó rồi, làm gì mà có người chê_bai ghê vậy."
1396,Chắc những người cmt ai cũng thích hoặc ngược_lại: )
1397,bài hát khó nghe nhưq gịoq cũq ổn mà cần tìm thêm bài hít nữa là dễ nghe liền
1398,thích nhất cái kính: ) muốn mua 1 cái nv
1399,"Có dấu_hiệu là các nhà góp vốn ngoại rút hết trước, có_thể họ biết sẽ bị phanh_phui sớm."
1400,"xu_hướng bữa này là: phía sau 1 cô gái, nên sẽ giảm lượt xem = ) )"
1401,"Hội_tụ BLOCK BẠN, BIGBANG, VIXX, 4MINUTE, EXO, BTS, TEAYEON, BTS và cả NOO nữa"
1402,Nghe bài này xong tự_nhiên thấy bài rap MA gameming hay hơn hẳn
1403,log out tài_khoản google để cày lượt xem nhanh hơn nhé
1404,"Cũng chẳng phải fan hay antifan của chị mà nói thật, Chi_Pu diễn cứng đơ và hát cũng chẳng hay, chị chỉ có gương_mặt đẹp thôi, hot girl một thời mà. Không biết chỉnh giọng bao_nhiêu mà được vậy: )."
1405,Mình thấy chất_lượng quay hơi tệ: ( ( ( ( nhưng_mà nói_chung là hay
1406,"Các bạn nhàn_rỗi quá mà đi hùa theo ngta không thích, lần đầu ngta thử sức mà! Đầu_tư Bối_cảnh và trang_phục nhiều vậy chứng_tỏ ngta muốn có 1 MV chỉnh chu cho mọi người xem, Chê người ta bạn phải hơn ngta, hoặc ít_nhất bạn phải bằng ta. Chào thân_ái lũ chó hùa!"
1407,Cảm_ơn vì nhờ bài nhạc này đã giúp tay tôi lành lại để tắt bài nhạc này
1408,vẫn đang phêu với bài này: - ) Quá hay: *!!!!!!!
1409,"Trời_ơi em là Fan của chị Sammy nè, em thích bài hát của chị và anh Phong_Cận đó, chị quá dễ_thương"
1410,nghe hay mà. đọc báo tưởng chi hát dở ntn. tôi chẳng thần_tượng ai cũng không phải là fan ai. thấy chi Hát ntn là không dở tý gì. thấy lạ_lạ mà giai_điệu hay
1411,"Vừa ra MV này mà lượt đăng_kí kênh Youtube của Sơn_Tùng tăng lên 100. 000 người, lúc chưa ra MV này có 450. 000 người, giờ đã là 550. 000 người đăng_kí kênh của Tùng trọng 3 ngày, dự là còn tăng nữa."
1412,Thích. Không thích 272. 267 Hơn hẳn đấy chứ. Mình vẫn nghe lại suốt. Thằng ku con nhà mình cứ nghe suốt. Nhất_là ồ wi ô ô ô
1413,chuc mung MÀY - TP mv tren ca tuyet voi gioi lam nhé
1414,thích cái cách nhấn_nhá giọng cuối câu của Chipu
1415,vào chưa xem đã thích rồi mục_đích vào chỉ thích thôi còn MV thì xem 5 lần / ngày
1416,hay quá anhe em ei fan chi pu đâu điểm_danh nào!!
1417,người thì đẹp mà não có vấn_đề. ngầy vãi cả lúa
1418,mọi người chỉ hùa theo anti. dân mạng xã_hội chứ mình không phải fan nhưng bài này hay
1419,"Đọc cmt mà thấy mọi người toàn chê thế nhỉ? Cá_nhân mình thấy bài này hay lắm! Âm_thanh, giai_điệu tuyệt_vời...... cho người... người điếc."
1420,truyền_thuyết kể rằng vào ngày halloween sơn tùng sẽ có 80 triệu lượt xem
1421,cái này có giống gì đâu hay mà soắn thế: ) ) ) ) )
1422,"Lũ ngu đéo biết cờ cờ gì, chỉ được cái chó hùa là nhanh"
1423,Bài hát và giọng hát hay nhưng đoạn đầu vô luôn điệp_khúc
1424,fan EXO chuc anh luon thanh cong: ) thay phia duoi toan may fan cua chinh_phu? không: 3 Nhan tienj gui loi hoi? tham cua Obama den anh: )
1425,Hero_Team ra MV là phải Top 1 Year_Nếu_Hero_Top 2 thì chẳng thằng nào Top 1 Year
1426,"MV đẹp, nhưng giọng hát bình_thường, không nên lấn_sân sang ca_sĩ"
1427,đây là nhạc người Việt_Nam sao nhìu người Mỹ cmt thế nhỉ :cười_tươi_mắt_to: :cười_tươi_mắt_to: :cười_tươi_mắt_to:
1428,Cầm tay anh dựa vai anh kề bên anh... Nơi này có anh...!!!
1429,đổ phú_quí là ai mà hát đẳng_cấp vậy. Hát được bài này thừa gạch_đá + cớt xây vê kép cê luôn!!!
1430,Đó giờ chưa nghe bài nào hay như_thế.... wowww
1431,minh ' s tuy ' s không ' s phải ' s là một ' s sky nhưng ' s theo ' s quan ' s điểm ' s của ' s mình ' s là ' s nhạc ' s hay ' s thi ' s nghe ' s thôi ' s còn ' s chuyện ' s đạo ' s nhạc ' s hay ' s không ' s thì ' s kệ ' s
1432,14tr chắc 10tr unti fan xem đi xem_lại quá ^ ^
1433,"1: 23 nhìn ổng đù vãi, cứ theo thời_gian của tôi ik rồi biết :cười_ra_nước_mắt:"
1434,"MV dễ hiễu muốn tạo ra người bạn gái hoàn_mỹ nhưng tạo ra_tay, thì tay xô vào bồn_tắm, tạo ra Miệng thì lắm lời, tạo ra Mắt thì chỉ biết khóc, tạo ra Chân thì bỏ đi, cuối_cùng thì mới nhận ra Tim quan_trọng Nhất quá muộn = ) ) - Fan_Iron_Man chúc Tùng Thành_Công: vậy"
1435,chắc có đứa rảnh lượt xem đi lượt xem_lại hahaha xin_lỗi sky nhẻ
1436,tôi đang nghe vietsub của We don ' tôi talk anymore đúng không vậy?
1437,"Hay quá, mình nghe đi nghe lại rất nhiều lần. Thích quá!!!"
1438,Ê cho em hỏi thật là anh có tôn_trọng khán giá không anh ơi? …
1439,_son tung qua tuyet voi rat hay co gang nhe
1440,Cuối_cùng cũng 76M :cười_toe_toét: chờ ngày_đêm cuối_cùng nó cũng nhích lên rồi.
1441,"Bbbb chạy trước rồi, đau tim quá. gần tết rồi có được 100tr không nữa huhu"
1442,đừg nói phía sau 1 cô gái cán trước nhá sắp 96 trời vãi cả lúa
1443,nhạc hay mà giọng Chi_Pu quá tệ: ( chị ơi em xin chị đứng yên 1 chỗ và cười thôi. Chị hát quá tệ: ( thích chị lắm mà không dám nghe chị hát
1444,Thực_sự cái intro của Sơn_Tùng_MÀY - TP có điểm khá giống với intro của Alan_Walker mà không ai để_ý tới: ) )
1445,tên trộm âm_nhạc mày là sự sỉ_nhục của việt_nam!
1446,Tháng 4 - 2020ai còn nghe... tay_chân đâu tay_chân đâu hết rồi
1447,"không thích khủng: ) ) yeahhh "" Chúng_ta không luộc rau """
1448,anh_son tung dep trai lam co ra nhiu bai moi moi nhé anh_son tung mtp
1449,Và chỉ có câu ' Chúng_Ta Không_Thuộc_Về_Nhau ' thôi ạ...! hahaha ' Nhau = Nhao '........ :cười_ra_nước_mắt: :cười_ra_nước_mắt: :cười_ra_nước_mắt: :cười_ra_nước_mắt: :cười_ra_nước_mắt:
1450,đúng là như em đã mong_đợi Tùng ạ.... Yêu anh quá Tùng ạ... :trái_tim_tím: :hai_trái_tim: :trái_tim_lớn_dần: :trái_tim_đập: :trái_tim_xanh_lá: :trái_tim_vàng: :trái_tim_tím: :trái_tim_xanh_dương: :trái_tim_xoay: :trái_tim_ruy_băng: :hai_trái_tim:0
1451,"Lyris không có ý_nghĩa, MV không chỉnh chu, anh đang làm gì hả anh Quí"
1452,"Mh không biết ai ns năng gì, Mh là người trung_lập không ủng_hộ ai cả.... nhưng_mà cố_gắng và lỗ lực luôn nhận được sự đền_đáp.... cố lên nhé chị Chi.... cố lên mọi người.... = > Việt_Nam"
1453,các anh_chị nhóm hero team nên thi rap việt. rap cực hay
1454,Mấy thím có không thích hay thích thì thằng Tùng nó vẫn được tiền = ) ) ). Mệt_mỏi vãi chưởng = ) )
1455,Nhạc để nghe chứ không phải để soi mày. người suy_nghĩ nhé
1456,"rất cảm_ơn vì đã ra bài hát này, người bạn điếc 18 năm của tôi đã đứng lên vỗ_tay"
1457,"Vào 22: 30 MV đạt: 20. 893. 319 lượt xem Thích: 285N Không thích: 180N Woaaaa, thật tuyệt_vời"
1458,hay vậy_mà ném đá nhiều quá nên em tặng chị 1 thích
1459,ấn_tượng nhất là phần đầu Đờ mờ đang chơi game mà sao cứ nghĩ đến Chúng_ta không thuộc về nhau rồi cả niềm tin đã mất: vậy muốn đập đầu luôn
1460,cố lên ae thích mạnh vào sắp 100 trời lượt xem rồi
1461,Có_lẽ các bạn để_ý giai_điệu bài hát hơn là giọng của CP thì phải. Giai_điệu bài hát là do nhạc_sĩ chứ. CP cũng chỉ là người thể_hiện thôi.
1462,ca_sĩ lẫn nhạc lẫn bộ_môn như cái lolque vậy cũng up lên cho được
1463,Có ai giờ còn nghe bài này không... Điểm_danh cái nào :thèm_ăn: :cười_ra_nước_mắt: :cười_đỏ_má:
1464,cái mv này mà được anh bảy seach trang facebook của ảnh thỳ có mà mấy tỷ lượt xem luôn.. kaka.. ahihi
1465,hiện_tại we don ' tôi talk anymore lượt views đã nhiều hơn rồi
1466,Anh ơi đưa lại thẻ quan đoàn vào sự_kiện đi ạ
1467,Con điên này ngày_xưa thích phết giờ thấy thảm_hoạ chẳng_đâu_vào_đâu
1468,quí là một người rất tuyệt_vời nhệt hyệt và yêu thể_thao. không bt vì sao mọi người lại che bài này nx tôi thây nó năng_động và truyền_bá môn thể_thao này càng phát_triển mạnh mạnh ai nấy lo. mạnh cook khỏi việt_nam càng sớm càng tốt ai đủ kiên_nhẫn nghe hết thì chắc bị THIẾU THÔNG_MINH và THIẾU THÔNG QUÍ thật_ra anh hẹn em píc kờ bon. còn vợ_con anh cứ ỏ nhà bon
1469,Tớ không Fc cũng không anti. nhưng mấy bạn nghe được thì nghe. không thì thôi nghe cái khác. Fc_ST cũng phải nói chn văn_minh xíu: ) ) Mọi người đã vô_tình làm tăng lượt lượt xem một_cách kih khủng rồi đấy. có_thể hơn MV hàn_quốc
1470,"xin_lỗi chứ nhạc này sao nó giống điệu của "" Guy đôn thooc en ni mồ "" thế"
1471,Anh sơn tùng tài_năng và tài_giỏi :trái_tim_đỏ: ️ :trái_tim_đỏ: ️ thích_anh
1472,"Giống thì có giống nhưng nghe thì vẫn nghe, thích vẫn thích và lượt xem vẫn lên đều_đều: )"
1473,mỗi câu chúng_ta không thuộc về nhau lặp_đi_lặp_lại cả bài hát. :cười_ra_nước_mắt: :cười_ra_nước_mắt:
1474,Nói thật chị có cái giọng nói nghe đã chán rồi giờ bày_đặt hát nữa ôi_thôi!! Cứ làm hot girl cho lành
1475,tôi đã bị anh Quí lườm 42 lần chỉ trong 3p14s = ) ) ) ) ) ) ) ) ) ) ) ) )
1476,Đỗ_Phú_Quý đổi tên thành Đỗ_Phú_Quý đi cái
1477,"Thế_nào là sợ_hãi, tôi đã hiểu. cảm_ơn anh Quí :khóc:"
1478,"Nghe khá là bắt tai, bối_cảnh cũng khá đẹp. Riêng ý_kiến của em thì nghĩ chị hợp với tạo_hình dễ_thương hơn ạ ^ ^"
1479,Như này mà gọi là hát sao.... dẹp nghề ca_sĩ nhé chệ :mặt_vô_cảm: :mặt_vô_cảm: :mặt_vô_cảm:
1480,lượt thích càng tăng thì lượt không thích cũng không kém
1481,"một đỉnh_cao của trí_tuệ âm_nhạc, kết_hợp nhuần_nhuyễn đông_tây_kim_cổ..."
1482,Ngắm hoa_lệ rơi châu khải phong nhiều lượt xem hơn sơn tùng
1483,Chắp_vá ý_tưởng nhiều quá Phu ơi hãy làm MV của riêng bản_thân đi :bó_hoa:
1484,TÔI không pải fan hay anti fan của Tùng nên đừng chửi nhé!!!!!! Chắc Tùng copy bài we don ' tôi talk anymore nên mìh không vừa_lòng lém Nhưng cũg hay!!!: ) )
1485,Nghe được mà đâu đến_nỗi phải chê này_nọ
1486,giọng hát của chi được mà chỉ qua người_sác tác bài hát cho giai_điệu nhàm_chán nên thế thôi
1487,Người mù :đầu_lâu: Người điếc :mặt_trăng_non: Người nước_ngoài :choáng:
1488,Chị simmy lúc_nào cũng cười... Cười mà cute
1489,cho một tù_nhân nghe bài này là một hình_phạt khủng_khiếp đối_với họ
1490,"Tôi thấy bài này giai_điệu hay, làm mv 2 đứa pede nữa là rất hợp cảnh. Chỉnh lời lại cho bớt xàm tý là được. Mà cũng do mọi người nhạy_cảm suy_nghĩ bậy_bạ thôi chứ bài hát đâu có gì bậy đâu :cười_ra_nước_mắt: :cười_ra_nước_mắt: :cười_ra_nước_mắt: :cười_ra_nước_mắt:"
1491,co ngan vua tranh vua xau ma cung doi rap voi simmy
1492,"mày thấy hát cũng đâu đến_nỗi, những bài sau sẽ hay hơn"
1493,Cảm_ơn anh bạn em bị liệt 3 năm nghe bài của anh nó liền bật dậy tắt liền :tiệc: :trái_tim_đỏ:
1494,Trong khi người nc ngoài khen không hết thì bọn antifan ngôn lù thích rước nhục về
1495,Tụi trẻ bây_giờ thích nghe nhạc giống vậy à :lăn_ra_cười:
1496,"Lời bài hát lặp_đi_lặp_lại quá nhiều, nhạc không thấm nổi :khóc:"
1497,Tháng này mục_tiêu 1m nhma cũng đừng quên htca mha
1498,cậu chuyện nói về 1 thanh_niên cố tạo ra con búp_bê tình_dục nhưng không thành_công = ) )
1499,"Mọi người đừng ích_kỷ nữa! Hãy tặng 1 thích cho cô ca_sĩ trẻ đi ạ! Tôi thấy bài hát này rất hay, tôi rất thích, tôi sẽ mãi ủng_hộ cô ca_sĩ này Chi_Pu < 3 < 3 < 3"
1500,"Moẹ, nói không phải bênh chứ cái flow của siro nghe được vải, tôi không fan thằng db nào nhưng nghe siro flow được nhất"
1501,Liệu sẽ cán mốc 500. 000 thích??? kỷ_lục lịch_sử Youtube Việt_Nam!!!
1502,Ủng_hộ Chi_Pu :trái_tim_đỏ: :trái_tim_đỏ: :trái_tim_đỏ: :trái_tim_đỏ: kệ Hương_Tràm nói_gì_thì nói: ) ) )
1503,1 nửa số kia la thich nghe những vẫn không thích
1504,vượt cả lượt xem bài kia rồi: ) ) ) ) sắp 3m rồi anh Tùng ơiiiii
1505,thấy hay và thích thì nghe và xem chứ chả có gì phải tranh_cãi nhiều. Ca_sỹ Việt_Nam có ai làm được như Tùng chưa: ) ) )
1506,We don ' tôi talk anymore với khúc rap của fire ( BTS ) giống hơi bị nhiều
1507,Em thấy bài này hay mà sao cứ disslike chị vậy
1508,"tôi đã nghĩ tôi hát còn tệ hơn, nhg idol Đỗ_Phú_Quý đã hát khiến cho tôi nhận ra con Peter nhỏ của tôi hát còn hay hơn :cười_đỏ_má:"
1509,"Em không phải là fan, nhưng chia_sẻ của em không phải để công_kích chị đâu. MV của chị rất bắt_mắt nhưng giọng hát chưa bắt tai người nghe. Em lấy kinh_nghiệm là 1 người học nhạc, chị hãy trau_dồi thêm để làm bài hát trở_nên thật_sự hay. Em đã nghe trở về đi của chị và em cảm_nhận bài hát qua tiếng hát của chị. Chỉ cần chị biết ngưỡng giọng của mình, chọn bài đúng, trau_dồi kĩ_thuật hát, và tạo sắc_thái cho bài hát thì sẽ không có vấn_đề gì cả. Chúc chị thành_công :cười_đỏ_má:"
1510,Mấy thằng ml nào mà không thích thì bỏ không thích đi nhé.. thích mạnh zô.. để người nước_ngoài phản_ánh rồi kìa
1511,"Nghe hay bth mà, không hiểu s tự_nhiên xúm zô chê gì thiệt nặng_nề"
1512,"có thì nghe đi, làm được như ngta không mà soi_mói"
1513,lượt dis đang thụt_lùi lượt thích và lượt xem cứ tăng ùn_ùn... chắc anti sẽ buồn = ] ]
1514,Nhìn_son tùng bat truoc phong_cách giống ik trang thằng tọp vậy
1515,Nghe điệp_khúc y_như We_Don ' tôi Talk_Anymore: ) )
1516,đạo cả hai bài liền: all i wanna do - martin jensen i don ' tôi see - chae yeon
1517,không bt phải nói gì nhm tôi đã ngje bài này và Thick of it cùng 1 lúc
1518,"Hát thì không được hay cho lắm, vũ_đạo thì như... Trang_phục thì mắc ói. Ns chug là thấy ghê"
1519,Em xin_lỗi anh Đỗ_Phú_Quý_Vì đã quá khắc khe với bài Pickleball này sau khi nghe bài Thao_Túng Tâm_Trí
1520,Hãy quên thick of it đi bây_giờ chúng_ta đã có pickleball
1521,Đéo thích xem thì cút.. Giỏi đầu_tư được mv như ngta đi.. Mình đã đéo được bằng ngta rồi ở đó xem rồi xàm l * *.. đéo phải fan.. Nhưg mấy bạn nhảm vãi cả lúa
1522,"Vì Đây là RÁC VIỆT, sự thụt_lùi của âm_nhạc việt_nam"
1523,có 1 sự_thật là lượng không thích đang chậm lại và lượt thích đang tăng lên.
1524,We don ' tôi thuộc về nhau. :hoa_anh_đào: :cười_ra_nước_mắt: Chúng_ta don ' tôi talk anymore. :cười_ra_nước_mắt: :hoa_anh_đào:
1525,BMS - ITSky ơi tôi không thấy CTM 377 thích của tôi???
1526,Hát thì dễ nhưng để làm ca_sĩ thì không :đảo_mắt:
1527,Tụi mày làm được cái cờ cờ ji chưa mà vào phán như thánh vậy nhìn mặt_khác đi công_nhận con chi pu này hát nge không hay thật
1528,Mọi thứ rất tốt... riêng về bài hát có_vẻ không dx hay... nghe nó không logic và rất loạn... mong MV sau sẽ dx cải_thiện... chúc chị thành_công nhé
1529,Vâng thưa mọi người bạn tôi là một người thực_vật sau khi nghe bài hát bạn tôi đã có_thể bật dậy và tắt bài hát
1530,"chà, có_lẽ mình là người cuối_cùng xem MV này, chà, nếu phải nhận_xét thì bài này không thuộc gu nhạc của mình nên mình không có ý_kiến, chỉ nhận_xét về giọng thôi, chất giọng này tuy không thực_sự xuất_sắc nhưng cũng không đến_nỗi để mọi người phải chê, nói_chung chất giọng được, mới bắt_đầu hát mà như này là ok rồi"
1531,tôi là fan trung_thành của chi pu mỗi lần nghe mv của cô ấy tôi đêu tắt tiếng
1532,"Ae_SKY ơi cố lên nhé, quyết không nản nhé SKY, cày lượt views nhanh lên nhé"
1533,"Có_thể mv chưa được hoàn_thiện lắm, tất_nhiên vì chi pu chỉ mới lấn sang lĩnh_vực này nhưng cũng đâu đến_nỗi thảm_hoạ nhỉ, mình thấy có_lẽ mọi người hơi nghiêm_khắc với chi rồi, cứ nghĩ chi là diễn_viên thì không bao_giờ trở_thành ca_sĩ được :mệt_mỏi:"
1534,Mất hình_tượng cô công_chúa ngây_thơ quá: (.
1535,"Từ khi cài bài này làm nhạc chờ, các chủ_nợ của tôi không thấy gọi làm_phiền tôi nữa Cảm_ơn DPQ"
1536,Tìm một nơi tình_yêu đưa lối Buồn làm_chi thôi đã hết rồi Ooh ooh ooh ooh Ooh ooh ooh ooh Chạy về đâu khi cơn mưa tới Muộn_phiền con tim em bối_rối Ooh ooh ooh ooh Ooh ooh ooh ooh Hãy để em tìm thấy một hạnh_phúc êm_đềm Xa_rời nhé I wanna go Từ hôm_nay em sẽ chẳng mong_chờ những vấn_vương xa mờ Em vẫn sẽ hững_hờ This is what I feel thích Cuộc_sống hôm_nay em sẽ luôn mỉm cười Hạnh_phúc vẫn tuyệt_vời This is what I feel thích Ooh we anh anh anh anh ooh we anh Ooh we anh anh anh anh anh anh anh anh ooh Ooh we anh anh anh anh ooh we anh Ooh we anh anh anh anh anh anh anh anh ooh Sẽ sẽ sẽ tìm Mãi_mãi mãi vẫn kiếm tìm Ooh ooh ooh ooh Ooh ooh ooh ooh Tìm một nơi tình_yêu đưa lối Muộn_phiền con tim không bối_rối Ooh ooh ooh ooh Ooh ooh ooh ooh Hãy để em tìm thấy một hạnh_phúc êm_đềm Xa_rời nhé I wanna go Từ hôm_nay em sẽ chẳng mong_chờ những vấn_vương xa mờ Em vẫn sẽ hững_hờ This is what I feel thích Cuộc_sống hôm_nay em sẽ luôn mỉm cười Hạnh_phúc vẫn tuyệt_vời This is what I feel thích Ooh we anh anh anh anh ooh we anh Ooh we anh anh anh anh anh anh anh anh ooh Ooh we anh anh anh anh ooh we anh Ooh we anh anh anh anh anh anh anh anh ooh Có lúc em chẳng biết mình sẽ làm gì nếu em không cố_gắng luôn phải mạnh_mẽ Nhưng con tim em biết em sẽ cần gì để sớm_mai quay lưng em không còn suy_nghĩ nhiều Từ hôm_nay em sẽ chẳng mong_chờ những vấn_vương xa mờ Em vẫn sẽ hững_hờ This is what I feel thích Cuộc_sống hôm_nay em sẽ luôn mỉm cười Hạnh_phúc vẫn tuyệt_vời This is what I feel thích Ooh we anh anh anh anh ooh we anh Ooh we anh anh anh anh anh anh anh anh ooh Ooh we anh anh anh anh ooh we anh Ooh we anh anh anh anh anh anh anh anh ooh
1537,tuy mjk không là fan of ST. nhưng mjk thấy hay mak. mặc_kệ ak có ntn. miễn nhạc hay_là ok rồi
1538,nghe bài này xong tôi được khen vì giúp được 1 đứa trẻ thoát điếc
1539,Không phải ca hay_là 1 sớm 1 chiều được phải là cả 1 quá_trình dài. Ai cung được trời ban cho 1 chat giọng rieng!!! Nhưng bằng nhung nghi lực bằng sự quyết_tâm trên con dg minh dang chọn thì rồi sẽ thành_công! Riêng bản_thân tôi tin như_vậy. Chị Chi đâu hát đến nổi tệ mà mọi người lại tiêu_cực như_thế? Có chắc giọng hát chưa được rèn dũa mà tự trở_nên xuất_sắc? Mọi người đã trải qua nhung ngày khổ_luyện của chị ấy chưa mà nhận_xét? Hay chi theo cảm_tính nhất_thời??? Tôi khg là fan mà bênh vuc này_nọ đơn_giản bản_thân tôi thấy được su nổ luc trong chi bao mổ hôi công_sức mà chị vất_vả cho ra 1 sp đến mọi người với vai_trò mới. Một người nghệ_sĩ đa_năng và muôn màu... Họ nhung người nghe si VIỆT_NAM luôn cống_hiến cho nghệ_thuật sao ta kg nên ủng_hộ mà_lại góp làm cho tinh_thần và thành_quả của người nghệ_sĩ bị ngày chê_bai theo lối tieu cuc???
1540,"Anh phong ngầu quá, còn chị sam my và chị sim my còn chị Hà thảo linh rất cute"
1541,"2: 15 Làm tí việc cũng không xong, bỏ là đúng rồi :cười_híp_mắt:"
1542,Chipu của em :trái_tim_đỏ: :trái_tim_đỏ: em luôn ủng_hộ chị không quan_tâm dư_luận
1543,Không phải fan nhưng_mà thấy bài này đâu giống we dont talk anymore đâu nhợ: /
1544,thằng tùng chỉ là thằng copy bài hát của người ` ta
1545,"Ya! Ông Này_Nhìn căng Đấy, Solo_Có_Nhận_Không? Hối_Thèm_Ông_Câu"
1546,Chị vừa xinh vừa tài_năng em ủng_hộ chị :trái_tim_đỏ: ️ :trái_tim_đỏ: ️ yêu Chị
1547,cảm_ơn bạn sau khi nghe xong bài này thằng tôi là người thực_vật phải đứng dậy để tắt nó. cảm_ơn tác_giả
1548,Mày làm cờ cờ gì với âm_nhạc vậy thằng quốn lỳ!? :đảo_mắt:
1549,"Có gì gọi linh ka làm đạo_diễn á, abum chán, dai điệu không có gì nổi_bật - _ -.... Góp_ý thôi"
1550,"Thôi mấy bác cứ ở đây, tôi đi nghe bản_gốc = ] ] ]"
1551,Chị smmy ơi chị cho em xin chữ_ký đi mà chị cho điện chỉ đi mà em còn em biết nhà chị để em xin chữ_ký của chị
1552,227. 871 lượt không thích rồi ak thật là mừng quá đi
1553,"có lên Chi ơi. mặc_kệ người ta nói gì, làm gì mình thjx: ) )"
1554,Cảm_ơn bạn. Sau khi nghe xong tôi từ trầm tính thành...... TRẦM_CẢM!!!
1555,"Có cái sì kiu đưa ngón tay lên miệng hoài zạ, nói thật đi làm thời_trang hay hơn đấy"
1556,bài hát dở quá. Y_như viết lời nhăn nhít xong lắp nhạc vào.
1557,Fan_Taylor_Swift chúc Sơn_Tùng_MTP thành_công < 3
1558,đang ngủ mà thằng bên cạnh nghe muốn thức đến sáng luôn
1559,pewpew đã đưa tôi đến đây: ) ) ). cơ_mà disslike lam thế: ) ) )
1560,Chúng_ta don ' tôi talk anymore cmnr: ) ) nhạc giống We don ' tôi talk anymore vãi cả lúa
1561,Mấy mẹ toàn hùa theo HT cmt chửi: ) són lol vãi cả lúa: ) chắc xĩuuuuuu Yêu_Chi mv hay quá nhé ^ ^
1562,Bài này càng nghe càng ghiền. Mấy đứa vào dis chỉ là theo phong_trào chứ chả có chính_kiến mẹ gì.
1563,"Nếu bạn thường_xuyên tắt báo_thức và ngủ tiếp, thì bạn nên.....: ) ) )"
1564,Bài ' s này ' s giống ' s một ' s bài mà ' s tôi ' s từng nghe ' s vãi cả lúa ' s. Ngôn ' s ngữ ' s Sky ' s. Sky ' s hiểu ' s nhé ' s. Viết ' s như ' s này ' s mỏi ' s tay ' s vãi cả lúa ' s - _ -
1565,Sơn tùng MTP: nghĩa của MTP là mượn tác_phẩm thành_ra là sơn tùng mượn tác_phẩm cái tên nói lên tất_cả
1566,Tôi không cần biết ai nói gì nhưng tôi thấy mấy bài ST hát hay mà. Không phải FAN ST nhưng cũng không anti. Đơn_giản chỉ thưởng_thức. Chủ_nhật vui_vẻ nhé!
1567,We don ' tôi talk anymore | Chúng_ta không thuộc về nhau We don ' tôi talk anymore | Chúng_ta không thuộc về nhau We don ' tôi talk anymore | Chúng_ta không thuộc về nhau Thích we used to do | Em hãy cứ đi bên người mà em...
1568,Theo tôi thì các phần_tử chuyên nghe nhạc thị_trường VIỆT_NAM thì khi nghe bài này thấy không hay_ho gì. ngưng theo tôi cảm_thấy đó là bài hát có giai_điệu lạ. bắt_tay và cũng vì đây là giai_điệu của nhạc_sĩ viết hàn_quốc nên các bạn nghe không quen nên cảm_thấy không hay. không_thể nhận_xét bừa khi chưa xem hết từ đầu đến cuối và nghe kỷ giai_điệu.
1569,chi pu hat hay lam em ham mo chi chi pu
1570,"_ Thật_sự thì mình rất thích Chi nhưng xem mv này thì những gì người kia nói rất đúng. Giọng CHi không có điểm nhấn, ns chung thì mv này rõ là DỞ _"
1571,"wow, lượt không thích khủng_khiếp. 161k. wow wow, đúng là....................................................: VẬY"
1572,"Thật khâm_phục ca_sĩ, bài hát nhảm_nhí vậy_mà cũng dám phát_hành."
1573,Trời xanh thì bao_la Anh lê_đôi chân mình
1574,Phía trước bây_giờ ai đang nắm chặt bàn_tay của anh vậy
1575,hat nhu cờ cờ nhé nguoi ta ma được 11. 000. 000 lượt xem
1576,"tôi rất thích nhạc của Sơn_Tùng. lời nhạc luôn là lời việt, không pha_trộn ( tiếng nước_ngoài ). cố lên ST. ngưòi nghe nhạc việt_nam luon hãnh_diện về bạn."
1577,mọi người ơi vào cày mv này của tùng lên 100 triệu luôn đi
1578,có ai giải_thích dùm nội_dung MV không? mình không rõ lắm?
1579,Nghe Được Đó_Chứ = ) ) Cứ_Bị_Nghiện_Cái Câu_Ò_Ó KHÔNG Ò = ) )
1580,Đã hơn 2tr views rồi đấy. Cam ơn những đứa antifan rất nhìu: ) ) ) ) )
1581,mình thì thick và nghe suốt nhạc s. tôi chắc đó cũng là lý_do tại_sao ck mình lọt top anti..
1582,Sếp ' s Không ' s Đạo ' s Đâu ' s Sky ' s Nhỉ ' s Chỉ ' s có ' s lũ ' s Anti ' s Gato ' s với ' s Sếp ' s thôi ' s V0 ^ h0x.
1583,"Nghe được mà nhỉ, làm mình nhớ bài lạc trôi, càng nghe càng thấy hay ^ ^"
1584,yêu Chi và sẽ luôn ủng_hộ Chi. Chi ơi 5ting
1585,Tính theo thang điểm 10 thì mình cho 2 điểm cho cả âm_nhạc và hình_ảnh.... tóm_lại tệ quá tệ
1586,Thích đoạn nhạc ở mấy giây đầu_tiên với đoạn từ Nhắm_mắt ơ thờ....
1587,Chúa_tể nhạc rap Chiến thần vần đơn Ông_tổ chơi_chữ Đồ_tể thả flow Đế_vương Melody_Vị thần đóng tune Quá đẳng_cấp!
1588,MẤY BẠN FAN CÓ_THỂ XÓA HẾT CMT BÊN MV WE DON ' TÔI TALK ANYMORE ĐƯỢC KHÔNG... ĐỪNG LÀM MẤT_MẶT NGƯỜI VIỆT NỮA _ CHÂN_THÀNH _
1589,Em yêu_quý chị vì chị diễn_xuất rất tn và hay em nghĩ chị kk hợp với nghề ca_sĩ đâu chị ạ
1590,- Có phải đây là bài hát lai giữa Crayon + Fire + We don ' tôi talk anymore + Sober? Khâm_phục sếp ' ss quá sếp ' ss ơi = ) )
1591,"Lần đầu nghe bài này thấy không koa gì là đặc_sắc. Nhưng đến khi nghe lần 2, 3.. lại ghiền. kk"
1592,chỉnh xuống không. 5 nghe tùng núi như say rượu: ) ) ) ) phơ
1593,Giờ mới hiểu ý_nghĩa của MV Chúng_Ta Không_Thuộc_Về_Nhau.... :dấu_lượn_sóng: Tạo ra ĐÔI Tay thì bị chính đôi tay ấy xô ngã. :dấu_lượn_sóng: Tạo ra ĐÔI Môi thì đôi môi ấy suốt ngày cãi_vã. :dấu_lượn_sóng: Tạo ra ĐÔI Mắt thì đôi mắt ấy luôn biết khóc. :dấu_lượn_sóng: Tạo ra ĐÔI Chân thì đôi chân ấy bước bỏ đi..... :dấu_lượn_sóng: Đến lúc hiểu chỉ cần có MỘT Trái_Tim là đủ thì đã quá muộn_màng :dấu_tích: ️ Kịch_bản quá xuất_sắc :trái_tim_đỏ: ️
1594,Đâu có tệ đâu mà nhiều thánh kêu vậy trời - _ -
1595,thấy chữ đăng_ký ở dưới 1 tí thì thấy chữ tự_động phát quẹt qua thì tắt rồi
1596,Chẳng phải fan CP mà mình nghe thấy cũng hay mà.... ngày nào cũng vô xem chục lần.
1597,"Chị Chi_Pu hát cũng đâu phải tệ, hay mà sao nhiều người chê thế"
1598,Chi_Pu nên đầu_tư 1 bo phim yeu ngắn phần 2. sẽ tốt hơn khi làm diễn_viên so với ước_mơ làm ca_sĩ
1599,kệ bốn con bóng đó đi nhạc trẻ_em lượt xem luôn cao!!!
1600,bài này sao mọi người chê vậy nghe hay mà hay ỉa
1601,Bây_giờ không biết tai tôi hư hay tai mấy người nói Chi_Pu hát dở bị hư nữa: |
1602,Em thấy anh siro hát dở hơn chị mèo simmy nhiều thế
1603,Sao ai cug có line hát riêng mà chị Sam của em lại không có hát riêng: ( (
1604,Ngoài nhảy_nhót loi_nhoi rồi scan.. tình_cảm đồng_tính ra thì tôi thấy đéo có tài_năng gì xuất_chúng
1605,Hoà_âm phối_khí: Triple_D_Chỉ có những người chuyên_môn am_hiểu về âm_nhạc thì mới thấy nó hay được Riêng tôi thấy như cờ cờ: ) ) )
1606,nghe như shit.... cả bài như kiểu chỉ có mỗi câu chúng_ta không thuộc về nhau
1607,Cứ nhớ đến lại vào nghe lại hết bài hát của ST :trái_tim_đỏ:
1608,mún mv này đứng đầu lượt lượt xem việt_nam nhá sky
1609,M _ Tp là gì? M _ Tp: Mượn tác_phẩm M _ Tp: Mượn trang_phục M _ Tp: Mông to phết = ) ) )
1610,yêu quá ak................ < 3 tùng là nhất số 2 không có.............. số 3 không tồn_tại < 3
1611,mv này cô ngân và mèo sim my dáp hay quá à
1612,trước giờ không thích MTP nhưng xem xog video này mình lại thay_đổi suy_nghĩ
1613,Hát hay không hay thì đâu liên_quan đến bọn mày đâu... không hay thì cút đừng mò vào xem... rẻ rách :mặt_chán: :mặt_chán: :mặt_chán:
1614,tôi zô đây để xem lượt lượt xem thôi.. ghê quá
1615,"Điểm mạnh nhất của MV này chính là về hình_ảnh, vì chị Chi rất đẹp, và trang_phục cũng như những cảnh quay nhìn rất đẹp, chất và sang. Tiếp đến là phần beat, rất sôi_động, bắt tai, chị Trang_Pháp viết bài này cũng ổn. Còn giọng hát thì, um, cái này tuỳ quan_điểm, nhưng với mình, phần thể_hiện của chị Chi trong MV này không tệ, không tệ thôi chứ chưa phải tốt, có_lẽ vì đây là ca_khúc đầu_tiên của chị, mình nghĩ qua thời_gian giọng hát của chị sẽ tiến_bộ hơn. Mình tin là vậy!"
1616,Hero team nói vậy thôi chứ đấu streamer thì 4 - không
1617,Nghe nhiều cũng hay mà sao mọi người chê nhiều quá vậy
1618,Nghe lần đầu: tạm được Nghe lần hai: khá hay Nghe lần bố: hay Nghe lần bốn: rất hay Nghe lần năm: nghiền rồi
1619,"nhiều người nghe, họ nghe vì họ muốn biết bài này ' ' hay ' ' đến dường nào"
1620,Sao anh không về thăm Phú_Thọ Nhìn nắng hàng cọ nắng mới lên :cười_toe_toét: :cười_toe_toét: :cười_toe_toét:
1621,Em thấy là anh toàn tây cô ngân và chị hà thảo linh và chi sammy
1622,thích không thích 275. 269 không thích sao nhieu qua à bạn nao thay chu pi hat hay nhan không duoi nhé... toi chon không thích nho cmt
1623,"Chị Chi_Pu cần nâng cao khả_năng vũ_đạo và hát. Em thấy em MV của chị có sự đầu_tư khá kĩ_lưỡng và nghiêm_túc, giọng hát chị khá ổn, chỉ cần nâng cao thôi!!! Ủng_hộ chị trên con đường ca_hát :trái_tim_đỏ: ️ :trái_tim_đỏ: ️ :trái_tim_đỏ: ️ :trái_tim_đỏ: ️ :trái_tim_đỏ: ️"
1624,"Nghe thông_tin Trọng_Hiếu hát bài này của ChuPi trong Sao đại_chiến, nên mí mò vô đây xem thử, công_nhận nhạc hay nhưng giọng của ChuPi chưa đuợc chuyên_nghiệp và hay cho lắm."
1625,cảm_ơn tác_giả đã cho một vé đăng xuất khỏi trái_đất
1626,may quá đi học toàn nhớ đến kpop không tập_trung nghe nhạc này cái bị tẩy_não luôn.... thanks anh nho :mắt_ngôi_sao:
1627,Fan park shin hye và taeyeon chúc anh tùng thành_công ^. ^!!
1628,Bị bệnh rồi. vẫn không quên cày để lên 200m lượt xem
1629,Bài của chi pu hay như_thế mà ai cũng chê :hơi_buồn: :hơi_buồn: :hơi_buồn: Mọi người hát chắc gì đã hay bằng chị ấy mà cứ thằng phê_bình :thất_vọng: :thất_vọng: :thất_vọng: Mãi ủng_hộ chị :cười_rạng_rỡ: :cười_rạng_rỡ: :cười_rạng_rỡ:
1630,hình_như tôi để_ý là bác Gấu bảo mr vịt là đồ trẻ_con thì phải
1631,"MV quá chất, mẫu_tây đẹp vãi_linh_hồn. Thích"
1632,moẹ nhìu người cũg ság tác nhìu bài nhạc cũg có phần giốg.... s không soi đi.... người việt_nam là vậy hả.... có tài_năng là soi_mói sao.???
1633,nghe 1 bài hát chả hiểu cái cờ cờ ghi. nghe mỗi 1 câu chúng_ta không thuôc về nhau
1634,"Thích thì nghe không thích thì next. Đừng để người khác nhìn vào thấy 1 lũ trẻ Việt_Nam vô công rỗi nghề chỉ biết chửi bằng tay, okay."
1635,Chị Chi_Pu. chị ra nhiều bài hơn_nữa đi. chị đừng vì lời_nói làm cản chở
1636,"cũng hay mà, nghe lại nhiều lần thì thấy cũng được"
1637,sơn tùng phải gọi lè quá đẹp_trai em là một fan cuồng của_anh
1638,Mọi người ơi Rảnh thì bỏ chút thời_gian qua xem HTCA với Please :cầu_nguyện: :cầu_nguyện: :cầu_nguyện: :cầu_nguyện:
1639,"không thích thì không thích thôi có gì đâu mà "" không hiểu sao nhiều người không thích "": ) )"
1640,Khi xem xong clip này thì tôi có một nhận_xét là về trang_phục thì ok rồi :ok: màu_sắc thì cũng hợp với bộ_đồ mà Chi_phối về phong_cảnh Thì Cũng rất là hợp về cái chất giọng còn rung rung chất giọng của Chi_Nếu_Chi không bị những lời chỉ_trích thì cũng rất là TUYỆT_VỜI rồi đấy chúc chị thành trong công_việc sự_nghiệp nhé!: ) )
1641,"Giọng thì nghe cũng được nhưng lời bài hát nghe chả thấy ý_nghĩa gì hết, nghe nhói cả tai"
1642,Thực_ra mình thấy hát bt cũng không quá tệ nhưng thấy đạo hơi nhiều bài
1643,Hero team rap hay nhất không ai vượt qua không giỡn đâu
1644,KEKe do anti mà bài này nổi như cồn ý: vậy
1645,"ráp????, Eminem chào_thua, y_như vè mẫu_giáo thêm anh ngữ, đọc suông thêm vần, vài nhịp rùi thành rapper, dễ vậy tôi củng làm được"
1646,Lần đầu nghe bài hát! Xứng_đáng là bài hát cứu được nhiều mảnh đời bất_hạnh nhất việt_nam..
1647,ms coi lac troi xog nhay qua day coi ctktvn na
1648,"hát cũng ok mà, hát như_vậy sao lại bị gắn mác hát dở. Chỉ là do Chi xuất_thân từ hot girl rồi lấn_sân qua nhiều lĩnh_vực nên bị ghen_ăn_tức_ở à??? Việt_nam thiếu_gì ca_sĩ hát live không nổi, đạo nhạc, đạo ý_tưởng không - pop, bla bla mà vẫn tự_xưng mình là ca_sĩ đấy thôi. cá_nhân mình thấy bài này nghe rất cuốn_hút"
1649,Bỏ những chi_tiết không cần_thiết. Thì bài hát này chuẩn rồi
1650,Nghe 1 lần nghe không hay. nghe lần 2 cung hay mà. chỉ là giọng chi pu khộng lạ thôi nhưng nghe nhiều lần nghe bắt tai
1651,Buồn_ngủ đeo tai nghe tự_động nhảy trúng bài này tôi nghe mà tôi tỉnh lại liền công_nhận nhạc giờ ảo thật đấy :khóc:
1652,Bài này tệ tới nỗi nó thực_sự có_thể khiến 1 người bị bại_liệt đứng dậy và tắt nó :đầu_lâu:
1653,Em nghĩ chj Kamui nên mặc đồ ngắn như chj Sim chứ chj mặc bộ đó nhìn lùn quá
1654,"Team_MTP có thành_viên: Sơn_Tùng ( nhóm trưỡng ), Lou_Hoàng ( phó đại_đội ), Isaac ( thành_viên mới tuyễn chọn mấy ngày trước ): ) ) Bộ bố "" MTP "" có nhiều người hâm hộ nhất. Trong đó có tôi,. Troll thì troll nghe vẩn nghe: 3"
1655,Khi các bạn nói Chi_Pu hát không bằng karaoke!!! TÔI đã nghĩ: èo làm gì đến_nỗi thế vì lúc đó tôi chưa nghe. Bây_giờ tôi nghe rồi nè: nó còn tệ hơn thế nữa vì giọng hát này chắc phải sửa mỏi tay rồi đấy: ) ). Chi ơi phải_biết tài_năng mình ở chỗ nào chứ :mệt_mỏi: :mệt_mỏi: :mệt_mỏi:
1656,Mở nhạc này cho crush nghe và nói anh hẹn em pickleball và crush đã chặn tôi :mồ_hôi_lạnh:
1657,tôi sẽ bật bài hát này vào lúc hấp_hối để cho bác_sĩ và người_thân ghen_tị vì tôi là người nằm trên giường_bệnh
1658,"97N không thích mấy thím ơi, ngạc_nhiên chưa # 2tab luôn, lượt thích còn ít hơn lượt không thích nữa, Hương_Tràm đã đưa tôi đến đây"
1659,nếu không có ổng thì mấy ông chê kiểu gì cho_nên yêu_quý bài hát này đi với nghe chux tới nổi dở
1660,những người chê Thick_Of_It không biết gì về Pickle_Ball cả :nói: :nói: :nói: :nói: :nói: :nói: :lửa: :lửa: :lửa: :lửa:
1661,FC Đông_Nhi: Chúc_Mừng Anh Tùng Thành_Công.
1662,"s khi nghe bài này, từ sáng nay tôi đã pị pệnh...... pị đau họng vì hát theo qá nhìu... nhưq.... dù có đau họng tôi vẫn hát theo vì.... nó qá hay.... kà kà kà...."
1663,Giai_điệu hay và MV đẹp chỉ có phần lời bài hát nhiều chỗ không bắt tai và nghe hơi kì. Nhưng tổng_quan vẫn rất là ok. Cố lên nhé Chi.
1664,Justin bieber cũng nhiều không thích. Sơn tùng cũng nhiều antifan. Lúc mới bắt đâu luôn gặp khó_khăn mà
1665,"lần đầu nghe nhạc hơi quen_quen, đến khi xem cmt ms vỡ oà ra Gao_Tùng trong truyền_thuyết: "" ớ đâu có nhạc hay ở đó có Gao_Tùng """
1666,"Giọng herro team rap hay quá Giọng Cô Ngân không hợp với rap, rap nghe mà cứng kiểu gì ý không nghe lọt_tai gì cải"
1667,woa. bản này chất đấy chứ. ủng_hộ anh Sơn_Tùng_MTP :mắt_trái_tim: :mắt_trái_tim:
1668,"Em cảm_ơn anh, con bạn em từ một người bị điếc nó đã nghe được chở lại sau khi nghe bài Pickleball của anh và nó đã đập điện_thoại đi khi nghe Pickleball cảm_ơn anh vì anh mà con bạn em đã có điện_thoại mới"
1669,Mấy bạn fan chipu nên mấy bạn khen cũng được mà ý là mấy bạn fan mà_còn thấy cũng được chứ không gọi là hay thì người thường người ta thấy sao???
1670,Hay lắm.. cố_gắng hơn_nữa nhé Chi_Pu... I LOVE YOU...
1671,Tôi sẽ dùng bài này làm nhạc báo_thức mỗi buổi sáng
1672,"không phai fan_son tung, nhung phai cong nhan la co tai `, mac du hoa am phoi khi giong bai hat khac, nhung nghe nhac quan trong la thichs nghe hay không thoi, so do lam cai gì, ma cong nhan viet nam minh lua ' tre? bay gio y thuc ' kem qua, hay không biet khen, ma không hay thi lai chon chi tiet nho ra de noi, không nghi gì ve cong suc lao dong cua nguoi khac"
1673,không phải fan cũng không anti nhưng có kiến: toàn lũ rãnh nhạc hay thi nghe đi thôi... thích đi lo chuyện bao_đồng.. hết việt_nam sang tận nước người ta ầm_ầm... nghĩ_đi_nghĩ_lại không biết Nhục à
1674,Mình không phải fan Chi_Pu nhưng mình thấy chị ý hát cũng hay mà. ngt cứ nói cái gì là thảm_hoạ
1675,Hát hay vậy_mà. Sao nhiều không thích quá. 17 / 5 / 2018 mình còn nge nữa mà.
1676,Nghe_nói cái MV này bị đạo nhac từ 2NE1 và SNSD
1677,Giờ trong lớp ai_ai cũng ns chúng_ta không thuộc về nhau: ) )
1678,"Giọng hát, mv như cái con cặc. Nói_tục nhưng sự_thật vãi loz: ("
1679,"Xin_lỗi chị và các fan của chị nhưng bài này thật_sự là dở tệ = ) ) ) Cả bài chẳng có lấy một điểm nhấn, bối_cảnh thì lãng_xẹt = ) ) ) Chị đang làm MV hay làm phim thiếu_nhi ạ? Hay_là phim hài? Thôi thôi chị ơi, từ nay về làm hotgirl đi ạ! Thân gửi một không thích = ( ( ("
1680,Sắp 30 triệu lượt xem rồi. Chỉ có Tùng với làm được.
1681,Á đù giọng cô ngân và simmy nghe chất quá
1682,"Bạn Chi là top nhữg bạn trẻ dám nghĩ dám làm và dám khẳg địh mìh trog showbit rồi. Làm_việc không ngừg nghỉ suốt nhiều năm trời nvậy là tih thần đã hơn hẳn nhiều người rồi. Chúc em sẽ có thêm nhiều sphẩm "" được lòg khán_giả "" hơn_nữa để họ tâm_phục_khẩu_phục. Khi nào có dịp sag Hàn lần nữa thì chị sẽ cố găag tìm gặp em. ^ ^. EM đẹp và tài_giỏi, không ai chối_từ được. 5 ting!!"
1683,Mấy chuỵ nhảy ở sau cũng trang_điểm mag áo_quần tương tương bên Hello_Bitches nhề: ) ) ) ) )
1684,KHÔNG hiểu sao mỗi lần xem là cười không khép nổi mồm = ) )
1685,tuy không thích ST nhưng cũng chả ghét nhạc hay thì nghe thôi
1686,GAO Bac phong Siri co ngan simmy thao Linh_Timmy toam ray kairon kammui Khoi vinh Sammy_Bac gau. Mister zit ai cùng rap hay
1687,hay lắm chị pu ạ cố_gắng để ra MV hay nữa nhé chị
1688,"Cái này là sự thông_minh, nhạc theo kiểu gây cười khi đọc comment, cuối_cùng là nhạc như shit, còn comment hay"
1689,"Ngta thấy không hay ngta góp_ý cho mà sửa_đổi. Chứ khen hay mắc_công CP bả tưởng bả hát hay thật, bả cho ra nhiều sp âm_nhạc nữa rồi lúc đó nền âm_nhạc VIỆT_NAM sẽ đi về đâu: ) ). Nói thật nhé, CP hát cho vui thì còn được, hát để làm ca_sĩ? Chắc khó lắmm: ) )"
1690,cảm_ơn tác_giả vì bài nhạc mà bố_mẹ chửi toi gần chít
1691,Xem đoạn đầu lại tưởng mình bấm nhầm nhạc của BLACKPINK chứ :cười_ra_nước_mắt: :cười_ra_nước_mắt:
1692,buổi chiều mình xem được 1tr... 1 tiếng ăn cơm..... lên 2tr... vãi cả lúa... dự_đoán đây sẽ là 1 bản hit ms của tùng
1693,- ECNHQ 2 năm mới được hơn 80M. CTKTVN gần 4 tháng mà views như_vậy là vui rồi = ) ) Cày thì hơn ai không quan_trọng. = ) ) )
1694,"cũng được mà, đâu đến_nỗi tệ lắm đâu mà không thích nhiều vậy"
1695,Đừng qtâm mấy cmt tại vì bài này khiến ngta điếc mà sao nghe được
1696,"Nhạc nghe giống We_Don ' tôi Talk_Anymore thật. Còn mấy bài Kpop khác thì kệ, hay thì nghe không thì thôi chứ mắc_mớ gì nói người ta."
1697,có lạc trôi thì sky đừng quên Chúng_Ta không thuộc về nhau nhé!!! Cày để cán mốc 100 triệu nhé cả nhà!! yêu cả nhà và Tùng nhiều!!
1698,nghe mai không chan '. tuy 22t roi ma chac tham_gia sky qua '
1699,Có ai nghe chạy ngay đi xong qua đây không: ) ) )
1700,viet nam that chat la thich may cai the loai nay. may the loai nay hop hon voi ca nhom nhac nu han quoc hon
1701,1 tháng được tầm 1 triệu thôi. Cố tăng_tốc lên xíu mọi người ơi
1702,không: 43 nhìn nhân bảng ảo diệu vãi cả lúa luôn mấu ông ạ
1703,2020 còn nghe thì tay_chân đâu hết rồi :lăn_ra_cười: :chỉ_xuống: :lăn_ra_cười:
1704,tôi chẳng hiểu nổi mấy cái đứa đi không thích. _. Đờ mờ
1705,ca_từ này cũng viết thành bài hát được sao? nghe mà ngượng dùm luôn đó.
1706,"Em không phải anti của chị nhưng_mà em muốn ý_kiến tí là giọng chị cũng không phải tệ như mấy cmt khác đã nói, em thấy chị nhảy cũng đẹp đấy nhưng_mà có lẻ hợp_tác với Hàn nhưng_mà VIỆT_NAM mình không hộ với MV vậy đâu chị ơi, nhìn MV cứ như dở_hơi ấy em chỉ nói lời em muốn gửi tới chị thoi, em luôn ủng_hộ chị trên con đường chị chọn"
1707,Bài này làm tôi liên_tưởng tới bài chick chick chick...
1708,Hat live dở tệ. chị nen di thi 1chuog trinh ca nhac đe chứg to chị làm ca si được hay không
1709,"Thôi đừng hát nữa vẫn nên làm 1 hót gơ thì hơn, làm được rất nhiều lĩnh_vực nhưng thực_chất chẳng lĩnh_vực nào thành_công vượt_trội cả"
1710,Hát vậy_mà cung goi la ca si sao trời thua con cún nhà em sửa :cười_ra_nước_mắt: :cười_ra_nước_mắt: :cười_ra_nước_mắt:
1711,ăn_ở sao để bị không thích dũu vậy tùng núi: ) )
1712,chú tôi bảo là phải đăng_nhập vào để không thích: ) )
1713,CỨ phải xem hết MV thì ms tính là 1view hả mày. người???
1714,Chào_mừng các streamer đã đến với trải_nghiệm về cô gái :cười_ra_nước_mắt: :cười_ra_nước_mắt:
1715,mà em mười mấy tuổi luôn rồi! bằng tuổi anh!
1716,Cố lên chị ơi. Cái gì cũng mới lần đầu mà :trái_tim_đỏ: ️ :trái_tim_đỏ: ️ :trái_tim_đỏ: ️ :trái_tim_đỏ: ️ :trái_tim_đỏ: ️
1717,_son tung dao nhac day may che dug tin nhé thang_son tung la thanh dao nhac day
1718,cũng hay thôi cứ coi là We don ' tôi talk anymore Vietnam_Version: ) ) )
1719,ms đó mà hơn 20 triệu lượt xem rồi nhanh quá: ) )
1720,"tôi thật_sự thấy rất hay, không nói nên lời"
1721,nhạc hay thế_mà để ngkhac hát thì tốt hơn :thư_giãn:
1722,MV đậm chất HQ chất vãi Chi_Pu dth nữa :trái_tim_đỏ: ️
1723,Anh Rô rap cháy vaiz Lần đầu được 7 thích: ) )
1724,TÔI nghe chi pu đang hot cái gì ấy mấy ngày nay... Mà cái này có cờ cờ gì đâu mà không thích.. Thấy cũng được chứng mày làm quá
1725,Chúng_ta không luộc được nhau Chúng_ta không luộc được rau Ầu
1726,"Mọi người thấy đội nào rap hay hơn, còn tôi thì mãi là hero Team ( ý_kiến riêng )"
1727,2: 58 quả tóc giống thiều bảo trâm vãi cả cặp kính luôn @ @
1728,"Để trở_thành ca_sĩ không phải cứ nhảy đẹp, mặc đẹp, ngoại_hình đẹp, MV đẹp là được. Tất_cả là do ekip thực_hiện. Quan_trọng nhất phải có giọng hát hay. Mà hát hay phải có tố_chất. Cô này dù có tập_luyện 10 năm, 20 năm nữa cũng không_thể hát hay được. Đâu phải tự_nhiên mà ngta không thích khán_giả cũng bít cái gì hay cái gì dỡ. Cũng giống như "" không bít nấu_ăn không có nghĩa là không bít món nào ngon, món nào dở "" nên fans của cô ấy đừng có chửi ai không thích nữa. Tôi chỉ góp_ý chân_thành thôi. Cb nên tập_trung vào diễn_xuất thì tốt hơn vì diễn vẫn chưa được gọi là quá xuất_sắc ok. :ok:"
1729,Sơn tùng ca hây và có cá_tính. Khó có ai nâng tầm âm_nhạc như Sơn_Tùng.
1730,Vỗ_tay khen_ngợi sky của anh tùng núi đi: vậy 3 ngày gần 9 triệu lượt xem... tụi nó một ngày nghe 1 triệu lần rồi kkk.. nếu_mà tính ra một người nghe thoi thì tầm khoảng 4 triệu lượt xem thoi là cùng
1731,"NHẠC SƠN TÙNG NGE MÃI GẦN CHỤC NĂM BÀI NAY MÀ VẪN THẤY HAY QUÁ. NHIỀU BAI HÁT CA_SĨ KHÁC NGE NHIỀU CHÁN, BÀI NÀY NGE HOÀI KHÔNG CHÁN, 11 / 11 / 2023, AI NGE KHÔNG"
1732,"Tôi biết là tôi sẽ nhận đống gạch tại vì cái comment này nhưng tôi vẫn phải nói Mấy thím qua MV Eureka của Zion. TÔI với Zico đi Đoạn ngã vào bồn_tắm giống y đúc trong MV đó luôn, hèn_chi tôi thấy có gì quen_quen From một đứa là fan Kpop nhưng đếu anti ST"
1733,Mình thấy giọng của chị Chi_Pu cũng hay nhưng cần phải luyện giọng thêm tý nữa :ok: :cười_đỏ_má:
1734,lần đầu thấy video có lượt không thích nhiều hơn thích
1735,BBBB cũng 51 củ lượt xem kìa!! 2 bên cùng tăng à: 3
1736,cày lượt xem mọi người ơi. 3 tháng không được 80 triệu views rồi :thất_vọng:
1737,hat hay nhung rat tiet không co ' long tu trong nhi ~ toan hat bai nguoi ta không thua thua thua
1738,"Hãy sống vì ước_mơ vì hoài bảo em nhé, cố_gắng lên"
1739,Mình đã nghe tiểu_thư cá_tính của chipu rất hay. Có_lẽ chi chọn bài này không hay nên nhận được nhìu phản_hồi không tốt.
1740,"Khi tôi nghe bài này, tôi đã có cảm_nghĩ là bài này có sức_mạnh quá hay vì khi tôi vừa nghe thì tôi đã bị bật dậy để tắt ngay rồi."
1741,Mới sáng nay xem là 300k giờ đã gần 3tr Bái_phục
1742,Fan_Justin_Bieber_Chúc Sơn_Tùng_MÀY - TP thành Công. Ra Nhiều MV Hót hòn họt hơn_nữa
1743,yêu nhau yêu cả đường đi mà: ) Cố_Lên chị ơiii
1744,Thề lần đâu tiên nghe đến đoạn chúng_ta không thuộc nhau là nghĩ ngay đến we don ' tôi talk anymore: ) ) ) king off coopy
1745,"Mv đâu tớn nỗi gì, đúng là người VIỆT_NAM mình anh dua mà"
1746,Đạo diện pan tôn ngộ không rùi!! Ccmnr cả nhà
1747,"Chúng_ta không thuộc về nhau thích we used to do, lênnn"
1748,Ha_ha. Buồn_cười quá bạn ạ. Ngta sinh ra có năng_khiếu thì mới phát_triển đk. Tập_luyện mới có hiệu_quả.. Không có năng_khiếu thì cũng chỉ hơi tốt lên thôi. Bây_giờ chipu chuyển sang làm ca_sĩ. Nhưng cần biết mình hát đk thể_loại nào và cần tìm bài phù_hợp đi. Mình chỉ tôn_trọng những người có tài_năng thực_sự thôi. Còn những người không có tài_năng mà cứ cưỡng_ép ý thì cứ cố đi rồi thành quá_cố.
1749,: ) ) ) Việt_Nam nổi_tiếng quá: ) ) ) toàn như_ai đây thì: ) ) riết như Trung_Quốc làm giả đủ thứ ấy: ) )
1750,ôi... mới 12 phút mà mớ lượt xem bới cm..
1751,"Có ai đếm được có bao_nhiêu từ "" Chúng_ta không thuộc về nhau "" trong bài này không @ @....."
1752,Mấy đứa cứ chê dở này_nọ chứ tôi thấy hát còn hay gấp vạn lần Tùng núi với Hari won.
1753,Đám_tang bật lên cái người chết mở nắp hòm ra tắt nhạc luôn
1754,nghe bai hat nay ma tu dung cam thay yeu cs nay hon.. yeu Viet_Nam hon... nghich li bai hat
1755,Cảm_ơn anh vì đã giúp em bạn em nó đã bị què chân từ khi mới ra nhưng không ngờ nó tự đứng dậy tắt nhạc luôn không ngờ chị. ơn anh rât nhiều :tiệc:
1756,Hero team với Cô ngân Hero: 1đ với Cô ngân: 0đ
1757,Nghe hay mà: vậy nhạc cũng vừa taii nữa: vậy mắc rì không thích nhiều vậy...
1758,mac giu chi simy không biet giap nhung không sao mh van thich nghe chi simy rap
1759,"Chắc do kiến_thức về âm_nhạc của mình kém, chứ mình thích bài này và bài mới nhất của CP ( nghiện )"
1760,"2026 vẫn quẹo lựa xem ca_khúc này, sếp Tùng mãi đỉnh trong lòng người Việt_Nam, chúc sếp mãi đỉnh, mãi may_mắn, mãi ra những mv chất_lượng tiếp_tục vươn ra thế_giới nhá 🇻 🇳"
1761,Bai nay la hay nhât đo anh_sơn tung :chu_môi: :chu_môi: :chu_môi: :chu_môi:
1762,Người văn_minh luôn là người có học thức nên sẽ không chửi Sơn_Tùng như_vậy
1763,"Một bài hát ra cách đây hơn 5 năm nhưng nghe vẫn rất thời_thượng, mãi đỉnhhhh"
1764,Em thích chị sim mi tại vì chị rap rất hay
1765,"Nếu bài hát này có lời khác, nhạc khác, nội_dung khác và được làm bởi người khác thì nó sẽ hay hơn đấy :lửa: :lửa: :lửa: :lửa: :lửa: :lửa: :lửa:"
1766,Nhạc mau này nghe tai này xong lọt ra_tay kia
1767,Chúng_ta không luộc được rau u huuuuuuuuuuuu u huuuuuuuuuuuuuu
1768,: ) ) bài hát sẽ giúp người thính thành điếc :mặt_thiên_thần:
1769,Ai nhìn thấy bình_luận này sẽ may_mắn cả năm :trái_tim_đỏ: Sky ơi :vẫy_tay:
1770,anh là đỉnh st là anh anh cô_đơn quá cần 1sky của fan bên cánh tôi già
1771,không liên_quan thấy chê nhiều vô disslike bừa = ) )
1772,Chúng_ta thích được1 triệu thích 1 con_số vá đẹp sau 5 năm
1773,Nghe 2 lần và kết: Nhạc không thu_hút Giọng không tốt Mv dở - > Không thích
1774,Nói sao Thì nói. Hơn tùng hát hay beat hay. không cần biết ra sao. ủng_hộ Sơn_Tùng > > > > > > > > > > > > > > > >
1775,sao ki vậy tar không phai la than tuog hay sky cua_son tung ma cu thich nghe bai nay... moi dau cug thay xam xam ui danh lmht nghe riec thay hayhay bay gio nghe wai un
1776,"MV này mình thấy bình_thường, không hay cũng không đến_nỗi tệ, không thích cũng không không thích, nói_chung em nó là người mới thì sẽ dần_dần, ủng_hộ để động_viên, chứ dìm thẳng mặt thế_này rất dễ khiến em nó bị chấn_động mạnh về tâm_lý: )"
1777,Ngta hát hay vậy_mà mấy mẹ cứ ầm_ầm chê. Đúng là 3 gai có khác.
1778,We don ' tôi talk anymore à = ) ) ) ) ) Nhưng_mà bài này hay đấy = ) ) )
1779,"ơ thấy hay phết mà, nghe 2 lần thích luôn rùi, triệu thích nèee"
1780,không liên_quan nhưng We_Don ' tôi Talk_Anymore hơn 100 triệu lượt xem rồi nhé ae: ) )
1781,65trieu luot nguoi xem. nể thiet.. mà st hat hay thiet
1782,Ôi mẹ ơi cái bọn không thích Toàn lũ tai trâu
1783,lượt xem we dont talk anymore tăng khá đáng_kể khi chúng_ta không thuộc về nhau của mtp ra_mắt
1784,sky ơi. còn gần 300n views nữa thôi là đủ 100m views rồi. cố lên :ok: :ok: :ok:
1785,Các mẹ cứ chê xong vào xem: ) ) lượt xem tăng cao phết rồi đấy = ) ) nhớ đến gom mua quần_áo nữa nhé! Ghét ph vậy người mới bõ :cười_ra_nước_mắt:
1786,"thật_sự bài hát không hay. đã đầu_tư trang_phục, mv, cố_gắng thay_đổi hình_ảnh thì phải chọn bài hát dễ nghe hơn"
1787,hồi nhỏ coi kiểu: hay quá lớn coi lại kiểu:????
1788,Việt_Nam phải thêm này vào hình_thức tra_tấn tàn_nhẫn nhất
1789,quá tài_năng. bạn được yêu_mến là đều tất_nhiên.
1790,"Lớp tôi 43 đứa 42 đứa thích stream free fire, 1 đứa thích hero team"
1791,"Hay quá đi, tôi chắc_chắn sẽ ủng_hộ các bạn dài_dài Liên_Quân Mobile à: ) )"
1792,ca_sĩ việt_nam thì anti còn ca_sĩ hàn qua việt_nam thì ăn_nên_làm_ra: ) ) )
1793,hay quá chồnggg ơiiiii! hẹn anh chơi pickleball nhéeee loveeee
1794,Không thích nhiều hơn thích luôn :đeo_kính_mát: :sợ_hãi: Ôi mẹ ơi. Thấy chi hát cũng đx đâu tệ đâuu :hôn_gió: :thất_vọng:
1795,Những người xem video này đa_số là sky. EM nói lun bài này là phần rap là bài FIRE của BTS. Mấy người không tin nghe lại đi nhé. Còn gạch_đá đưa đây ANH. RỒI. MY là tôi xin nhận
1796,xin phép lên giường với mẫu_thân của anh tùng ạ < 3 GÌ - Dragon
1797,He he video được phổ_biến nhất VIỆT_NAM ahihi xin chúc_mừng oppa
1798,"Ơ, ngừg lượt xem rồi ak??? "" mọi người cố gắg lên, 1ng / 1tr lượt xem"
1799,"Hương_Tràm dẫn em vào đây bởi từ đầu đã không hứng_thú với Chi_Pu hát.. nghe được hơn 1 phút đầu thì thấy nhận_xét của HT chuẩn.. bởi producers người Hàn nên MV mang phong_cách Hàn, dù cũng không có gì đặc_sắc lắm nhưng sao thấy chị Hari khen ghê nhỉ.."
1800,"Hình_như, anh TÔI - gaming qua Rap_Cô_Ngân rồi đúng không"
1801,Nếu là tự sáng_tạo sẽ được ủng_hộ nhiều hơn == anti gần bằng fan rồi kìa = ) ) )
1802,"làm đk như người ta không mà cmt như đúng rồi, hay đầu mấy chế chủ để mọc tóc sao vậy"
1803,I don ' tôi thích this song!! I ' mày from Ấn_Độ ; ) )
1804,ARMY không thích điều này nhé. 1: 40 ~ Khúc đấy rất giống với khúc rap của Rap monster trong bài Fire.
1805,"20: 01 172, 122, 187 6 / 6 / 2020 Chốt 55k tăng 9k với hôm_qua"
1806,14 / 11 có ai nghe không thích phát: ) :thích: 🏻 :thích: 🏻 :thích: 🏻 :thích: 🏻 :mắt_trái_tim: :cười_híp_mắt: 81tr lượt xem rùi!!!
1807,Nghe chi pu hát mà buồn cho nền âm_nhạc! Phải_biết khả_năng mình tới đâu chứ mà sao cứ cố_đấm_ăn_xôi! Nể mấy fan khen hát hay giọng hát hay bài hát hoàn_hảo! bla bla
1808,nói không phải khen á nhạc dở lời thì nhảm loz
1809,anh_em chửi mấy thằng mắn chửi sơn tùng đê
1810,"Tháng sau ra mv nữa chị, để em có cái để cài báo_thức"
1811,cái giai_điệu này nghe quen quá ( luc đến cái đoạn rap )
1812,Số lượt thích của we don ' tôi talk anymore dường_như là của người Việt_nam hết. bó_tay
1813,Thực_ra thì... nghe We don ' tôi talk anymore nó dễ nghe hơn là ' ' bản Sub ' ' này ~ ~!
1814,Tổ_chức Hội Khiếm_Thính Bẩm_Sinh việt_nam chúc bạn thành_công = ) )
1815,182. 646. 690 lượt xem 990 Ngàn người thích 13. 2. 2021 Oh yeahhh
1816,Sino_Hao said Chúng_Ta không thuộc về nhau :trái_tim_vỡ:
1817,Sếp ' ss tùng ' ss ăn gì để em biết em cúng luôn :cười_ra_nước_mắt: :cười_ra_nước_mắt:
1818,xem đến giữa quay lại đầu có tính là một lượt không mấy bạn
1819,mấy ngừi mà không thích ST mình vào kênh của mấy thánh đó không thích lại cũng hơi bị đã tay á
1820,Nhạc đã tai..... Mv đẹp... Thích...: )... Ủng_hộ....
1821,"Nhạc hay, đặc_biệt là hình_ảnh đẹp lắm Tùng ạ. Sơn_Tùng fighting. Love viuuuu"
1822,"mẹ, coi cũng tốn tiền 3G chứ Free gì mẹ, coi được 1 phút rồi tắt, uổn phí 1 phút cuộc_đời, 11h khuya bật lên nghe mà tôi với bà chị cũng phòng cứ mắc_cười ứ hiểu hát cái gì. Dở tệ: vậy"
1823,"sky luôn bên Tùng, luôn ủng_hộ tùng mọi lúc đừng nghĩ gì mà kệ miệng đời anti nhiều thì làm gì được nhau đâu?"
1824,Phong luôn bảo_vệ cho sam đoạn cuối đấu với gao bạc cô ngân á nhìn phong rất ga_lăng ngầu nữa
1825,Bài này như đạo lại của feet don ’ tôi fail me now = ) ) ) ) ) đạo nhưng dở hơn ngta gọi là đạo ngu
1826,"- chả biết mọi người thấy sao chứ riêng tôi thấy bài này rõ hayyy < 3 Nghe 1 lần nghiện luôn rồi. Giai_điệu thấy sôi_động và bắt tai, thấy còn lạ_lạ nữa. Giọng hát của CP tuy không nổi_bật và có điểm nhấn nhưng cũng không đến_nỗi quá chán. Dù_sao cũng là MV đầu_tiên, tôi thấy vậy là tuyệt_vời lắm rồi. KHÔNG có ý gì nhưng có_vẻ khá nhiều người không thích theo phong_trào: ) )"
1827,"Vì MV người ta được 77tr lượt xem rồi nên người ta có quyền phán ấy mà, cố lên Chi_Pu nhé luôn ủng_hộ"
1828,Người thực_vật nghe bài này phải thức dậy để tắt nó đi
1829,cảm_ơn anh đã cống_hiến bài hái kinh_dị này cho 1 đứa bị điếc như em < 3
1830,lúc mới ra wdta bằng lượt xem với CTKTVN vậy_mà giờ nhìn lại :cười_ra_nước_mắt: :cười_ra_nước_mắt:
1831,anh kairon trong tu nhưng không có tường mà cầu_thang đi sang bên được :cười_ra_nước_mắt: :cười_ra_nước_mắt: :cười_ra_nước_mắt: :cười_ra_nước_mắt:
1832,SẾP TÙNG LÊN CHUYỂN_ĐỘNG 24H KÌA TỤI BÂY: VẬY
1833,Qua hay em se giup tung duoc 90tr nhe dung lo :vương_miện:
1834,Không phải Fan nhưng nghe được đôi lời tâm_sự của CHI và thấy được sự nổ lực. Giọng hát rất được có_thể phát_triển. Tôi ủng_hộ CHI sang ca_sĩ :trái_tim_đỏ: ️ :trái_tim_xanh_dương:
1835,mà bài này là lời Việt của We don ' tôi talk anymore ạ???
1836,mấy giây đầu của bài hát giống đoạn nhạc của bài EDM tên gì vậy mọi người?
1837,"cảm_nhận thấy như có đủ nguyên_liệu tốt nhưng đầu_bếp thì dở tệ trong khâu chế_biến. Có học hỏi nhưng làm không tới, MV sến và nữa mùa. Chi_Pu vẫn đẹp, đặc_biệt là outfit màu đỏ, còn lại thì... Nhạc cũng tạm"
1838,"Hay thì nghe. Cũng không phải fan gì, Hay thì ta cứ nghe"
1839,"Hay quá sếp ơi, tới giờ vẫn không lỗi_thời :cười_toe_toét:"
1840,cứ đều_đều chả thấy cảm_xúc gì như cứt ý
1841,"Thích và không thích gần giống nhau, mà cũng đuoc hơn 19 lượt lượt xem, phục"
1842,ô cô ngân và gao bạc không quay lại với nhau à bùn thế lại không được xem clip hai người ngựa nhau rồi ) ) )
1843,"Bảo sao mấy năm gần đây cứ phát_động kêu đẻ, tiêu_hao người quá mà = ) )"
1844,Nghe bài nằy hăy quá nghiện mất rùi chi pu
1845,Tùng Núi Tùng Núi Tùng Núi Tùng Núi say oh year!!!
1846,nghe nhạc :dấu_x: tra_tấn :dấu_tích: gì. i. ế. tôi người :dấu_tích: tôi thà nói_chuyện với đống cứt hơn là nghe bài nài
1847,Từ lúc MV za mắt. Niu phít toàn we don ' tôi tall anny more là sao
1848,Minh thay cung hay ma. Ma ngta ra mv luc nao thi ke chu sao cam được.
1849,"Nghe thiên_hạ đồn là không hay, nhưng vào nghe thấy hay mà."
1850,Chị Mèo_Simmy và chị Thảo_Linh dễ_thương và cute quá
1851,cảm_ơn mấy bạn anti đã tăng lượt lượt xem của sếp nhé tăng cả lượt share nữa
1852,tôi đang đi xe_máy tốc_độ cao nghe nhạc. Khi đến bài này tôi đã bỏ cái tai nghe xuống và đi tuân_thủ giao_thông gương_mẫu. Cảm_ơn bài hát vì đã giúp tôi cải_tà_quy_chính trở_thành 1 người_dân tốt
1853,Nếu mấy bạn không thích thì lơ đi và đừg có xem.. dù gì cũng là công_sức của ngta bỏ ra chứ đừg có cmt chửi nhau..
1854,tôi đến đây là để không thích. ngưng hát đi. cười là đủ rồi
1855,em là fan của chị và em thấy rất hay cố lên chị ơi mãi là fan của chị
1856,"Thấy bị chửi nhiều quá tò_mò vào nghe thử, thấy hay đấy chứ, đoạn điệp_khúc bắt tai mà. Càng nghe càng hay. Có ai như mình không hay tai mình có vấn_đề nhỉ"
1857,bài hát này muốn nói cái gì vậy. hại não quá
1858,Theo mình nghĩ đây chính là chủ_đích là chiến_lược của Sơn_Tùng để làm nổi_bật tên_tuổi của mình hơn vì chuyện đang được bàn_tán xôn_xao như_thế mà Sơn_Tùng lại không thèm lên_tiếng.
1859,Muốn đứng ở đỉnh_cao mà người khác không đứg được thì phải chịu được những gì người ta không chịu được
1860,Cover hay lắm Tùng típ tục cover vậy nhé ca ' s ve ' s
1861,Fan_Phạm_Hồng_Phước chúc Anh thành_công: ) ) 16Triệu luôn nè: *
1862,Giọng khủng hát hay nhảy tốt chúc bạn thành_công cho sự_nghiệp đéo dành cho bạn và tiếc cho bạn tạo ra bài hát hay tới mức sàm l
1863,chắc các bạn thấy chipu nhảy không hay nên_chê à
1864,hát như con đéo * * *. đừng làm ca_sĩ đi. diễn đủ rồi
1865,Nghe siro rap mà nghe nhầm kiki cà_ri: )
1866,CHỊ luôn ủng_hộ em Sơn_Tùng_MTP. Cố lên em.
1867,"MV chất, nhạc xu_hướng. Nhìn đoạn đứng Sơn_Tường mà cười không chịu nổi."
1868,"Đã 6 triệu 3 luôn rồi, mẹ ơi mẹ ơi!!! Yeahhh!!!!!!: - ): - ): - )"
1869,sau trung_thu này / 16 / 2016 ai còn nghe điểm_danh cái đi nè!!
1870,Nghe xong chắc tôi nghỉ chơi game Phai_Phai luôn :đảo_mắt:
1871,Nếu thích ta hoàn_toàn có_thể đè nát hội không thích
1872,"Rất tệ Có_lẽ mãi hợp là một hot hơn thôi, chứ diễn cũng bthuong, hát bthuong, thế_mà kênh 14 vào kéo lượt xem như đúng rồi. tốt nhất là không thích trang Kenh14, không thích kênh này luôn"
1873,Hay mà mọi người: - ) Chi pu cố_gắng nhé chị
1874,Cô ngân với simmy thứ huỷ_diệt tai của mọi thằng đàn_ông
1875,Giai_điệu giống bài 1 2 giờ đêm của mr. đêm giữ vậy..
1876,bọn ghét mv của Chi_Pu toàn bọn gato với tài_năng của chị ấy thôi à
1877,tôi sẽ không bàn về giọng hát ( vì không phải là người chuyên_môn ) nhưng tôi cảm_thấy bài này nó xàm xàm thế_nào ấy Còn hiệu_ứng MV thì đẹp
1878,"Nhiều người chê thế, tôi thấy mấy em nhà tôi nghe liên_tục "" Hay "" lắm"
1879,Tôi thấy bài rap của bác gấu không hay đâu
1880,"Nghe cũng được mà nói_chung còn hơn mấy thể_loại lệ rơi, tùng núi làm gì căng đến mức phản_kháng như là bị hấp diêm, vậy mấy bạn. nghe đồn hát dở vào nghe thấy cũng được còn hay hơn khối người"
1881,Giờ ms hiểu tại_sao mà mấy bài hát của thằng sơn tùng nhìu lượt xem rùi bấm vô bình_luận không có coi vậy_mà nó cũng tăng lượt xem
1882,"Mình thấy bài này không quá hay, kết mỗi đoạn nhạc đầu MV thôi, còn lại nghe chung_chung thôi à. Nhưng MV làm quá cool rồi: ) ) ) ) )"
1883,lũ sky mù quãng. hãy chọn đúng người mà thần_tượng đi. 1 người nổi_tiếng nhờ vào sự bắt trước. phong_cách lẫn âm_nhạc liệu có đáng kô?? còn 1 số bạn nói. tôi nghe nó vì hay. còn lại kô cần biết. bạn hãy nghĩ_lại đi nhé. liệu một thứ ngon_lành nhìn đẹp_mắt mà không biết gì về thứ đấy liệu bạn có giám thử..
1884,đây sẽ là 1 bc đột_phá mới của nền âm_nhạc VIỆT_NAM
1885,Nhờ cái clip Why_Do_These_Songs Sound_Exactly_The_Same mà nhiều người nc ngoài mò đến xem mv của Tùng núi
1886,Nếu bài này phát_hành trước thế_chiến thứ 2 thì bài này sẽ thay_thế chiến_tranh thế_chiến thứ 2 vẽ lại toàn bị thế_giới mở ra 1 thế_giới pickleball
1887,"Cũng hay nhưng_mà nghe cảm_giác như chất giọng cứ đều_đều thỳ phải, chưa đột_phá"
1888,Chúng_ta là người Việt_Nam!!! Chúng_ta không phải dạng vừa đâu!!!
1889,Mấy thể_loại đéo nghe cũng vào không thích cho có rồi đi. Nghe rồi mặc_dù có hay thì cũng cho là không hay vì cái tật ghét hùa. Từ đó lũ trẻ trâu đã xây_dựng nên một cộng_đồng không thích hùng_mạnh.
1890,San_Pham dau Tay the nay la ok roi nhung ma can chon bai hat di vao long nguoi hon va dau tu nhieu ve cach nhin cho de hieu va hinh anh phai zuc tich hon nua
1891,chỉ_trích nhau hoài thế mấy bạn! ngồi cãi nhau thế có ra tiền không!! có làm_bạn sống tốt hơn không!!
1892,"Cảm_ơn anh Quí rất nhiều! Hôm_qua bạn tên BẠN em bị cắn trúng lưỡi chảy_máu động_mạch và dây_thần_kinh nên mất máu mà từ_bỏ cõi_trần. Hôm tang em đã bảo bố nó bật bài của anh vì nghĩ nó sẽ thích. Thật không ngờ, ngay chỉ từ những giai_điệu đầu_tiên, nó đã bật nắp quan_tài, ấn ngay nút dừng phát và sau đó nó thốt ra 1 câu khiến em xúc_động: "" ANH ơi, bao_giờ cúng tôi thì mày lại mở bài này nữa nhé, để tôi lại bật nắp quan_tài lần nữa để nhìn mặt_mày cho đỡ nhớ. "". Vì_thế nên em rất cảm_kích công_ơn sâu_nặng của anh. Một lần nữa cảm_ơn anh!"
1893,Giọng hát chẳng có gì nổi_bật. Đừng lấn_sân qua ca_hát nữa dỡ tệ quá
1894,"Nghe một lần không hay nhưng nghe vài lần cũng thấy rẩt bắt tai mà, như kiểu nghe nhạc hàn mình cũng có cần hiểu đâu chỉ cần nghe nhạc thôi"
1895,đại_diện tất_cả mọi người trên trái_đất này chúc anh tùng luôn thành_công
1896,Nghe thằng bạn lớp em nói nghe bài này nó cứ sao sao ấy em nghe thử xong em mém bị chấn_thương tâm_lý luôn
1897,Một bài hát rất Thành_công được nhiều người chú_ý
1898,mình thấy cmt của người nước_ngoài nhiều hơn cả người Việt mình nữa ý.. yêu.. toá
1899,mọi người thấy bài thiên_lí hay pickleball hay hơn bình_luận dưới nhé :chỉ_xuống:
1900,Còn ai nhớ lượng subscribe của MÀY - tp ' s youtube trước khi tung ra Chúng_ta không thuộc về nhau không nhỉ? Lượng subscribe tăng nhanh quá
1901,Nhứng đứa chê thick of it đéo bt gì về quả dưa chu
1902,tốn hơn 500 củ tiền quần_áo mà làm ra cái này. bó_tay
1903,về giọng hát và mv đều như lồn... bảo sao không thích nhiều.. gần bằng linh KHÔNG rồi
1904,tôi là một người đơn_giản: ) bản_thân thấy hay thì nghe thôi ; ) không quan_tâm bất_cứ vấn_đề khác :thích:
1905,hay quá dù_sao luôn ủng_hộ tác_phẩm của anh cày lượt xem thôi
1906,tôi đã phí 3phut của cuộc_đời để xem cái mv nhảm_nhí này. nói thật chứ bạn đừng hát. hát như sít ấy
1907,thầy_trò đường tăng đã đưa tôi đến đây: ) ) )
1908,Khi nghe bài này tôi thấy......... ( Điền vào chỗ trống )
1909,Tham_gia vào một ế_ẩm vì sao không đến với chúng_tôi chết lặng không một :đeo_kính_mát: :đeo_kính_mát: :đeo_kính_mát: :đeo_kính_mát: :đeo_kính_mát: :đeo_kính_mát: :đeo_kính_mát:
1910,Bỏ_qua lời bài hát đi thì giai_điệu và beat hay phết mà các bro!!!
1911,Có ai từ MV mới qua đây giống tôi hông :hôn_gió: :hôn_gió:
1912,Nhiều người ns không hay nhưng vẫn muốn nghe không biết tại_sao luôn
1913,"cũng hay, nghe được rồi cần gì soi_mói này_nọ = ]"
1914,"Nói_tóm_lại là người Việt_nam mình có phong_trào ghét theo phong_trào, anti cũng theo phong_trào thôi. Sau khi xem nhiều chương_trình tìm_kiếm tài_năng, hoa_hậu... trên truyền_hình tôi nhận thấy là tôt nhất_là nên về nhì vì nếu về nhất bạn sẽ bị soi_mói, ném đá... đến độ không ngóc lên được."
1915,nói_chung mấy thằng sao hàn giờ độ nổi_tiếng thua tùng núi hết
1916,- hãy dừng việc chê_bai người khác khi bạn chẳng giỏi hơn ai... - đừng cười trên sự nỗ_lực của người khác khi bản_thân mình luôn tự_ti bởi chính mình..... - - - - - - Chipu - cô gái mạnh_mẽ... em luôn ủng_hộ chị... cố lên chị nhé < 3 < 3 < 3
1917,"mình thấy bài nghe cũng hay mà, người việt ai nỡ tự hại mình như_thế ( note: mình không phải sky hay gì cả và cũng không thích nhạc nhẽo lắm nhưng thấy bất_bình nên vào comment, đây chỉ là ý_kiến cá_nhân, hóng đứa chửi )"
1918,Thực_sự rất hâm_mộ anh. Nhưng khi xem clip cô bé hát we don ' tôi talk any more trên nhạc beat của bài này thì em thấy buồn.
1919,"Hay lắm chị Chi_Pu :trái_tim_đập: Đừng để số không thích kia_mà ảnh_hưởng đến tâm_trạng nghe chị, cố_gắng lên chị ơi :vương_miện:. Yêu chị nhiều lắm :trái_tim_lớn_dần:"
1920,bài này hay đến_nỗi khi tôi bật cho một ông bạn bị liệt. Anh ấy liền đứng dạy nhảy khỏi cửa_sổ.
1921,Bài này càng về sau nghe càng đã tai nhe :tiệc:
1922,cả 2 bài này đều hay đừng so_sánh rồi gây tranh cải không nên nghe bằng đôi tai và cảm_nhận được rồi mọi người à
1923,"Chúng_mày cứ sủa, cứ unlike. Nó vẫn nổi_tiếng và nhiều tiền: ) ) ) )"
1924,"Đâu tới mức "" xúc_phạm "" như Hương_Tràm nói nhỉ. người ta tuổi_trẻ có ước_mơ, đam_mê thì phải thực hjện thôi, được hay không từ đó người ta sẽ có định_hướng rõ_ràng cho con đường sau_này. Hương tràm nói_chuyện khó nghe quá, không lọt lỗ tai tí nào"
1925,Chỉ còn lại 30k thích để đưa ctktvn đạt 1m. Còn gần 3m lượt xem để atbe đạt 100m
1926,có nhiều sky giả ở nước_ngoài khen ST kinh
1927,CP mặc bộ suit chẳng có phong_thái nữ_quyền gì. Đã thế cái bộ suit còn tệ nữa chứ. Nhạt
1928,"bong bong bang bang ăn_theo kìa... mày, người tắt phát tự_động đi nhé"
1929,ta không làm được thì không có tư_cách chê_bai người khác
1930,Toi không quan trong thu goi la dao nhac quan trong la dong hat va cach bieu dien
1931,100tr rồi yêu lắm sếp ơi yêu lắm sky ơi..... < 3
1932,224k thích 237k không thích @ @!!: vậy địt hiểu lun :mặt_bình_thường: :mặt_bình_thường: :mặt_bình_thường:
1933,Và rồi 1 bài nữa. We don ' tôi take anymore. Lol
1934,ANH mèo simmy thấy cô ngân sao đéo thả puồi đi
1935,Lạ nhỉ? Hôm_qua vào thì có đến gần 100k comment mà nay lại thấy còn có gần 50 k????
1936,"Cũng không đến nổi nào, nếu không có phát_ngôn tự_tin thì đã không bị dìm thế_này."
1937,hương tràm đưa mình vào và đăng_ký kênh này luôn nhé ' ) ) nghe nhiều thuộc cmnr ạ :ok: :ok:
1938,Đó giờ vẫn nghe nhạc của Tùng nhưng điệp_khúc bài này thiệt sự là giống We don ' tôi talk anymore của Charlie quá: vậy Phần rap cũng giống đoạn rap của Rap_Monster trong Fire nữa: >
1939,Nhìn chị chi pu cắt mái nhìn cute thiệt á
1940,Cảm_ơn quí vì đã giúp tôi trân_trọng cái lỗ tai của mình hơn
1941,Đây là sub việt bài we dont talk any more sao
1942,hom di rước đèn ở phố 3 ngọc lặc cũng có bật đi bật lại nge mãi không chán
1943,"nhiều con_người vương lên bằng nghị_lực qua bài hát này dù bị nói_xấu, người thực_vật hay..."
1944,Chạy_Ngay_Đi > Lạc_Trôi > Đã đưa tôi đến đây Sky ơi
1945,"Chỉ là chút góp_ý chứ không phải là chê_bai, Thay_vì đầu_tư tiền_bạc vào quần_áo trong MV hay thuê đạo_diễn có tiêng để làm MV bạn nên nghĩ nên làm MV sao cho ý_nghĩa hơn, xem cái MV từ đầu đến cuối tớ không hiểu ý_nghĩa của MV là gì mà hình_như chỉ là để khoe bản_thân bạn, với những bộ trang_phục đắt tiền. Bạn bắt_đầu bước chân vào showbiz từ nhỏ, rất khâm_phục bạn vì những điều bạn làm cho đến ngày hôm_nay, nhưng có_lẽ bạn nên nhìn_nhận lại bản_thân, tham_khảo những ý_kiến đóng_góp của mọi người để có định_hướng đúng_đắn cho tương_lai. Chúc bạn luôn thành_công trên con đường bạn theo_đuổi"
1946,"Người Hàn viết nhạc, Trang_Phaps viết lời hả? Người Việt cũng viết được những nốt_nhạc đẹp và hay vậy, cần gì tụi Hàn viết nhạc chi đâu, nhạc_sĩ Việt có tài nhìu lắm, già_trẻ có đủ."
1947,chả hiểu???? bài này hay thế_mà mọi người cứ chê là sao nhỉ? hay tôi bị điếc thật rồi
1948,Mình nghe thấy cũng hay mà chỉ vì MV không hay mà thôi
1949,"Không đứng về phía nào nhưng thực_sự sự là mv này không hay một_chút nào cả. Hát, nhảy thực_sự không hay tý nào."
1950,Mình thấy lời bài hát chả liên_quan gì đến MV................ ý_kiến riêng: ) )
1951,Chỉ là mượn lời bài hát - trộm style - dùng rap của người khác thôi mà không sao đâu mấy bạn = ) ) ) ) )
1952,MÀY. người tắt chế_độ ( Tự_động phát ) đi nhé! Bống bống bang bang được tăng lượt xem chùa đấy!
1953,"Bạn em nói là cô ngân rap: lo đì, sống trong cuộc_đời này phải_biết cho đì"
1954,Ráng cày lên 100tr lượt xem trong hết ngày_mai: ) ) )
1955,_ Nhắm_mắt ơ thờ anh không muốn lạc vào trong nỗi đau này _
1956,Hát thì dở mà cũng đăng mấy cái nhạc xấu
1957,"Mv này hay phết, nghe lần đầu là nghiện lun tôi cày mấy nay rùi. Cố_gắng cày để mv lên top 1 nhé mọi người. :trái_tim_lớn_dần: :trái_tim_lớn_dần: :trái_tim_lớn_dần: :trái_tim_lớn_dần: :trái_tim_lớn_dần: :trái_tim_lớn_dần: :trái_tim_lớn_dần: :trái_tim_lớn_dần:"
1958,vid này có khả_năng lên tab 1 vì lũ trẻ_con bây_giờ không biết cảm_nhận âm_nhạc trong cuộc_sống mà chỉ chạy theo hiphop và bởi_vì chúng_nó đông nên vid “ Chỉ là không cùng nhau ” nhường cm
1959,Hay Quá đi ANH Tùng Ới_Ới_ỚI!!!..... Nhớ Ra Thêm_Nhiều_MV_Mới Nhá_ANH_Tùng: ) )
1960,Chúc em thanh cong trên con duong am nhạc ma tam huyết cua em co gang
1961,em theo_dõi và thấy sau 2 giờ đồng_hồ nó lên 200k lượt xem. dã_man thật.
1962,nge cũng hay mà. nge giai_điệu thấy vui vui mà
1963,Nhìn những bước nhẩy trong mv mới thấy tùng thực_sự quá giỏi
1964,"Âm_nhạc Việt_Nam chỉ có Sơn_Tùng mới làm nó vươn xa ra thế_giới được, trời cử Tùng xuống giúp đất_nước nên sẽ có nhiều bọn người xấu_xa gato anti là chuyện bình_thường của xã_hội, hy_vọng 1 ngày trời sẽ đánh chết hết bọn anti đó đi"
1965,Ai đã không thích video của chị chipu điểm_danh ( hỏi vậy thôi nhé không có ý gì ak )
1966,Những hình_thức tra_tấn kinh_khủng nhất thế_giới
1967,"bài này nghe hay á? chả hiểu gì, cả bài cứ ' ' chúng_ta không thuộc về nhau ' rồi lại ' chúng_ta không thuộc về nhau '."
1968,Nghe như đấm vào ass. Không nghe nổi hết bài. Khuyên mấy bạn trẻ sang nghe lại bài We don ' tôi talk anymore còn hay hơn! Nghe lại vẫn còn hay chán!!!
1969,"sáng sớm đang ngủ nhạc chuông là bài anh hẹn em pickleball cái dậy đập mẹ máy điện_thoại luôn, lúc tỉnh lại máy điện_thoại đã bay màu - ) ) )"
1970,sky_son tung anh hat hay lam co gang phat trien nhé anh nhé em ung ho_anh
1971,Chưa được 2 ngày mà gần 5tr lượt xem rồi đúg là không phải dạng vừa đâu
1972,"Justin bieber phiên_bản Việt, nhiều fans mà cũng lắm anti: - ), cá_nhân mình thấy bài này hay, nhất_là đoạn đầu, 1 thích."
1973,ytb đóng_băng lượt xem rồi à? :cười_ra_nước_mắt: :cười_ra_nước_mắt: nửa tiếng không nhảy 1 lượt.
1974,"bài này hay quá mới có mấy ngày mà đã 12, 344, 095 views rồi"
1975,cố lên 15 phút nữa thôi cố cầy lên 3 trời đê
1976,Nguoi dep mv co dau tu nhung can luyen thanh them chut se on boi giong cao thanh thot co len nhe
1977,Bài nghe hay thiệt. Nhưng nghe không hiểu gì hết...
1978,"AE tắt chế_độ "" Tự_động phát tiếp "" đi nhé. Không cái MV chùa Bống bống bang bang được tăng lượt xem lây đấy: vậy"
1979,Thấy hình_dáng của MV đình_đám vừa đây.. Không nhớ tên mà chị đẹp đẹp nằm trong bể kim_cương ấy.. cái lời bài hát tựa tựa nhau.. khác là bên tiếng anh bên tiếng Việt.. cách làm MV cũng giống
1980,"Háy thế_này thì chi pu chỉ nên đi kara với bạn_bè để thể_hiện chút tài_năng ít_ỏi này thôi. Chứ háy cứ phè_phè không lên cũng chẳng xuống cả bài quay đi quay lại cứ ồ ố ô ồ, câu cái đấy 3 tuổi cũng hát đúng nhịp rồi..."
1981,Chả hiểu = ) ) cũng là công_sức của ngta không được tốt lắm thì góp_ý cho ngta thôi ở đó chê với bai?? đang phản_bác tâm_huyết của ngta đấy. Uầy lúc họ đi lên thì tung_hô còn đi xuống thì mồm to bắt_đầu mở = ) ) ( đính_chính không phải fan Chi nhá chỉ thấy hơi quá_đáng nên ms vào cmt thôi )
1982,Sky và anti vào để biết thêm chi_tiết!! Hóng... xD http: / / kenh 14. việt_nam / cha - de - ban - remix - we - dont - talk - anymore - len - tieng - to -_son - tung - dao - nhac - 20160804150522058. chn
1983,Sao dám phát lên hay vậy ta thấy không hay gì lun :cười_ra_nước_mắt:
1984,bài này làm tôi gãy tay nghe song có_thể cần búa đập
1985,Chúng_ta không thuộc về nhau của Sơn_Tùng là một siêu phẩm của Việt_Nam: vậy ~ Với kỉ_lục không thích ~ Với lượt thích khủng ~ Với Lượt lượt xem khủng ~ Với lượt cmt của nước_ngoài khủng ~ Và cái này tớ không muốn nói ra ( Tự hiểu ạ ) = ) ) Tớ không phải anti không phải sky: 3 ~ Hết ạ = ) ) )
1986,Trận chiến long trởi lở đất: Thick of it và Pickleball
1987,Bọn khốn_nạn hết GÌ Dragon_Rồi_Charlie_Puth rồi blah.... blah Thằng điên Tùng
1988,"Không có Hit "" We don ' tôi talk anymore "" sẽ không có hàng fake "" CTKTVN "". Đơn_giản là như_vậy thôi, theo tôi hiểu!"
1989,Chỉ thấy màu MV và màu tóc đẹp. Bài hát thấy chán quá!!!
1990,MÌNH luôn ủng_hộ ST có MV hay vậy là được đừng buồn vì bọn anti đó nhé ST
1991,Bài này thật_sự hay mà Chỉ là hùa theo để dìm và diss thích thôi
1992,Liệu có được 10 triệu lượt xem không nhỉ?? Sky cố cầy tiếp nhé!!
1993,"BẠN GÁI TÔI_ĐÒI PICKLEBALL, TÔI PICK ĐỖ PHÚ_QUÍ"
1994,Số_lượng người Hóng vượt qua qua MV Hoa_Hải_Đường
1995,vào xem mv ctktvn với lạc trôi toàn cmt của người nước_ngoài: ) đọc mà thấy thích thích: ) )
1996,cm xm lại cm hát có hay được như_vậy không hãng chửi người khác nhé
1997,kết_bạn facebook thích và làm_quen nhé mọi người :trái_tim_đỏ: facebook mình là vân trần
1998,"Bà nội mình bị ngã, đi viện về không đi_lại được, chỉ có_thể nằm hoặc nhờ người khác đỡ cho ngồi dậy nên mình chưa thấy bà ra khỏi buồng bao_giờ. Mình vừa ở ngoài nhà mở nhạc này nghe xong đặt trên bàn thì thấy bà đã cố lê_lết ra ngoài tìm điện_thoại để tắt nhạc được rồi. Mình xin cảm_ơn bạn Đỗ_Phú_Quí rất nhiều ạ :trái_tim_đỏ: :trái_tim_đỏ: :trái_tim_đỏ:"
1999,Thực_sự là “ lợi_ích tối_thiểu Lợi_nhuận tối_đa ” :mồ_hôi_lạnh: :dấu_chiến_thắng: ️ :hoa_héo: :trái_tim_vỡ:
2000,Sắp 200M rồi mọi người đẩy em ấy lên 200M với MV Lạc_Trôi lên 250M luôn nhoé
2001,thấy mấy thăngd rảnh quá đi nhận xet người khác đũ kiễu... s bọn mình không tự xem_lại mình đi xem hay_ho gì chưa đk như người ta không.. đi phán nhứ thánh
2002,"Mình không cần biết bạn Chi_Pu có chi lớn làm MV này bao_nhiêu, nhưng_mà không phải cứ muốn lấn_sân sang làm ca_sĩ là dễ đâu. Bạn vẫn nên làm tốt những việc mà bạn được công_chúng nhìn_nhận thì hơn. Ca_hát thế_này thì nền âm_nhạc Việt_Nam nó đang trở_nên quá dễ_dãi sao? Mong bạn Chi_Pu đừng cố quá làm gì bởi_vì sự_cố quá của bạn đang bị phản dame đấy."
2003,Các thím bấm lại nút thích đi!! Nghe hay vậy_mà không thích
2004,Chi pu hat hay nhung phong cach am mac nhin ki qua chi con tre ma am mac nhin gia quá
2005,":được: :trái_tim_đỏ: Chú ri ngầu ghê, hazz ớn lạnh với khúc mà Simmy rap :buồn_nhẹ:"
2006,Mà chị Sammy đào hát cũng rất là hay :cười_đỏ_má: :cười_đỏ_má: :cười_đỏ_má: :cười_đỏ_má: :cười_đỏ_má:
2007,"Chúng_ta không được luộc rau!!! "" Disslike "" - - - > Chúng_ta hãy cùng Disslike ^ ^"
2008,"Bài này hay, tôi không phải fan Sơn_Tùng nhưng tôi phải công_nhận chất_lượng âm_thanh của bài này rất hay"
2009,cố lên team không thích ơi. Sao vậy 270 không không thích thôi á 279k thích kìa. 9 không nữa ms được. không thích manh vào. cái con chi pu tuổi lồn đòi làm ca_sĩ. đi bốc cứt thôi
2010,giong ghe anh tung hat giong may thag ấy quá
2011,"Có ai giống mình không? Mở 1 lần 3 tab trên trình_duyệt, 1 tab mở mv này, 1 tab mở mv We don ' tôi talk anymore, tab còn lại mở google dịch để xem cmt: ) )"
2012,Mặc_dù biết chỉ là rap nhưng thấy Hero_Team gáy to ghê á :thư_giãn: :thư_giãn: :hắt_xì: :hắt_xì:
2013,Beat của anh Triple_D đánh cho anh Tùng nghe quá đỉnh
2014,Cố lên hero Team và stream mer ơi top 1 thịnh_hành
2015,thấy lùm xùm nên vào coi ra sao.. ai như tôi không
2016,Chị hát hay hát hay hơn hương tràm giọng chị trong_sáng hơn tràm giọng chị tràm nghe khàn_khàn không hay bằng chị chị
2017,"* Cam on bai PICKLEDBALL nhé * * Nho nhac nay ma toi không bi am anh boi bai "" Trinh "".. *"
2018,Đấm vào tai. Không phải ai tên chi cũng hát hay như thuy chi đâu nhé :đảo_mắt: :đảo_mắt: :đảo_mắt:
2019,Tân_Hiệp Phát hân_hạnh đồng_hành cùng Sơn_Tùng_MÀY - TP tôi xin tay chay Tan_Hiep_Phat va thang Son_Tuong nay
2020,"Hay mà, các bạn cứ cho thích đi có chết ai đâu"
2021,Nhờ ôg Tùng mà một_số người nc ngoài có động_lực_học tiếg Việt đó mấy chế = ) ) ) )
2022,có nhiều bạn nói vì là MV mới nên chưa tốt này_nọ... Nhưng theo mình nghĩ Chippu không nên đi hát hoặc hát cho vui thì tốt hơn. GIọng Chippu nghe không hay 1 tý nào cả... ngay từ lần đầu nghe Chippu hát thì đã xác_định là giọng bạn không hợp với làm ca_sỹ rồi
2023,Nghe_nói MV của Sếp bị nhiều thằng Anti nó Không thích quá nên phải vô đây để góp thêm 1 cái Không thích nữa.
2024,bọn 365 là do tụi con_nít nó hay mởra nhảy_múa sao = tùng được
2025,"Trang_phục đẹp, hình_ảnh đẹp. Còn những cái khác no cmt"
2026,lúc đầu nghe thấy bình_thường nhưng càng nghe nhiều lần thấy hay
2027,xem Lạc_Trôi xog lục lại xem hết mv cua Son_Tung lun í :cười_ra_nước_mắt:
2028,Mình thấy nghe lần đầu thì không quen lắm. Nhưng nghe nhiều thấy được. Cơ_mà nhiều người không thích quá
2029,Gu ăn_mặc quá tệ. Giọng hát thua người bình_thường
2030,""" Tôi hiểu ra rằng tất_cả chúng_ta chẳng bao_giờ tốt lên Tất_cả cùng kéo nhau xuống thật sâu, thay_vì đỡ nhau lên "": ) )"
2031,MV chất. Chuc anh luôn thành_công nhé: * Hay quá 1 ngày xem đi xem_lại không biết_bao_nhiêu lần luôn
2032,Không phải fan ST nhưng đã là người việt thì nên ủng_hộ nhau sao cứ dìm nhau
2033,"theo em, chị cũng không cần phải quá đa_dạng với nhiều vai_trò đâu ạ. chị chỉ cần làm diễn_viên, người_mẫu ảnh, vv,... em thấy phù_hợp hơn khi chị bỏ lòng đam_mê vào đấy. còn về vãi chưởng chị muốn lấn sang làm ca_sĩ, trước_tiên cần phải có giọng hát, niềm đam_mê với nghề. ở đây em thấy chị giọng của chị là giọng yếu, không có nội_lực, lời bài hát em thấy rất nhàm_chán. chị chỉ làm diễn_viên là ok lắm rồi ạ"
2034,"Ăn_cắp vẫn mãi là ăn_cắp thôi, tật xấu không đổi được, giang_sơn dễ đổi, bản_tính khó dời mà. Haizzz"
2035,"mấy ban antifan đã ghét thì tốt nhất đừng nên xemmm... xem xong phê với cả phán nhức óc,"
2036,Cô Ngân rap dở mẹ rap hoài sao không để Hà_Thảo_Linh rap
2037,"Bài_Ca_Sky < ( "" ) "" Mình không phải sky hay anti nhưng mình thấy... "" "" Tuy không phải là sky nhưng... "" "" Tuy không phải fan Sơn_Tòng nhưng... "" "" Không phải bênh_vực Tùng nhưng... "" "" Mấy người được như Tùng không mà nói... """
2038,nghe lần 1 chẳng hay gì cả nghe lần 2 thấy liêu điêu nghe lần 3 nghiện cmnr luôn... ặc ặc
2039,"Theo mình thấy mv cũng đầu_tư lắm đó chứ, giọng hát tuy không phải xuất_sắc nhưng cũng không đến_nỗi tệ mà... Chỉ có_điều với một mv hoành_tráng vậy thì nên có lời bài hát hay hơn, đâu tư cả về âm_thanh lẫn hình_ảnh thì tốt hơn..."
2040,exo monster 50 triệu lượt xem rồi còn 9 triệu lượt xem mới đuổi kịp
2041,"hằng ngày vẫn xem dù không có mục_đích cày lượt xem, vì nó hay thì mình xem thôi :cười_tươi_mắt_cười: :thư_giãn:"
2042,Các bạn đừng nói quá lên. Có_thể là giọng chi chưa phù_hợp với bài này. Là Chi sai trong cách chọn bài và cách phối thôi. Chứ các bạn nghe Chi hát bài Trở về đi chưa? Sao không thấy ai chê Chi giọng yếu trong bài đấy. Chi có giọng nhưng vấn_đề ngắn_gọn là chọn sai bài thôi.
2043,không: 31 lạc trôi giữa bầu_trời ta lạc trôi giữa trời
2044,hơn 8 triệu rồi. sky ơi ủng_hộ nhiều đi
2045,"Tối 8h ở tầng 4 mường thanh nhosoo, em mặc sẵn đồ con thỏ"
2046,Bọn hero team dở quá solo không id 2551544676 kai rap hay đấy kinh sam rap như ị
2047,Em của ngày hôm_qua vẫn muốn nghe nhiều lần nhất: )
2048,Hay như_vậy mà sao mấy đứa trẩu nó cứ nói Tùng!!!!
2049,"Cho_dù có nhiều người bình_luận không tốt về MV của chị nhưng chị ơi hãy cố lên. Hãy cho người khác biết chị không_chỉ ở tầm này mà_còn ở tầm cao hơn_nữa. Chị phải cố_gắng nỗ_lực, tất_cả cũng chỉ vì đam_mê: )"
2050,anh có tài_năng âm_nhạc đó giấu mẹ Nó đI aNh eiiiiiiiiiiiiiiiiiiiiiiiiiiiiiiiiiiii :lăn_ra_cười: :lăn_ra_cười: :lăn_ra_cười: :lăn_ra_cười: :lăn_ra_cười: :lăn_ra_cười: :lăn_ra_cười: :lăn_ra_cười: :lăn_ra_cười: :lăn_ra_cười: :lăn_ra_cười:0 :lăn_ra_cười:1 :lăn_ra_cười:2 :lăn_ra_cười:3 :lăn_ra_cười:4 :lăn_ra_cười:5 :lăn_ra_cười:6 :lăn_ra_cười:7 :lăn_ra_cười:8 :lăn_ra_cười:9 :lăn_ra_cười:0
2051,"Bài hát với giọng pu quá tệ để làm ca_sĩ, làm tôi nhớ đến vụ angela Phương_Trinh ngày trc cũng học_đòi làm ca_sĩ: ( ("
2052,dù ai nói dì hay chê tùng ra sao anh vẩn ủng_hộ tùng
2053,diss mẹ st mượn tác_phẩm diss me sì ' ss ke ' ss diss mẹ st mượn tác_phẩm diss me sì ' ss ke ' ss diss mẹ st mượn tác_phẩm diss me sì ' ss ke ' ss diss mẹ st mượn tác_phẩm diss me sì ' ss ke ' ss diss mẹ st mượn tác_phẩm diss me sì ' ss ke ' ss
2054,Từ có chắc yêu là đây về. Cố lên 200M nhá
2055,em muon ngoi người đon nhân thi pai co 1 bai hat hay va hot thi moi người mơi chù ỳ toi em. kon cu hat mây bai xàm xàm nay thi không ai nghe noi
2056,Có ai vừa xem vừa đọc comment... Toàn người nước_ngoài mà vui như tôi hông.. Điểm_danh :cười_rạng_rỡ: :cười_rạng_rỡ:
2057,MV có cô người_mẫu có cái nốt_ruồi trên miệng thấy tíu tíu ^ _ ^
2058,Anh có tài_năng và nhớ dấu nó luôn nhe ^ ^
2059,Rap chậm em chậm học kiệp mays anh rap nhanh quá học không kiệp
2060,Lên tóp 2 đi mọi người ơi à nhầm tóp 1 :cười_toát_mồ_hôi: :cười_toát_mồ_hôi: :cười_toát_mồ_hôi: :cười_toát_mồ_hôi: :cười_toát_mồ_hôi: :cười_toát_mồ_hôi: :cười_toát_mồ_hôi: :cười_toát_mồ_hôi: :cười_rơi_nước_mắt: :cười_rơi_nước_mắt: :cười_toát_mồ_hôi:0 :cười_toát_mồ_hôi:1 :cười_toát_mồ_hôi:2 :cười_toát_mồ_hôi:3 :cười_toát_mồ_hôi:4 :cười_toát_mồ_hôi:5 :cười_toát_mồ_hôi:6 :cười_toát_mồ_hôi:7 :cười_toát_mồ_hôi:8 :cười_toát_mồ_hôi:9 :cười_toát_mồ_hôi:0 :cười_toát_mồ_hôi:1 :cười_toát_mồ_hôi:2 :cười_toát_mồ_hôi:3 :cười_toát_mồ_hôi:4 :cười_toát_mồ_hôi:5 :cười_toát_mồ_hôi:6 :cười_toát_mồ_hôi:7 :cười_toát_mồ_hôi:8 :cười_toát_mồ_hôi:9 :cười_toát_mồ_hôi:0 :cười_toát_mồ_hôi:1 :cười_toát_mồ_hôi:2 :cười_toát_mồ_hôi:3 :cười_toát_mồ_hôi:4 :cười_toát_mồ_hôi:5 :cười_toát_mồ_hôi:6
2061,Mình có đứa bạn làm nhân_viên quán cf. Nó bảo nó là fan ruột của bài này vì từ khi bài hát ra_đời nó không cần phải đi làm về muộn nữa. ┐ ⁠ ( ⁠ ￣ ⁠ ヘ ⁠ ￣ ⁠ ) ⁠ ┌
2062,"Gần 60tr lượt xem, phải nói là Tùng núi có phong_cách rất Tây trong MV này, cộng thêm điệp_khúc Pop, Rap và Dance đẹp, chắc sẽ lượt xem tăng không ngừng trừ khi có MV khác kiểu hiện_tượng mới như "" Vợ người ta "" ngày trước!"
2063,Mình thích chị chi pu chị ơi hay lắm cố lên nhé chị
2064,"Ai thấy hay thì nghe thôi, tôi thấy hay, nghe giải_trí"
2065,sky ơi!!! 1 tuần có_thể 20 triệu lượt lượt xem được không? Cố lên sky ơi lập kỷ_lục sky ơi!!! Fighting!!!
2066,Ai mà dis là vì họ ganh_tị với chị pu thôi :hôn_nhắm_mắt: :hôn_mỉm_cười:
2067,Nghe cũng tạm được mà trang_phục và phong_cách trong mv thì xấu tệ_hại luôn trời_ơi
2068,"Chipu là một cô gái rất xinh_đẹp và tôi tin là cô ấy cũng có một nhân_cách tốt nữa. Nhưng bấy_nhiêu thôi_thì thực_sự chưa đủ để làm_nên một nghệ_sĩ. Ít_nhất, bạn phải cho người ta thấy được cái chất riêng, cái cá_tính riêng tạo nên con_người bạn. Có_thể Chipu quá nhạt_nhoà, không có cá_tính, và cũng có_thể tôi không nhìn ra được cái chất nghệ của Chipu!"
2069,"100. 002. 846 lượt xem rồi SKY ơi, Chúc_mừng Sơn_Tùng nhé ^ ^"
2070,Hay............ Hay nhucac
2071,Mọi người cố lên top3 zồi cố lên top 1 thịnh_hành nào mọi người :cười_tươi_mắt_to: :cười_tươi_mắt_to: :cười_tươi_mắt_to: :cười_tươi_mắt_to:
2072,thấy tin với báo mạng nói ầm_ầm nên xem thử không thích cũng chẳng không thích vì không phải là fan của MTP
2073,chúng_ta không thuộc về nhau vì anh không biết luộc rau
2074,"Cố_gắng làm gì khi cuối_cùng cũng không có gì ngoài nhan_sắc: ) cứ đi event bình_thường là ngon rồi, chứ chen_lấn làm ca_sĩ làm_gì không biết: )"
2075,"vũ_đạo tệ quá, giọng cũng... nhưng được_cái mv đẹp, xem vẫn ổn, em nghĩ chị cần thời_gian để cố_gắng, chắc_chắn sẽ cải_thiện thôi, mv này cũng kg đến_nỗi bị ném đá như_vậy đâu, chị đừng buồn nhé!"
2076,Trình coppy của sếp ' ss ngày_càng cao_tay nhé: ) ) từ Kpop qua USUK luôn rồi
2077,còn gần 2 triệu nữa thôi là 100 triệu lượt xem rồi cố lên ae
2078,Hay mà sao mọi người bình_luận tiêu_cực thế :cười_toát_mồ_hôi:
2079,"Hẳn là anh ấy tự sáng_tác,,,,, tôi hiểu mà,,, chỉ là anh mượn một xíu của bài We don ' tôi anymore với một xíu rap của rap monster thôi mà,,, xíu chứ nhiêu :thư_giãn: :thư_giãn:..... làm tôi cảm_thấy giận_dữ và trống_rỗng :cười_ra_nước_mắt: :cười_ra_nước_mắt:"
2080,Đoạn intro của clip làm hơi xơ xài nhưng đoạn sau rất là ok Mới làm_nên ae ủng_hộ
2081,Cố lên mọi người cày lên top thịnh_hành nào mọi người ơi
2082,Anh này bị vôi_hoá cột_sống à ta sao lưng cứ cong như tôm vậy
2083,Hay lắm chị ơi. Chúc chị thành_công trên con đường ca_hát nhé. Họ nói gì kệ họ
2084,Đang tá bón ghe cái phọt ra hết chữa tá bón tốt thật
2085,anh không ra mv ra là hót luôn không hẳn sky nhưg thíc điên ntn
2086,nghe mấy lần đầu không quen giờ nghiện cmnr ngày_xưa tí thì làm sky ^ ^
2087,Trẻ_con ghê mấy bà vẫn cuồng bài em_gái mưa thấy bà ht nói gì là hùa theo ngay rồi đi không thích người khác sản_phẩm đầu_tay của chị chi chưa có kinh nghiêm còn về lời là của bà trang pháp viết tệ chứ liên_quan gì chị chi ( Nhận gạch đa )
2088,Như phiên_bản việt cover của We_Don ' tôi Talk_Anymore
2089,"1 MV mang ma tinh rat manh, the hien su bai hoai cuar dao duc nhan loai"
2090,Bộ đôi quỷ diệt sammy x phong kìa anh_em ư
2091,Anh phong nghàu quá đi hihiiiiiiiiii anh siro cũng dại đó chị simmy và chị Sammy và anh vịt :le_lưỡi: :le_lưỡi: :le_lưỡi: :le_lưỡi: :nháy_mắt_le_lưỡi: :nháy_mắt_le_lưỡi: :nháy_mắt_le_lưỡi: :nháy_mắt_le_lưỡi:
2092,"15s là tính lượt xem nhé, tôi Fan_Tuấn_Hưng nhưng thấy bài này nghe được, Mv đẹp thì xem cơ_mà hình_như là hơn 100k cmt mà giờ còn có 43k là sao?"
2093,Sim đẹp nhất thế_giới này luôn hai chị_em
2094,sếp ' s Tùng ' s chó ' s đạo ' s hay ' s quá ' s sì ' s ke ' s ơi ' sss hihi đồk ' s ngốk ' s
2095,tung oi dung co quan tam mày. người noi ca cu ra that nhieu bai vao nhé tung.....
2096,nc ngoài người ta khen quá_trời ma nc mình lại đi chê buồn thật. Tùng ơi đừng tuyệt_vọng nhé
2097,Bài hát rất hay. Vũ_đạo cũng đẹp. Tuy_nhiên em thấy không hợp phong_cách của chị lắm: >. Mong những MV sau sẽ hay hơn_nữa!
2098,Nghe lần đầu không bất tai lắm... Nghe lần hai giền luôn
2099,"Chúng_nó bảo em chọn pickleball hoặc ngôi_sao call đơn, 1 bài để tra_tấn, 1 bài để healing. Em không_thể chọn bài của anh để healing được anh ạ, bài của anh hay quá :trái_tim_đỏ: :trái_tim_đỏ:"
2100,Không biết làm MV kiểu gì mà người nước_ngoài toàn vào cmt ' cậu bé này làm tôi nhớ đến một người. Charlie_Puth '. Bỗng_nhiên thấy xấu_hổ. Quá dống we dont talk anymore
2101,mọi người có để_ý là không thích nhiều hơn thích không :hôn_gió: :cười_ra_nước_mắt: :cười_ra_nước_mắt:
2102,Hãy cho bài hát này vào những bài hát tra_tấn kinh_khủng nhất thế_giới
2103,"Thanh_tra chính_phủ cần đào sâu mọi ngóc_ngách. Thực trang hiện_tại đang rất bất_ổn, các cty đang chạy_đua lợi_nhuận giảm hẳn mặt chất_lượng"
2104,"Không phải Fan nhưng_mà cũng chúc Tùng thành_công, người Việt_Nam với nhau đã không ủng_hộ nhau thi đừng có chửi nhau, Thân_ái"
2105,Có ai là fan BTS thấy đoạn rap giống Rap monster trong Fire không?
2106,Mình nghe thấy hay mà nhiều bạn chê quá. Chắc tại mình tai trâu rồi :cười_tươi_mắt_cười: :cười_tươi_mắt_cười: Mà hẳn là trong số những người chê đó cũng có rất nhiều tai trâu như mình nhưng ném đá theo phong_trào :nháy_mắt_le_lưỡi:
2107,"hay lam anh tung oi, mac ke nguoi ta noi gi nhung em cung thich nghe nhac cua anh ma thoi, vi em la pan cua anh lau roi, :thích: :thích: :thích: :thích:"
2108,Ai anti thì CLICK BACK dùm!!! SKY thì ủng_hộ lượt Lượt xem + THÍCH Mv < 3
2109,Không biết ai sáng_tác bài hát này mà nghĩ ra được mấy lời phô với mì_ăn_liền như_vậy nữa... Ôi...
2110,giờ ai cũng có_thể làm ca_sĩ nhỉ... hát trong mv như_vậy... không biết khi live sao nhỉ
2111,cảm_ơn anh đã làm 1 người tai như em điếc cmn luôn
2112,i took anh pill in ibiza lời bài hát mình nge bai nay kung thấy jog jog cach phối nhac bai nay nghe nhàn mà nhảnh kinh_điển mà công_nhân anh stmtp ăn ảnh ge ha.. sói ca cua mấy bạn nữ đó ha ) )
2113,Hình_như là cả thế_giới đang chống lại Chipu thì phải? Nhưng mình vẫn ủng_hộ Chi... chúc Chi thành_công.
2114,"tỷ Chi hát hay, MV lại rất đẹp nữa, không biết xem bao_nhiêu lần rùi :cười_ra_nước_mắt:"
2115,kiểu ji táo_quân 2017 cũng có bài này: vậy
2116,"Từ hot girl chuyển qua diễn_viên Từ diễn_viên chuyển qua ca_sĩ Sao dễ quá vậy Hương_Tràm ns là đúng rồi Người ta đã thắng cả một cuộc thi, vượt qua bao_nhiêu người rồi ms trở_thành ca_sĩ là nhờ vào thực_lực Còn bài hát của chi pu là nhờ âm_thanh che_lấp đi giọng Nếu hát live không nhạc nền thì bài hát đó chỉ là đồ bỏ :mặt_ranh_mãnh: :mặt_ranh_mãnh:"
2117,"Giọng ổn, nhạc hay, mv cũng hay. Chipu đẹp và sang quá_trời. Nhìn vũ dạo phê vãi cả lúa. Thiệt coi mấy nữ ca_sĩ kia nhảy mình phát mệt thiệt luôn á. Nhìn mv khác liền."
2118,anh tùng ơi. em đã khóc sau khi xem video này
2119,Bài hát có lượt không thích nhiều nhất nhưng tôi vẫn nghe và ủng_hộ Sky 22 / 5 / 2022
2120,Hero tame mãi đỉnh bên kia không tuổi nhá này này cô ngân à bà khinh_thường ai thì khinh chứ bà khinh chị simmy như thế_này thì bà chán sống à :cười_với_trái_tim: :cười_với_trái_tim: :cười_với_trái_tim: :cười_với_trái_tim: :cười_với_trái_tim: :cười_với_trái_tim: :cười_với_trái_tim: :cười_với_trái_tim: yêu hero tame
2121,bài này hay quá nghe hoài không chán quá hay
2122,"cố lên chị ơi, em biết chị đã cố_gắng thật nhiều, bài hát này bắt tai lắm ạ, tuy chưa thật xuất_sắc nhưng chị đừng bỏ_cuộc nhé. 5ting"
2123,"CP không phải người có nhiều anti fan, nhưng lượt không thích hơn thích thì nên xem_xét lại, không khen không chê nhưng phải nhìn_nhận cách khách_quan, đừng binh vực thần_tượng rồi cãi nhau"
2124,Trả ra cái cờ cờ gì. Không thích. Đờ mờ thằng tùng núi
2125,quá hay sếp ơi. kệ bọn antifan đi. sếp hát vì sky mà. cố lên sếp ơi
2126,Tại vì anh thôi yêu cô_đơn nên đôi_khi quá dại_khờ
2127,Giải của gấu đi thi thành Thế_giới động_vật :lăn_ra_cười: :lăn_ra_cười: :lăn_ra_cười:
2128,"RẤT HAY, THẤY CÓ GIỐNG BÀI WE DON ' TÔI GÌ GÌ ĐÓ ĐÂU TRỜI, NGƯỜI VIỆT VỚI NHAU THÌ HẢY BẢO_VỆ NGƯỜI VIỆT MÌNH, CỨ ĐI BẢO_VỆ CÁI THẰNG ĐÂU_ĐÂU BÊN NƯỚC_NGOÀI, MẤY THẰNG NGHỆ_SỸ GHEN_ĂN_TỨC_Ở VỚI SỰ THÀNH_CÔNG CỦA SƠN TÙNG ĐÓ MÀ"
2129,có_thể dùng bài hát này như một dẫn_chứng chống lại quyền tự_do ngôn_luận.
2130,có phải anh bạn tới đây để đọc comment thay_vì nghe nhạc? :nhướn_mày:
2131,Mình không phải sky = > câu nói rất vô_dụng: vậy
2132,anh hẹn em pickleball :nói: :nói: nó rất là hay đến nổi khi nghe thằng bạn tôi lên_cơn pickleball
2133,MÀY nghĩ Chi vẫn hợp làm diễn_viên hơn là ca_sĩ
2134,Anh phong và chị xammy và cai ron và mèo siêm mi cố lên
2135,trào_lưu gì vợi. fan tùng chúc tùng thành_công: ) ) )
2136,"Ừ, "" Sơn_Tường "" có khác :cười_đỏ_má: Bê mẹ cái tên vào mv :cười_ra_nước_mắt:"
2137,"thấy bài này giai_điệu cũng đâu tệ lắm, dở chỗ nào nhỉ"
2138,Lúc đầu nghe không hay cho lắm càng_ngày_càng hay yêu chị hãy cố_gắng lên team chi pu đâu điểm_danh
2139,chả hiểu bài nó nói về cg nghe chả hiểu...
2140,Streamer hơi khiêu_khích hero team nhất_là khi cô ngân rap với simmy.: (
2141,"hóng Mv này lâu rồi. và khi nghe lần đầu_tiên em nhận ngay ra rằng đoạn rap mv này khá giống đoạn đoạn ráp trong Fire do Rap_Monster của BTS thể_hiện, đoạn: Hey... Từng đêm qua... Cơn mưa bao_vây chia rời đôi ta Em... Ngày hôm_qua... Cuốn gió theo mây đi về nơi xa.. nói chứ cũng thích nghe nhạc MTP lắm không phải sky cũng chẳn là anti. đơn_giản thích nghe vì giai_điệu mới_mẻ sôi_động không bị nhàm. không theo lối mòn Vpop xưa_nay."
2142,"Phài ớ ê ồ ê ồ... Hây, bơn ít ắp: ) ) ) ok fine Tùng ạ: ) ) chạm rất đúng người ^ ^"
2143,Sao MV này không có Charlie với Selena ta...: vậy
2144,"thật tuyệt khi ta có một bài hát có_thể chữa_trị bệnh câm_điếc, thực_vật và lãng tai"
2145,em phái bài lạc trôi và bài chúng_ta không thuộc về nhau
2146,"ừ. bài này hay nhưng nghe chả hiểu gì ngoài câu "" chúng_ta không thuộc về nhau "" :cười_ra_nước_mắt:"
2147,nghe đến lần thứ mấy thì chán hả mấy bạn
2148,không lên đk 100M trong hôm_nay ạ mày. người ơi. sắp cán mốc rồi quay ra cày đê ạ
2149,vào hồi tôi mới biết sếp là ai thì tiếng anh của tôi rất rở. thấy sếp rất giỏi tiếng anh tôi quyết_tâm học tiếng anh bằng cách học từ những lời sếp hát. gìơ đây tôi đã làm được. tôi đã giỏi bằng sếp. tôi chỉ muốn nkí cảm_ơn sếp. we is love your your am beautiful
2150,"Uzmm_Sao nhỉ... Chi mới_đầu vầy là khá ổn, nhưng_mà cá_nhân mình thấy chất giọng của Chi hơi mỏng nên thể_loại nhạc này có_vẻ không hợp với Chi, giọng cute cute như_vậy hợp với phong_cách nhạc khác hơn như chillout hoặc như YÊU chẳng_hạn. Còn một điều nữa là người viết lời bài hát cho bài hát chán quá, thật_sự cái lời bài hát không_thể tưởng_tượng nổi. Về phần Chi cố_gắng hơn nhé, chúc thành_công hơn ở sản_phẩm sau, tiện_thể thì Chi xinh lắm."
2151,Cô Ngân không được xinh như chj Simmy thì phải
2152,dự là 1 tháng nữa mv lên 100trieu luot xem. kaka. ngon
2153,nghe bài we don ' tôi talk anymore còn hay hơn nhiều
2154,"lượt xem nhiều hơn We don ' tôi talk anymore. thử so_sánh về thích xem ai nhiều hơn ( Chalie gấp đôi ), diss thích xem ai ít hơn ( Sơn_Tùng gấp 28 lần ). Số_liệu được ghi vào 18: 10 ngày 3 / 8"
2155,ôi sịt ms mấy ngày không nge mà nó lên 91 chai rồi khiếp vãi @ @
2156,Chắc ổng biết ra bài này sẽ bị chửi với cái lời bài hát này rồi mà do flop nên không còn đường khác những sản_phẩm trước hay thế cơ_mà
2157,"im luôn đi cô ơi, hát chi cho khổ thiên_hạ"
2158,mới có 24 tiếng mà lên 3 triệu lượt xem rồi. gê nhỉ
2159,"Sơn tùng hat rat hay, em se la fan ham mo cua_anh"
2160,Mọi người sai hết rồi thật_ra pickleball có kinh_khủng đến đâu cũng không bằng ĐỖ THỊ THIÊN_LÝ :đầu_lâu_xương_chéo: ️
2161,1PHUTS MẤY CMT LUÔN NỔI QUÁ SẾP TÙNG KAKA NHỤC MÀY CHƯA
2162,ae ơi hình_như đoạn 1: 38 Tùng bảo quẩy lên phải không nhể
2163,Em thích cô ngân và sammy đào và mèo simmy :trái_tim_đỏ: :trái_tim_đỏ: :trái_tim_đỏ: :trái_tim_đỏ: :trái_tim_đỏ:
2164,KHÔNG hay lắm. Nghe cứ ngang_ngang kiểu gì ấy.
2165,01682330635 sơn tùng hết chạy kp zlo nhe của xếp tùng đó
2166,Nơi đâu để anh giấu nỗi buồn vào trong thơ
2167,"Đọc báo về việc của sơn tùng với trang pháp, hoàng bách! Lại nhớ và muốn coi lại video này! Đúng là đã thích thì có sao vẫn thích"
2168,Đứa nào nói hay thi nó là 1 đứa xạo l rất rất xạo l. Hay cl chứ hay.
2169,"Người khen có, người chê có. Riêng tôi, Tùng MV này quá đẹp_trai!: ) Ước chi được 1 nữa chú Tùng: ( ( '"
2170,Cày ik mấy mẹ!!!!!! Mà cày lên Top 1 thì đừng để tụt nhá!!!! / _ /
2171,thôi_thì mày. người xem tới 90tr đến 31 / 12 được khongggg?? :thất_vọng: :thất_vọng: :khóc_nức_nở:
2172,Cố lạc trôi được 10t lượt xem trong bố ngày. CTKTVN được 100t lượt xem nhé mọi người
2173,tôi là 1 lesbian và gia_đinh tôi đã phản_đối rất gay_gắt điều đó. họ bảo đấy là điều tồi_tệ nhất cho đến khi tôi bật pickleball của anh Quí lên. bây_giờ tôi có_thể thoải_mái yêu_đương với bất_kì cô gái nào tôi muốn. cảm_ơn anh quí rất nhiều :trái_tim_đỏ: ️ ‍ :lửa: :trái_tim_đỏ: ️ ‍ :lửa:
2174,CHỊ SAM MY VÀ ANH PHONG CẬN NGẦU QUÁ :cơ_bắp: :cơ_bắp: :cơ_bắp:
2175,"Thảm_hoạ thời_trang, thảm_hoạ giọng hát :la_hét_sợ: :la_hét_sợ:"
2176,"2025 đến_nơi rồi ai còn nghe, sắp thành 9 năm về trước :khóc: :cười_ra_nước_mắt:"
2177,"Ý_kiến cá_nhân: mình thấy chị Chi đã đầu_tư rất nhiều vào sản_phẩm này tuy_nhiên thực_sự thì mình cảm_thấy nó chưa đủ để gọi là một sản_phẩm âm_nhạc chất_lượng, phần nhìn rất được nhưng phần nghe thì thật_sự rất tệ. Để trở_thành một ca_sĩ solo thì trước_hết phải có giọng hát, có_thể giọng không khoẻ nhưng ít_nhất thì phải truyền_đạt được cảm_xúc và biết nhấn_nhá hoặc là có màu giọng đẹp. Vì bài này do PD Hàn sản_xuất nên đậm chất Hàn. Mình là fan Kpop 9 năm rồi nên mình hiểu nhạc của Hàn khi dịch sang tiếng Việt thì sẽ khó mà mượt_mà được. Nếu chị Chi thực_sự muốn theo_đuổi sự_nghiệp ca_hát thì chị nên đi học thêm thanh_nhạc, giọng hát của chị không quá tệ nhưng nó không có cảm_xúc và cũng không có kỹ_thuật thanh_nhạc. Bài này chỉ có beat hay chứ phần hát không ăn_khớp với nhạc, kiểu chỉ như là đọc luyến_láy chứ không phải hát. Phần hát cũng đã được chỉnh_sửa khá nhiều. Một ca_sĩ solo không_chỉ cần có kỹ_thuật biểu_diễn và cần có giọng hát."
2178,Mr. vịt kiểu: tôi nhịn mày hơi lâu rồi Bác gấu kiểu: anh tha em anh ơi :cười_ra_nước_mắt: :cười_ra_nước_mắt: :cười_ra_nước_mắt: :cười_ra_nước_mắt: :cười_ra_nước_mắt:
2179,THÍCH cái cho có động_lực. chúc bạn thành_công! mặc_dù theo mình mấy thể_loại nhạc lạm_dụng công_nghệ kiểu như này chả có tý cảm_xúc nào cả. các bạn đừng có ném gạch cho có phong_trào thay_vì động_viên cho sự khởi_đầu mới của họ tốt hơn.
2180,"Em bị trĩ :khóc:, sau khi nghe xong bài này em không khỏi trĩ :bướm:"
2181,Cày w để CTKTVN đạt cột mốc 100tr w đi cả nhà ơi!
2182,"hình_ảnh MV quá tệ, nhạc thì dỡ thật_sự mình không nghe nổi, hy_vọng mv tiếp_theo khá hơn"
2183,Có ai cày mv này 3 4 lần lại ra nghe We don ' tôi talk anymore không
2184,Người_yêu thứ nhất và thứ bố của SƠN TÙNG nhìn đẹp thật.
2185,Sao nhìn ai rap cũng dữ dữ tí mà sao chị hà thảo linh rap hiền thế
2186,Rap_Việt mùa này cô ngân không tham_gia là mất 1 dân tài làm ráp bơ việt_nam: ( ( (
2187,Các mày đang bị lừa rồi. HT đang pr cho chipu đấy. Chung mày tò_mò sẽ vào nge nhiều. Thành nghiện haha
2188,Tôi bt tên của chị mèo simmy rồi Tên thật là trúc_đào
2189,Chị ơi Em phải vừa nghe vừa ăn 5 kí muối cho đỡ nhạt: ) ) )
2190,"Nhạc thì đạo ( lên facebook Thế_Anh ), hát thì tằng tằng, chi 1 tỷ mua trang_phục nhưng nhìn chi pu chỉ dừng lại ở mức xinh_xắn thôi chứ không có thần_thái sang choảnh quyến_rũ được: ) ) ) ) )"
2191,chú Đen sắp ra Mv đề_nghị mọi người tập_trung ngày_mai
2192,"Bài hát này thực_sự tệ mà. Sao các bạn cứ phải cố chèo_lái theo kiểu MV đẹp mà, cô ấy xinh mà, nhạc cũng tàm_tạm mà... để cứu_vớt nhưng thật lòng là bài hát quá là dở tệ ấy. Lời chẳng được là bao, mấy đoạn tiếng nước_ngoài rõ là vô_nghĩa. Cô ấy không có giọng phù_hợp để làm ca_sĩ đâu, gọi Chi_Pu 1 tiếng ' ' ca_sĩ ' ' thấy sai quá sai"
2193,hay quá rap mà mặt căn thẳng quá à anh_chị ơi
2194,"Mặt đẹp thôi vẫn chưa đủ để cứu cả cái Mv này, cảm_thấy nực_cười vãi cả lúa = ) ) ) ( ("
2195,Sky ơi cố_gắng đến tết 100tr lượt xem nhé... Cái thằng BBBB ăn ké lên nhanh thật... :tức_giận: :tức_giận: :tức_giận:
2196,:ngạc_nhiên: :ngạc_nhiên: :ngạc_nhiên: Sếp_Tùng :mắt_trái_tim: :mắt_trái_tim: 1tr2 lượt xem rồi cố lên sếp ơi :hôn_gió:
2197,Cảm_ơn vì thằng bạn điếc của tôi đã nghe được
2198,Ôi cái nốt_ruồi của nữ chínhCười sặc máuNói chung mv hay ca_từ bài hát cũng dễ nghe dề thuộc * duy_nhất một câu chúng_ta không thuộc về nhau * :cười_ra_nước_mắt:
2199,hát không đúng nhịp mv: D cần sửa lại nhảy hay đó chị pu
2200,mọi người cố_gắng không thích gấp đôi lượt thích nhé = ) ) ) )
2201,cai cờ cờ gj cug hàn qc. không VIỆT_NAM mà cứ hóng bên hàn làm gi?
2202,không_thể phủ_nhận sự_thật là đã 21tr lượt xem
2203,dạ. mv này hay lắ. cố gắg lên chị nhé. em tin chị làm được ạ
2204,có nút mô mà lặp lại liên_tục không ta?? xem qua rồi chạy lại tiếp bài ni: ) ) bật lap nghe xuyên đêm: ) )
2205,Đúng là có người chỉ nên đi chụp ảnh đóng quảng_cáo thôi còn ca_hát là chuyện của ca_sĩ. Đừng vì tham_lam quá mà nghĩ mình làm được hết mọi chuyện
2206,không có ý_định nge lần 2. thật_sự thì nên làm hotgirt thôi bạn ạk.
2207,Ví_dụ điển_hình của Việt_Nam muốn dùng hàng free mà chất_lượng thì chỉ có đi ăn_cắp
2208,"Thật_sự thì tôi nghe cũng đâu đến_nỗi nhỉ? Nghe kiểu "" nghe hương nghe hoa "" thì ok mà: ) khá là vui_tai"
2209,"Cố lên Chi_Pu. Em thấy bài hát cũng khá hay. Cũng khá bất_ngờ về giọng hát của chi Pu. Không nghĩ khi Chi hát lại được hay vậy. Mặc_dù cũng có 1, 2 câu hát nghe thấy chất giọng hơi yếu yếu xíu của Chi. Mv đẹp hút mắt người xem. Mong_chờ những sản_phẩm tiếp_theo của Chi_Pu. Lúc_nào cũng yêu_mến ủng_hộ Chi_Pu"
2210,Tết đinh dậu ai còn xem? Tội_gì_mà không bỏ lại 1 thích
2211,"mình dau thấy giống bài we don ' tôi talk anymore đâu, nếu thấy dở thì đừng coi còn cứ dô đó không thích làm gì vay, ranh quá"
2212,"Bạn có 1 đứa con, hay 1 đứa em! Nó học hơi kém. Bạn sẽ bảo nó là: Cố_gắng lên, cố_gắng hết khả_năng là sẽ được! Hay bạn sẽ bảo nó là: "" Thôi mày đừng học nữa?!! "" Dù sau_này nó học vẫn không khá hơn nhiều lắm, nhưng nó cũng không hối_hận vì ngày_xưa nó đã cố_gắng thật nhiều! Tuổi_trẻ chỉ có 1 lần, sinh ra để tồn_tại, hay để cống_hiến và trải_nghiệm! Là do bạn quyết_định! Cứ tự_do ngôn_luận đi, cứ chê_bai góp_ý tẹt tèn ten đi, nhưng đừng bảo người ta không làm cái này hay cái kia nữa! Ok!"
2213,Tôi phát bài này vào tang_lễ của mình và mọi người ghen_tị vì họ không được nằm trong quan_tài :đầu_lâu: :đầu_lâu:
2214,Vào chỉ để xem lượt xem nó bao_nhiêu ai_ngờ nghe xong lại quay qua thích = ) ) ) ) ) ) ) ) ) vãi lều thiệt
2215,Đại_diện fan bà Kim_Ngân chúc Tùng thành_công: vậy
2216,"Trong khi người nước_ngoài vào khen không dứt thì đồng_thời người Việt cũng kéo nhau chửi không dứt, soi từa lưa rồi gây_chiến nhiều đến mức fan GD cũng phát nản. Sức_mạnh của ganh_tị và bản_năng bầy đàn của loài_người thật kì_diệu."
2217,"Ê bạn tôi, không nghe được mà tôi mở lên bạn tôi tự_nhiên bảo tôi tất ik á chị. on anh nhé, bạn em nghe được gòi :trái_tim_đỏ:"
2218,"Chị Simmy mặc_dù em thấy cười chút, nhưng em vẫn ủng_hộ không_chỉ là chị Simmy em còn ủng_hộ Hero team mà cố lên Hero mãi đỉnh ๏ _ ๏"
2219,nể hằng này vì cái tài: ) ) ~ uổi trẻ ài cao có khác gét vì quá ngông_cuồng
2220,"lúc đâu ấn không thích vi moi người phê_bình tác_phẩm này nhiều... đến ngày hôm_nay tôi phải bỏ nút không thích thôi... cảm_xúc của tôi khi nghe tác_phẩm này la quan_trọng nhất.... kô ai có_thể ảnh_hưởng duoc tôi... nên khi an nút không thích xong va nghe 1 lần nữa, tôi lai không thích: ) ) )"
2221,"tua tới đoạn Cô Ngân và Simmy bật 1, 25x và quay lại đây"
2222,bài này cũng hay mak có gì đâu mà không thích ghê thế??
2223,Fan_Chim_Sẻ_Đi Nắng chúc Tùng thành_công: 3: 3
2224,Giọng hát của chị không đến mức phải bị nói là quá dở.... Giọng chị không quá đặc_biệt và cũng không được gọi là hay thế nhưng chị đã rất mạnh_mẽ vượt quá_lời không hay mà cố_gắng thật nhiều để cải_thiện bản_thân và ĐÓ MỚI LÀ VIỆC MỘT NGƯỜI NGHỆ_SĨ NÊN LÀM! Luôn ủng_hộ chị và chúc_mừng chị nhé ♡
2225,Yêu_cầu nhà_tù cho đây là những hình_phạt đau_khổ nhất
2226,Nghe được đấy chứ. Được hơn bài Nói_dối ( thảm_hoạ Vpop ) chút_xíu thôi. Chứ đéo thấy ý_nghĩa gì cả.
2227,"Mình vẫn đéo hiểu là Simmy rap gì?, thích phần rap của GB"
2228,Phải công_nhận bài hát Chúng_Ta Không_Thuộc_Về_Nhau thật_sự rất rất hay.... Giai_điệu hay... Hình_ảnh MV đẹp và chất.... Đúng là chàng trai của skyy..... Hay tuyệt_vời luôn đấy anh Tùng ơi... Sky cùng ủng_hộ và nghe thật nhiều nhé! ^ ^
2229,Động_lực nào đã khiến bạn dậy sớm mỗi ngày? Tôi đặt bài này làm nhạc chuông báo_thức :cười_ra_nước_mắt:
2230,Thề lần đầu cũng như lần cuối nghe cái bài này luôn :cười_ra_nước_mắt: :cười_ra_nước_mắt: :cười_ra_nước_mắt: :cười_ra_nước_mắt: :cười_ra_nước_mắt: :cười_ra_nước_mắt: :cười_ra_nước_mắt: :cười_ra_nước_mắt:
2231,Chỉ vì cái tus của HT mà mày. người dập tắt niềm hy_vọng của 1 người tài_năng đang phát sáng :mặt_ranh_mãnh: Thứ thế ấy tớ kinh :mặt_ranh_mãnh:
2232,Mẹ.... nhãm vãi cả lúa... Chúng_ta không thuộc về nhau.......... hát hoài_.....
2233,"tôi se cho mọi người biết nhạc này tệ như nào. Khi tôi đang ẻ thì đếnh ẻ được, bật nhạc này lên phọt hết moẹ luôn :cười_ra_nước_mắt: :cười_ra_nước_mắt: :cười_ra_nước_mắt: :cười_ra_nước_mắt: :cười_ra_nước_mắt:"
2234,"Chi ơi!!! Mình phải nói chân_thành là bài hát này quá vô_nghĩa, giống trò_cười để mọi người bêu rếu quá bạn à!, bạn đầu_tư hình_ảnh làm gì khi không có tí chất_lượng nào. Mình giận những người bên bạn quá! không ai nhận_xét cho bạn trước khi bạn mang sản_phẩm ra tới công_chúng hay sao.... ngay cả những bài như Con_cò bé bé Mẹ yêu không nào, cháu đi mẫu_giáo còn có nội_dung cụ_thể rõ_ràng, đến quảng_cáo Mì, bia Huda, điện_máy xanh còn có bài hay để người ta hát theo chứ mình không hiểu bài này bạn hát ai nghe...????? Chán lắm Chi à! Bạn hãy xem thử bài debut của Ca nương Kiều_Anh ấy, "" một lần sau cuối "" rất hay và mọi người rất ủng_hộ ; còn bài hát này trống_rỗng và không có gì để nghe cả!."
2235,Mình cũng là fan của Chi_Pu. Nhưng mình thấy không thích bài này. Chả có điểm nhấn gì cả. Không toát lên được cái hồn...
2236,Nhạc thì tệ khỏi nói rồi thằng này nhìn bđ bỏ_mẹ ra bóng bóng bang bang nhìn cũng chả có gì đường_nét vậy_mà cũng khen đẹp_trai được gu thẩm_mĩ lạ quá
2237,Chị làm diễn_viên em sẽ ủng_hộ chứ làm ca_sĩ thì... em xin ngừng
2238,Nghe người ta nói quá củng gắn lên nghe nghe song hết cảm súc
2239,"Mình thấy nghe cung hay mà, mọi người làm gì ma diss thích ghê vậy"
2240,"Bebe shark đến ủng_hộ bố Quí đây, người hát thì hay, bài hát thì đẹp_trai"
2241,hay quá Sếp_Tùng ơi. đừng bận_tâm cmt của anti mà hãy vì sky mà cố_gắng nhé Sếp_MÀY - TP no 1
2242,ngồi nghe lại mấy bài cũ để đợi bài sắp ra thoiii
2243,MV này anh_sơn tùng đầu_tư gê. mời tứ đại mỹ_nhân. bài hát cũng hay nữa. chúc anh thành_công hơn_nữa
2244,"Cố lắm thì đến giây thứ 45 là phải pause, kéo xuống đọc comments vui hơn lol"
2245,"ai từ nhóm VSTAR qua đây không, đoàn mình ấy, xin_lỗi anh Quý :lăn_ra_cười: :mặt_lộn_ngược:"
2246,Trái_tim của 1 nguoi việt_nam thổn_thức vì bạn. Thương bạn! Tôi sẽ mãi support bạn! :dấu_hôn: :hai_trái_tim:
2247,"bạn tôi chơi gay không may bị kẹt lỗ duýt không ẻ được, nhờ việc nghe bài pickle ball mà việc đi ẻ của nó đã trở_thành một niềm hạnh_phúc vô_bờ bếnh!"
2248,vừa hqua còn 18tr hom nay đã 20 rồi...... muốn cao hơn_nữa
2249,Chị sammy và chị simmy em thấy hai chị Quá_trời ngầu
2250,nếu pickleball được ra_mắt vào 1912 thì thảm_hoạ tàu titanic sẽ bị quên là thảm_hoạ khốc_liệt nhất năm đấy
2251,Phá kỉ_lục có lượng không thích nhiều nhất VIỆT_NAM: ) ) ) )
2252,beat thì như của charlie puth. còn style cũng chẳng khác gì bigbang :mặt_ranh_mãnh:
2253,Mình thấy bài này nghe bắt tai cũng hay mag
2254,sau bao_nhiêu lời động_viên của thằng bạn tôi mới dám lên đây nghe bài này: VẬY
2255,Mới 20 ngày đã 40 triệu lượt xem rồi. Quả_thật đây là 1 kỉ_lục của showbit Việt_Nam.
2256,Nhạc rất bắt tai. Nhưng cần hát mạnh hơn_nữa. Dù_sao bài này khá hay = ) ) ) )
2257,"Không nghe thì_thôi, nhưng nghe 1 lần là chỉ muốn nghe lần nữa. Như kiểu bị nghiện: <"
2258,"Rap đoạn khi tôi còn ở đây đứa nào dám động tới Sammy, đi đâu cũng có chữ bảo_vệ Sammy hết, cơm tró kìa trời_ơi"
2259,bống bống bang bang của 365view tăng nhanh hơn CHỊ. tôi. KHÔNG. tôi. VẬY. người gâp mấy lần
2260,Hóng tới đêm nay đón giao_thừa cùng mọi ngườiiiiiiiiiii < 3
2261,mới 1 ngày mà hơn 2 triệu lượt xem ghê thật - _ -
2262,không thích thì vào soi ăn chị * chị ak? không ưa thì lướt... không ai thuê bọn mày vào comment
2263,"Thực_sự nếu bài hát này có 1 giai_điệu khác, 1 tiết_tấu khác, các hiệu_ứng âm_thanh khác, 1 nhạc_sĩ khác, 1 chủ_đề khác, 1 thông_điệp khác và 1 thể_loại khác nó đã có_thể là bài hát hay nhất mọi thởi đại :lửa:"
2264,Check in 2025 fan của sếp được 11 năm rồi :cười_đỏ_má: :trái_tim_đỏ: :trái_tim_đỏ:
2265,Không phải ChiPu hát dở mà thực_sự bài này lời chán thiệt
2266,"Đừng ra_vẻ như mình hỉu biết lắm, tôn_trọng sản_phẩm âm_nhạc của ngta đi, không biết Tùng ntn thì im_lặng đừng sủa như đúng ròi vậy"
2267,Cũng không tệ mà sao không thích lắm thế nhỉ mấy ông?
2268,Thất_bại nhất lịch_sử thảm_hoạ nhất lịch thảm_bại nhất lịch_sử pickleball tệ nhất lịch_sử... huỷ_diệt mạnh nhất lịch_sử... mang tên Pickle ball
2269,Liệu sky thực_hiện ước_mơ 50tr lượt xem không 10h26 đang là 49. 865. 117 sắp không h00 kết_thúc 3 / 9....
2270,"Giọng hát không vấn_đề chỉ là lời bài hát không bắt tai, mình nghĩ là nên chờ_đợi sản_phẩm khác của Chi thì sẽ rõ thôi: "" vậy nhưng_mà Chi xinh vđ"
2271,Chạy ngay đi lạc trôi sang Chúng_ta không thuộc về nhau
2272,hình_như jờ mọi người bơ rồi hay sao ý... vieww tăng quá chậm :khó_chịu: :khó_chịu: :khó_chịu:
2273,"vào trang mình xem những bản cover và video hay đi mấy bạn, cảm_ơn sky :cười_tươi_mắt_to: :cười_tươi_mắt_to:"
2274,"Hương tràm nói_chuyện chán vãi Người ta muốn làm ca_sĩ thì Người ta làm, ai cấm đâu, nói xúc_phạm nghề_nghiệp các kiểu, nói quá rồi. À mình thích nghe nhạc Không hề ghét ai cả."
2275,quá hay luôn anh ơiiii đẹp_trai dã_man luôn
2276,"CHI đã cố_gắng hết_sức rồi = ) ) mọi người nên trân_trọng, không thích thì cũng đừng nên thái hoá quá. Phát_ngôn vô_học: )"
2277,Sky cảm_ơn antifan đã cày hộ MV.. Chung tay góp sức để MV cán mốc 25 triệu lượt lượt xem trong 1 tuần.. 100 triệu lượt lượt xem trong 1 tháng... ha_ha ha - _ -
2278,Bài này hay thật.. giai_điệu vui làm người nghe tâm_trạng tốt hơn
2279,"ms vào xem đã thấy chất ngay từ đầu rồi, không phải sky nhung vẫn thích"
2280,nghe cũng thật không_thể chê nổi. hihi love sky mtp
2281,Chi_Pu mà hát nhạc Ballab thì có_lẽ sẽ không bị phẫn_nộ như_vậy... Thể_loại nhạc này không phù_hợp với Chi
2282,Chúc em và gia_đình mạnh_khoẻ. Theo_đuổi ước_mơ nhé.
2283,"cảm_nhận riêng của mình, thấy rất hay, bất tai. nghe 1 lần thấy bt càng nghe lại thấy hay và thích. cố lên chi pu!!!"
2284,Chi pu hát cũng duoc nhưng bài hát mắc_cười s á dở_dở_ương_ương
2285,"Lần đầu xem MV không hiểu các bạn chê hoài, mình cũng thấy hay đó chứ"
2286,Bài hát thì rất hay còn nội_dung mv thì nhố_nhăng
2287,sky nan roi ha muon bo xa bbbb thi cay nhieu len không bi no vuot mat la nhuc
2288,"Mình từng nghe Chi hát rồi, mình thấy giọng Chi cũng khá hay lúc đó mình nghĩ Chi nên đi hát, bài hát này cũng không phải tệ, giọng hát và phong_cách rất mới dễ ấn_tượng với người nghe. Còn việc các ca_sĩ khác đánh_giá người khác như_vậy thật không hay chút nào, công_việc gì cũng phải có bắt_đầu và phải sửa_đổi nhiều để hoàn_chỉnh hơn. Mình cũng chẳng thích HT chỉ thích các diễn_viên trong MV của HT thôi, nhờ các diễn_viên mà bài hát dễ đưa người khác đến cảm_xúc nhiều hơn, còn giọng hát thì cũng bình_thường thôi. HT hay ai khác đều có quyền đánh_giá bài hát của Chi_Pu nhưng cái đánh_giá người khác tồi_tệ như_vậy thì mình càng là người tồi_tệ hơn, các bạn đang tự hạ thấp bản_thân mình. HT cũng đã phải trả_giá nhờ HT mà bài hát của ChiPu được nhiều người chú_ý hơn và mình chắc một điều là MV tiếp_theo của Chi_Pu sẽ được nhiều người trông_chờ,.. Các ca_sĩ nên nhớ gieo nhân nào thì gặp quả ấy.. ChiPu bạn cũng đừng nãng lòng chỉ cần có 1 người thích là bài hát mình đã thành_công rồi,.. cố_gắng lên, đừng nói gì nhiều ngta sẽ càng ủng_hộ bạn, chẳng ai phụ người có lòng cả,.."
2289,"Tác_giả dám viết, nhạc_sĩ dám phổ nhạc, studio dám thu, ca_sĩ dám hát... Nhưng khán_thính_giả không dám nghe: D Bội_thực showbitch"
2290,"- Mv này nói lên 1 anh_chàng đã cố TẠO NÊN BÚP_BÊ TÌNH_DỤC ĐỂ "" THẨM DU "" nhưng cuối_cùng LẠI thất_bại, gọi là THẤT_BẠI CỦA SỰ TẠO HÓA = ) )"
2291,cơm tró quá to khi chị sammy và anh phong chắc tôi chết
2292,Chipu coi vậy chứ còn hơn con tró LinhKa chảnh choá đó.... người ta còn biết chỗ nào nên dừng còn con tró LinhKa đó nó làm quá lố
2293,dù là Fan chi nhưng phải nói là... trời_ơi..... :khóc: :khóc: :khóc: :khóc:
2294,mv chất lừ chứ.. mấy em anti ấy không thích thì lặng_im đi đừng xem nữa..... đừng có cái kiểu không biết gì cũng vào nói linh_tinh không thấy bêu à... cùng là người việt_nam không hiểu mấy em nghĩ gì nữa. bôi_bác hình_tượng lắm mấy em ạ.. nhận mọi gạch_đá về xây nhà
2295,cảm_thấy âm lòng và hạnh_phúc khi ghe bài này = ) )
2296,Không_thể phủ_nhận được độ hot của Sơn_Tùng vô Đói ở Vpop …
2297,tại_sao chúng_mày cứ chỉ chích trong khi người ta đang rất cố_gắng nhỉ
2298,fc sơn tùng MTP. Anh không làm em thất_vọng. love :mắt_trái_tim:
2299,Trong hero là anh siro và anh phong cận và anh vịt rap hay và còn nhanh còn chị sammy rap cũng rất hay và ngầu nữa
2300,"Chị Chi hát cũng được mà, do bài hát không hay với Chi không phù_hợp với dòng nhạc này Chứ mình thấy Chi hát bài trở về đi hay mà"
2301,ê tính ra ngày nào tôi qua nhà em hàng_xóm tôi lúc_nào tôi cũng nghe bài này cả nên điếc rồi không. } } } } } } 3:
2302,À mà hình_như không: 00 3 - 9 mới được tròn một tháng
2303,mong có thêm anti vào xm!! xm rồi thích tùng nhà mình luôn. trừ thành_phần cố_chấp. :ok: :ok:
2304,2026 này còn vụ trung_tâm hải nam nữa cơ :cười_toát_mồ_hôi:
2305,"Hat hay the nay ma Ca sy Huong tram binh luan ngu nhu bo, ma huong tram da hay_hay hon chi pu chua ma co quyen phan xu nguoi khac, tay chay huong tram!"
2306,chị ý hát hay mà mà nghĩ cũng ngộ hát có được như người ta không mà bày_đặt chê
2307,không phải anti nhưng phải nói là khúc đầu khá giống bài we don ' tôi talk anymore
2308,"Nhạc rác thế gỡ đi ông ơi đỡ nhục, chứ để thế_này người nước_ngoài vào nghe thảm_hoạ nhạc Việt lắm. Đầu_tư làm bài mới ra_hồn thì còn may_mà comeback chứ như này thì cút. Giọng thì tệ, lời thì gớm, hình_ảnh thì như show hàng cho mấy chị vào mua về chưng ha gì? Khán_giả chê, báo_chí, truyền_thông,... đều chê vài hôm mà VTV chê nửa thì thôi chăn_gối về làng ở_ẩn"
2309,Tôi muốn nói bạn tôi đang hấp_hối đã chết nhưng tôi bảo nếu mày mà chết thì tôi sẽ bật pickleball cho mày nghe 24 / 24 thật ki diệu nó đã sống lại và bài nhạc pickleball cam ơn anh :trái_tim_đỏ: :trái_tim_đỏ: :trái_tim_đỏ: :trái_tim_đỏ:
2310,"Không thích thì đừng xem, xem rồi bảo này bảo nọ... Tội_Tùng... Anh đã cố_gắng mà tụi nó không công_nhận :mèo_khóc: :mèo_khóc: :mèo_khóc:"
2311,Fan ngôn tình chúc Sơn_Tùng mau dính kiện: ) AFST đang ngồi hóng! = ) ) ) )
2312,"cái kiểu hát của bài không_thể thích nổi, mình chưa nói là chi hát ntn nhé một_vài cảnh quay giống ca_khúc debut của Nhà nhung đỏ"
2313,hay thì nghe thôi mak. sao phải quan_tâm nhiều....
2314,chị ơi cố lên chị đừng quan_tâm tới họ nói gì nhé chị hãy cố_gắng để cho họ biết rằng đừng bao_giờ coi_thường người khác khi chúng_ta chưa biết được kết_quả phía trước 5ting :hôn_gió: :hôn_gió: :hôn_gió:
2315,Tôi nghĩ bài hát này nên thêm vào các bài hát tra tất CIA thêm nó vào đi tù_nhân sẽ bị khụm núm tới chết đó TIN TÔI
2316,"Thấy mọi người chửi quá, tò_mò vào xem thử, nghe được cố 20s phải xuống cmt ngay. Nhạc quần què thực_sự :cười_ra_nước_mắt: phí 20s nghe của_nợ này"
2317,Mv này của Tùng còn được cả người nc ngoài khen cơ đó < 3
2318,Các bé anti hoạt_động tích_cực ghê. Cày_MV thay cho sky. Đã thế còn tranh nhau nhận giống của idol mình = ) ) ) ) thế_thì MV này càng hot rồi: ) ) ). Tốt: vậy
2319,đây là thành_quả của việc phá trộn phóng cách làm Mv của hàn_quốc... một_chút Tây_Tây... và dấu_ấn của mv việt_nam.. là nhiều nhất... đúng chất ST MÀY - TP... RỒI :hôn_gió: :hôn_gió: :hôn_gió: :hôn_gió: :hôn_gió: :hôn_gió: :hôn_gió: :hôn_gió: :hôn_gió: :hôn_gió:
2320,TÔI THÀ NGHE THINK OF IT 10 GIỜ CÒN HƠN NGHE BÀI NÀY 10 GIÂY :tai: :nói:
2321,Cai khuc_son tung ngoi xuong chop mat khuc do ngau
2322,"vid này hay mà sao lượt thích và không thích gần ngang nhau. Mình khuyên các bạn không thích vid Từ hôm_nay rằng: :chả_cá: Để làm ra một cái MV đẹp, hay, sáng_tạo như thế_này thì sẽ mất rất nhiều thời_gian, công_sức. Mẹ sao các bạn cứ chê người ta thế, mình nói cho các bạn nghe này: - ai nghe khen hay mình thấy tốt. nhưng những người nào xem vid mà cứ cmt linh tình, chê này chê nọ ^ các bạn ghen_ăn_tức_ở với chị Chi à. Chị chỉ muốn đạt được mục_tiêu của mình thôi. Với lẽ mấy người kia ghen_ăn_tức_ở với chị, không được nổi_tiếng như chị nên nói vậy thôi. Chốt lại, em vẫn luôn ủng_hộ, theo_dõi chị. Chị cứ yên_tâm đi nhé! người ta nói mặc người ta, chị đừng quan_tâm rùi sinh buồn.... mệt lắm chị à... cố lên chị nhé... CA_SĨ CHI PU...."
2323,Gáng cày lượt xem để 2 tháng 100tr lượt xem nhé anh_em :cười_ra_nước_mắt: :bực_tức: :mắt_trái_tim: :hôn_mỉm_cười:
2324,chúng_ta không thuộc về nhau = we don ' tôi talk anymore
2325,; ) ) Ý là bài này cũng đâu đến_nỗi gì đâu mà sao đọc cmt ai cũng chê quá vậy
2326,Bài này ra trúng sinh_nhật tôi luôn. Hôm_nay đúng 3 năm = ) ) ) )
2327,thằng tùng núi nhiều fan nước_ngoài quá bây thấy mấy đứa nước_ngoài cmt quá_trời: vậy
2328,Có ai từ Chạy_Ngay_Đi qua đây khônggg ạ???
2329,"vô độc coment thôi, nhiều phái vãi cả lúa ra: D"
2330,Nhưng cho đi khẩu nghiệp thì nghiệp quặt nặng đấy Lúc đó thì siro đã đổi thành Xin_lỗi!
2331,Bài hát... không_thể nói nên lời vì quá là........ ( hết cứu ) Tuỳ quan_điểm mọi người nhé ^ ^
2332,30h mà được 4. 2M views > > > > 1 kỷ_lục vô_tiền_khoáng_hậu nhỉ
2333,Do bài lời bài hát quá kém nên ms thành_ra ntn. Chứ nghe chipu hát bài khác hát live cùng với erik nghe hay hơn nhiều. Các bạn thử nghe đi ạ
2334,"Mấy con nữ phụ MV xê raa, cbir có Sky mới thuộc về Tùn thôiii. Sky ơi, cày lượt xem kéo sếp về!!!"
2335,Đùa chứ. Nghe đi nghe lại xem đi xem_lại vẫn thấy hay. mặc_dù không phải fan Chipu
2336,Giờ nhạc này làm tôi dịu_dàng khi ăn cơm
2337,Fan shigeo tokuda chúc Tùng hơi khùng đạt được 100. 000. 000 lượt xem sớm nhất có_thể: ) ) ) )
2338,"mình thấy sao nhận_xét vậy chứ không anti gi nhé! am hưởng qúa nhiều hàn_quốc, mình nghĩ đã lÀ người việt_nam thì sài hàng việt, nếu mục_đích mv này ra_mắt muốn nước_ngoài công_nhân thì mình nghĩ mv này không có gì là hay, mình muốn thấy sản_phẩm mới mẽ của việt_nam không giống ai thì việt_nam mới phát_triển và có bộ_mặt gì đó gọi là sản_phẩm chất việt_nam, được người việt_nam và cả nước thấy hay_là ok."
2339,"em nge mặc_dù không nge rõ lắm nhưng cũng đâu có tệ dữ_dội mà mọi người cmt gê vậy, chủ_yếu là 1 sản_phẩm của ngta không thíc bạn lướt qua thôi, hoặc góp_ý gì đấy, 1 số bạn buông lời cay_đắng quá."
2340,Bạn tôi thực_sự nghe đã bị ám_ảnh 1tháng
2341,nói_chung bài này không hay lám. hát đi hát lại 1 câu
2342,"Anh vờn em "" quả dưa chua. anh đập để em mạnh vào "" là có ý gì Bài hát gợi lên ý_nghĩ :mặt_trăng_non: :mặt_trăng_non: :mặt_trăng_non: Yêu_cầu yt cho bài này lên chủ_đề động_vật"
2343,Nói thiệt chứ giai_điệu bài này chắc_chắn không bao_giờ lỗi_thời ở Vpop >: ( ( Chắc_chắn luôn!!!
2344,2019 òi ai còn xem thì xin 1like nhé :chỉ_xuống: :chỉ_xuống:
2345,"Mình thấy comment các bạn nói là càng nghe nhiều càng thấy hay, đứa nào không thích là anh dua. Mình đã nghe đến lần thứ 3 và vẫn có cảm_giác đau bụng. Người xinh mà hát phát khiếp, MV thì loè_loẹt, chắc tốn_kém lắm mà nhìn vẫn rẻ_tiền. Mà thôi của 1 đồng công 1 nén, mong Chi về tập hát và chăm xem MV để học_hỏi."
2346,"sao 1 MV mà thấy có nhiều nghệ_sĩ kpop quá GD, EXO, BTS, 4Munite, Bigbang... vậy.. vậy...."
2347,Nếu_mà solo chấp cho 6 rao heo cũng nỏ ăn được
2348,3 năm đi bắt_chước phong_cách của người khác đúng là thừa tiềm_năng tham_gia gương_mặt thân_quen
2349,"Nghiện luôn từ "" Chúng_Ta Không_Thuộc về nhau "": ) ) ) dự là đi đâu cũng "" Chúng_Ta Không_Thuộc về nhau "" giống em của ngày hôm_qua = ) ) ) )"
2350,"hát live không được hay... qa thu âm thì khác mà các bạn, muốn biết thực_lực của 1 ca_sĩ, hãy nghe người ấy hát live kìa.... mình cầm mic lên ca cũng hay vậy, chắc mình cũng là ca_sĩ :cười_ra_nước_mắt: :cười_ra_nước_mắt: mặc_dù không đẹp và giàu như em ấy"
2351,Hay quá tôi chưa bao_giờ nghe bài nào hay như_vậy - toibidiec -
2352,Trong 28 triệu lượt xem thì mình đóng_góp hết 1 triệu rồi hihi
2353,"để ủng_hộ sếp, em đã cày lượt xem suốt mùng 1 :cười_tươi_mắt_to:"
2354,"Cứ đà này là vượt qua "" Vợ người ta "" là cái chắc, sky cố lênn"
2355,Nghe như đang hiepdam lỗ tay tôi vậy á bây :mặt_lộn_ngược:
2356,đệ QTV chúc sơn tùng mtp đánh liên_minh nhanh chống lên cao_thủ để đánh với sư_phụ QTV của tôi
2357,Bài này dở thật.. nó không phải dở với nhảm ở Việt_Nam nữa mà nó ra thế_giới luôn rồi
2358,tôi không phải fan của Chi_Pu nhưng khi nghe cũng thấy bắt tai mờ nên tôi thích: ) ) cũng đâu đến_nỗi tệ đâu hay tại chỉ vì ai kia không thích Chi_Pu mà không biết cảm_nhận âm_nhạc.
2359,"Tại_sao không thích nhiều? Vì giọng hát tầm_thường, mặt thì đơ, nhảy thì xấu, nhạc thì nhảm, nghe không biết đang hát cái gì. Cứ ồ ố ô ồ"
2360,"Nhìn đôi mắt P ' 2, 31s đôi mắt của xếp Tùng giống đôi mắt của cầu_thủ Antoine_GriezMann quá Cặp mắt như vì sao long_lanh quá_trời: đẹp_trai hát hay còn gì bằng..."
2361,Sao có những người ghét ST ghét vì tài_năng của anh ấy à
2362,trời_ơi thời sinh_viên nghèo toàn ăn mấy cái này giờ mới phanh_phui
2363,"trước ngta nói CP là bình hoa di_động mình không tin, cho đến khi xem ơn giời và phim Yêu mình tin chút chút,... và coi xong cái này thì đã tin 100 %. Làm_ơn đừng có nửa KHÔNG - Pop nửa VẬY - pop vậy nghe chả ra qq gì thật đấy!!: )"
2364,Nghe bài hát được không giây thì tôi liền tua đến 3: 14 giây để bộ_não tôi được lưu_thông và tiếp_tục con đuòng học_hành trên giảng_đường của tôi nếu không thì tôi sẽ thành người khuyết_tật
2365,HIếm người có_thể gây bão dư_luận như Sơn_Tùng không phải Sky không phải Anti nhưng cũng thấy nể...... ) ) )
2366,"Chị nghĩ em cần xem_lại ekip của mình em à. Nếu em tự nhận mình còn non_kém thì em cần những con_người có trình_độ âm_nhạc thật_sự dìu_dắt em. Chị không hiểu họ đã nghĩ gì khi chọn ca_khúc này cho em. Một bước_đi sai ngay từ đầu em ạ. Em không hẳn là hát dở, chỉ là cái bài này nó cần 1 giọng hát chín, thẩm_mĩ mới_mẻ thì mới hat được, em nên hát nhg bài hát giai_điệu đơn_giản gần_gũi thôi. Bài này là thập_cẩm từ TÔI - ara rồi lại lai Selena_Gomes, Katy_Pery xong lại có tí Huyna nói_chung rất là vô_vị"
2367,"Về nhà hút cỏ, Gao_Đỏ_Bóp dái đại_bàng, Gao_Vàng_Con cu lên_men, Gao_Đen_Cắt dái nấu canh, Gao_Xanh_Mượn beat về dùng, Gao tùng: vậy"
2368,Nhạc ngày_xưa của sơn tùng tôi thấy cháy hơn bây_giờ nhiều ( nhận_xét riêng )
2369,thằng bạn bị liệt trong phòng vội đứng dậy đi ra ngoài
2370,cố lên mọi người hãy được 100 triệu lượt xem > > >: D
2371,47tr lượt xem rồi sơn tùng hát hay mong rằng càng_ngày_càng ra nhiều ca_khúc hay nữa..
2372,"Không bàn về giọng hát, còn lại mọi thứ rất hay đó chứ, bài hát hay, mv đẹp, điều này cho thấy là không cần có giọng hát hay, chỉ cần có tiền để đầu_tư về phần bài hát và đầu_tư mv, và từ đây cũng cho thấy thời_buổi hiện_nay để làm ca_sĩ, không cần voice, chỉ cần có money là đủ, chipu rất giỏi đấy, vì ở độ tuổi 24 còn rất trẻ mà đã có rất nhiều tiền rồi"
2373,nhắm_mắt ơ thờ anh không muốn lạc trong lỗi đau này phía trc bây_giờ ai dang lắm chặt bàn_tay của em vậy
2374,"hát mà nghe phát sợ. Hương tràm nói quá đúng, giờ thêm tóc_tiên. Hát hời_hợt quá, ca_sĩ đâu p dễ vậy"
2375,chị xinh thật nhưg không hợp làm ca_sĩ đâu ạ
2376,"Hát cờ cờ gì có mấy chữ chúng_ta không luộc đựợc rau gì đấy: 3, còn lại éo nghe gì hết: 3"
2377,"Nghe bài AII I WANNA DO còn hay hơn đấy các bạn fan "" Chị Pú "" ạ. :cười_dịu_dàng: :mặt_ranh_mãnh: # FANHUONGTRAM"
2378,Thực_ra thì sơn tùng rất tài_năng mashup và cosplay rất tốt
2379,"có ai bít tại_sao bài này lại có tên là "" chúng_ta không thuộc về nhau "" không?: 3 mình hiểu được nội_dung của bài này"
2380,12h lên 3tr lượt xem rồi :cười_ra_nước_mắt: soi chi để giờ thành kỉ_lục vpop: vậy
2381,"xem xong moi thay, mv nay chat! chac chan chi pu se buoc xa hon nua!"
2382,MV rất hay. cố lên MTP ơi ( mặc_kệ mỏ đời cứ sủa
2383,Dạo này mới thấy Tik_Tok có bài này thấy hay_hay nên xem ai dè quá đỉnh lun
2384,Ò ó không ò nghe như gà gáy stác cái bài hát kì_cục
2385,bài này cháy vãi cả lúa ông nào dập hộ tôi phát
2386,"khi nghe bài hát này thì khúc hát tôi nghĩ đến: ' ' We don ' tôi talk anymore We don ' tôi talk anymore We don ' tôi talk anymore Thích we used to do We don ' tôi love anymore What was all of it for? Oh, we don ' tôi talk anymore Thích we used to do... ' ' [ We don ' tôi talk anymore ] khuc rap thì: ' ' Hey, burn it up jeonbu da taeul geot gachi Hey, turn it up saebyeogi da gal ttaekkaji ' ' [ FIRE - BTS ] còn phong_cách trong MV thì ty tỷ rồi = ) ) ) tôi thấy hình_ảnh của 1 vài idols Kpop hiện lên = ) ) ) )"
2387,Cá_tính không_thể trộn lẫn vào đâu được. Thích
2388,có ai xem lạc trôi xong sang đây giống mình không
2389,Hát không hay với phần mv thấy cứ kỳ kỳ sao á Xin_lỗi nhưng mình thật_sự thấy nó hơi nhàm không hay ( đây chỉ là ý_kiến cá_nhân thôi mình hông có ý gì khác )
2390,Mình thấy chắc là giai_điệu bài hát không hợp với chipu thôi Nghe chị ý hát mấy bài nhẹ_nhàng hay mà
2391,không nge thì thôi cứ nge là lắc bên này rồi lắc bên kia
2392,dù đã 3 tháng nhưng khi nghe đi nghe lại nài này quá nhiều tôi tự_nhiên thấy bài này cũng hay phết = ) ) )
2393,"Hát hay quá, em rất thích chị kamui hát rất hay"
2394,Mv rat hay ma sao co nhieu nguoi cu che vay co biet nguoi ta phai bo biet bao cong suc thoi gian va nhieu thu khac nua vao tam huyet cua ho không ma cu che hoai
2395,"nhung thang không thích nhin chung cung chỉ la cho can theo dan chung mày cu chui chipu nhung tôi thay chi ay hat dau co te., nhìn lai chúng_mày di rồi hay che ngta"
2396,Mọi người ơii cố lên sắp 200m lượt xem oy kìa
2397,Cảm_ơn bài nhạc đã giúp tôi bị cụt tay từ nhỏ đã lành lại để đập cái điện_thoại đi vì nhạc nghe như
2398,"Nghe chất. Tuy_nhiên tác_giả nên làm phụ_đề, vì lời bài hát nghe khá hay nhưng do dòng nhạc nên ca_sỹ hát hơi khó nghe."
2399,Hay qtqđ luôn anh Tùng :vỗ_tay: :vỗ_tay: còn trên cả tuyệt_vời < 3 < 3 < 3
2400,Siro và vịt rạp căng vãi hero team mãi đĩnh
2401,"việt không ra việt tây chả ra tây, làm gì có tài_năng mà bày_đặt ca_hát"
2402,"Nghe xong bài này tôi xịt keo lun, tính ra lời bài hát nó sỉ_nhục cái bets chỉ có_thể nói khủng khíp"
2403,S không có làm gì để có_thể làm được điều đó có_thể
2404,"MV đầu_tư đẹp nhưng hát chán thật. Nghe cứ bình bình, không chút ấn_tượng. Lần sau sẽ tốt hơn nhé"
2405,"Không phải fan Chipu, nhưng_mà Chi cũng đã cố gắn nhiều và mình đồng_cảm với việc tâm_huyết làm ra sản_phẩm rồi bị chê_trách. Dù lần đầu nó có không hay thì các bạn cũng đừng nên góp_ý quá nặng mà hãy cho Chi một cơ_hội."
2406,Qua 232. 157M Nay 232. 194M Tăng 37k so với hqua ( - 4k )
2407,TÔI thấy hay mà ta sao làm quá lên vậy? :mặt_trời_cười: đúng là..... cạn_lời
2408,nhạc hay. giọng st nghe rất đặt biệt. nhưng bài này lời nhạc hơi thất_vọng
2409,"helu cả nhà FC Galaxy ghé chơi, vào đây để ủng_hộ mv mới của anh Quí nè :trái_tim_đỏ: ️ ‍ :lửa:"
2410,Cá_nhân mình thấy chị Chi rất nghiêm_túc trong việc theo_đuổi âm_nhạc chứ khôg như một_số ca_sĩ hiện_nay. Đây là sản_phẩm đầu_tay nên có_thể mang khuyết_điểm và chỉ cần Chi biết khắc_phục thì tương_lai có_thể tiến_bộ lên rất nhiều. Mà thiệt sự bài hát hoàn_toàn khôg hề tệ như một_số người nhận_xét và giọng hát của chi cũng đã được trau_chuốt hơn trc nhiều. Chúc_mừng chị.
2411,"Blac kPink sau 23h được 3. 139. 047 lượt xem mà_còn là tân_binh, đăng trên kênh Youtube cá_nhân, Gao_Tùng được à"
2412,không_thể nghe được quá nửa bài luôn. giọng hát là cả bài hát nữa nghe như... không chấp_nhận được nghe như lệ rơi hay tùng sơn còn cho ta tiếng cười còn bài hát này càng nghe càng gây ức_chế không biết tại_sao luôn. chán lắm. không có thực_tài thì tại_sao lại cứ thích thể_hiện cái mình kém chứ: (
2413,Trước nghe hương tràm nói MÌNH nghĩ nta thích làm gì là quyền của nta. Nhưng từ khi nghe giọng ca này hát lên. Ôi hương tràm nói cg không có sai
2414,giọng ca dỡ vá với lời bài hát không hay
2415,"Nghe chưa quen tai. Nhưng vẫn sẽ nghe vài lần nữa, để Có những cảm_nhận chuẩn_xác về MV này, cũng như là nỗ_lực thật_sự của cô gái này. Cuộc_sống mà Có quyền nỗ_lực làm điều mình đam_mê và thích chứ. Nếu không thì ngồi lỳ mãi mà chờ đột_phá sao. Hi_vọng Chi sẽ tiến_bộ nhiều hơn_nữa, hơn_nữa và hơn_nữa. Xem sẽ đi bao_xa. Còn việc Chi đóng phim thì Chi cần thêm cái duyên điện_ảnh nữa, cần_cù mãi trời cũng phú cho cái tài thôi."
2416,hay nhưng em vẫn không thích.... gạch_đá sky cứ ném nhà em đang xây chuồng bò...: )
2417,phần nhạc hay nhưng phần múa minh_hoạ không hỉu
2418,Bài này hay_hay sao ấy. Tùng ra bài kiểu như này nữa đi ai ủng_hộ cho lên tốp đi nè :trái_tim_đỏ:
2419,thích cái nháy_mắt của ỏng ghê :mắt_trái_tim: cái cảnh trên cây cầu đội nón đỏ_ngầu vé :hôn_gió: đó giờ mới nói :cười_toe_toét:
2420,Thôi không nói nhiều. Nhạc hay thì nghe. Không hay thì sang nhạc khác nghe. Vậy thôi. Um_sùm quá...
2421,Fan bà tràm Nhưng nge bà Pu hát nge dễ thw mà
2422,Cô Ngân dám chửi chị mèo simmy ít thích cô Ngân ghét cô Ngân dám chửi chị mèo simmy được lắm mọi người thấy chưa dám chửi chị mèo simmy luôn kìa nhớ ít thích cô Ngân nhé đừng có thương con Ngân cô Ngân còn chửi chị mèo simmy cô Ngân còn kêu học_trò của mình chửi hero team kìa đừng có thương cô Ngân
2423,"Cái đoạn luyến làm cho bài hát lẫn giọng hát của chipu tệ bao_nhiêu??? Tài_năng là bẩm_sinh chứ không_thể luyện_tập, dù_sao cũng ngưỡng_mộ bởi ý_chí của bạn! chúc bạn thành_công!"
2424,tau nghe con bạn tau hát con hơn anh ni hát bài đã không hay rồi hát còn không hay nưa hát như đấm vố mặt người nhe
2425,tôi nghĩ nó sẽ là một phương_thức tử_hình mới
2426,"Chị có_thể làm mọi thứ, nhưng mọi thứ chị làm không hoàn_hảo. Ca_sĩ không phải muốn làm là làm được, trở_thành ca_sĩ không phải dễ đâu chị ạ"
2427,"Chat vai moi nguoi anh, nhung ma. Rap nhanh qua em không hieu kiep_anh"
2428,sao không nói về phần sáng_tạo của Mv? mà đi soi nói này kia? Không nghe thì next ok = ) )
2429,Nhac hay mà giong ca cũng được đâu Có tê như moi ngươi nói giũ vây. Hãy cho ngươi ta cơ hôi chỉ một câu tê Không hay Là moi ngươi đạp đõ mọi Công_sức Ngươi ta cô gân cho moi ngươi nghe vây Là Không_Công băng. Ý Kiên giêng cua em moi ngươi đung ném đá. Em chỉ nghe lổ tai CỦA em thây hay Nói vây nhưng that sự hay.
2430,"Không phải Fan_Chi_Pu nhưng mới_đầu nghe bài này thấy rất bắt tai, dễ nhớ nữa. MV diễn_xuất đạt, đẹp, được đầu_tư công_phu. Tôi xin phép không bàn gì về giọng hát cả bởi_vì mới chuyển_hướng qua ca_sĩ nên Chi_Pu có_thể hát không được hay lắm như đa_số mọi người nhận_xét gần đây, nhưng, cá_nhân tôi thấy cô ấy thực_sự_cố_gắng, rất cố_gắng, hãy nghe và cảm_nhận rồi mới đánh_giá. Đừng chỉ nghe người khác nói dở tệ mà bạn nghĩ nó dở. Thực_ra mỗi gu âm_nhạc của mỗi người khác nhau nên trước khi phán hãy nghe, hãy nhìn vào nỗ_lực của người ta mà đánh_giá."
2431,Chi_Pu còn được mời làm_khách mời trong giọng ải giọng ai mà: ) ) ). Chưa đủ làm ca_sĩ à: ) ) )
2432,Em nói thật chứ em thấy thích cái giọng hát này thật em nghĩ chị hát không phải không hay mà tại nhiều người không thích giọng chị
2433,Mèo_Simmy là nhất với Sammy :trái_tim_đỏ: vô hero team là nhất :trái_tim_đỏ: :trái_tim_đỏ: :trái_tim_đỏ: :trái_tim_đỏ: :trái_tim_đỏ: :trái_tim_đỏ: :trái_tim_đỏ: :trái_tim_đỏ: :trái_tim_đỏ: :trái_tim_đỏ:0 :trái_tim_đỏ:1 :trái_tim_đỏ:2 :trái_tim_đỏ:3
2434,Nhạc nghe ổn còn sáng_tác thì không hay cho lắm. Chưa hiểu ý bài hát???????
2435,Ra ngay lúc jack ra bài mới mà s lên được top 1
2436,ai noj gì hay làm gì thj cu làm minh chj viet cay cay va cayyyyyyyyyyy thoj :hai_trái_tim: :trái_tim_lấp_lánh: :trái_tim_mũi_tên: :trái_tim_xoay: :trái_tim_lớn_dần: em yeu anh :trái_tim_mũi_tên:_son tung soai ca cua long em :trái_tim_xoay: :trái_tim_lớn_dần: :hai_trái_tim: :trái_tim_lấp_lánh: :trái_tim_lấp_lánh:0
2437,làm cái l * người gì vậy tùng. đủ rồi nghe tôi táng thấy mẹ mày giờ :mặt_chán: :mặt_chán:
2438,Không hiểu sao khi xem nhiều lần tôi cảm_thấy rất thích bài hát này... chắc tại khác người
2439,bài này vẫn chất và phiêu hơn chắc có yêu là đây
2440,anti à idol của mấy người ` không bằng idol của chúng_tôi rồi vào đây hở một_chút là chửi lượt lượt xem người ` ta tăng nhanh k65 mẹ người ` ta mắc gì phaj vào xạo
2441,"nhờ cái lời bài hát này mà tôi được mọi người đải tiệc, tiệc âm_nhạc: )"
2442,ai cũng rap hay các bạn cứ chê mình đâm vào mồm các bạn giờ
2443,- Chắc giờ mấy đứa cày Lượt xem “ Chạy_Ngay_Đi ”: 3 - Còn ai nghe bài này không: (
2444,bài này em nghe hoài không chán ai giống em điểm_danh
2445,hay quá coi đi coi lại mấy lần rồi mà vẫn hay
2446,Bống bống bang bang 90 trời rồi. Vợ ngta sắp cán mốc 100 trời: (
2447,anh tung oi ra mv lac troi di em hong qua € ] ]
2448,"nghe bắt tai, lời cũng hay mà. Giọng thì bình_thường đâu có thảm_hoạ như người ta nói đâu."
2449,Gìơ lo cày lượt xem em của ngày hôm_qua = ) ) sắp được 82 triệu lượt xem = ) ) ) ) )
2450,"nghe thấy ngoài la lá mấy bài háy khác thì chỉ có cái "" chúng_ta không thuộc về nhau "" lặp_đi_lặp_lại = ) ) ) ) ) sàm lắm Tùng núi ạk"
2451,Cảm_ơn bạn đã cho tôi thêm động_lực nghỉ chơi pick vì bài này :cười_ra_nước_mắt: :cười_ra_nước_mắt:
2452,"Có ai từ "" Có chắc yêu là đây "" qua đây không?"
2453,Hát hay lắm chị ơi. Chị chi pu cố lên nhé. Mặc_kệ lời người ta đi mình sinh ra đâu phải để làm hài_lòng thiên_hạ :cười_rạng_rỡ: :cười_rạng_rỡ: :cười_rạng_rỡ:
2454,Gao bạc phong cận rikaki siro cô Ngân mèo simmy hà thảo linh Timmy toàn tây kairon kamui tôi gaming cô Ngân gao bạc Sammy phong cận bác gấu MR vịt ngầu vải Em thăm mộ huyền_thoại sinh_tồn và cả hero team mấy anh hát hay quá
2455,sKY ƠI HÃY ĐỂ MV NÀY CÁN MỐC 100M TRƯỚC KHI nƠI nÀY CÓ ANH ra_mắt nhé thank you so much!!!
2456,Xem hết 3 cái MV kia tôi thấy bài này hay nhất
2457,Chỉ thấy ổng cầm vợt tạo_dáng hoi á đánh được quả nào đâu
2458,people so mad about it???!!! cả anti với fan của ST hãy ngưng lại đi!!!? để đến khi cả người nc ngoài cười nhọ vào đất_nước ta chỉ vì 1 MV mà tranh_cãi thì ms dừng lại?
2459,19 / 8 / 2016 bây_giờ là 36. 988. 866 dự là vẫn tăng: ) ) ) )
2460,Các mem lại không thích theo phong_trào báo_chí thông_tin rồi...... làm gì cũng_nên khách_quan tránh bị thông_tin sai_khiến chúng_ta làm mà không biết_nghĩ
2461,"Fan_Steve_Job, Bill_Gate chúc Sơn_Tùng_Thành_Công, Luôn ủng_hộ: D"
2462,"beat nhạc thì hay mà giọng chán thật, ngang phè, hát dở hơn tôi trong khi đã được chỉnh_sửa: ) ) ) ) Chipu được cái xinh còn lại éo được cái gì, hát thì dở đoang phim thì đơ: ) ) )"
2463,Giai_điệu nghe cuốn_hút. 17. 10. 2018 ai còn nghe không
2464,""" Một nghề cho chín còn hơn chín nghề "" chị Chi_Pu ạ. Em không phải là anti fan của chị, nhưng thật lòng khuyên chị nên chọn cái gì thật_sự hợp với khả_năng của mình để làm, đừng ôm_đồm làm quá nhiều công_việc mà không giỏi hay xuất_sắc ở mảng nào cả. Bài hát của chị về phần nhạc không hề tệ, khá catchy, hơn_nữa còn khá đầu_tư về phần nhìn cho MV, hợp_tác cả với nhà_sản_xuất nổi_tiếng, nhưng thứ cần đầu_tư nhất về chất_lượng là lời bài hát, giọng người hát và vũ_đạo thì chị không làm, lời bài hát vô_nghĩa, vũ_đạo rời_rạc thiếu điểm nhấn, giọng chị không tệ nhưng cũng không có gì đặc_biệt cả, nói thật_ra là "" tác_phẩm âm_nhạc "" lần này của chị chỉ như "" nước_đổ_lá_khoai "" thôi, có_thể có nhiều ngưoqif nghe, nhiều người xem, nhưn mà xem xog nghe xong không đọng lại ấn_tượng gì, không muốn nghe lại thì nó chỉ là 1 sản_phẩm thất_bại thôi. Chị còn trẻ, chị có quyền thử_nghiệm nhiều lĩnh_vực, nhiều công_việc khác nhau, nhưng sau những lần thử_nghiệm thất_bại và sự phản_hồi của công_chúng, em nghĩ chĩ nên suy_nghĩ nghiêm_túc theo 1 con đường lâu_dài về sau chứ đừng mãi chỉ như thế_này. Công_nhận chị rất xinh_đẹp, nhưng sự_nghiệp chỉ dựa vào nhan_sắc thì thường không bền, bởi nhan_sắc sẽ tàn phai theo thời_gian, không giữ mãi được. Em không không thích MV này, vì tôn_trọng công_sức chị bỏ ra để đầu_tư cho nó, nhưng cũng không_thể nhấn thích cho 1 MV không_thể xem và nghe đến hết 1 nửa, và quan_trọng nhất, cả hát không phù_hợp với chị đâu, Chi_Pu ạ, hãy tìm con đường tốt hơn cho chị."
2465,Chi_Pu ca_sĩ hát hay nhất đối_với em :mắt_trái_tim: :mắt_trái_tim: :mắt_trái_tim: :mắt_trái_tim: :một_trăm_điểm: :một_trăm_điểm: :một_trăm_điểm: :mắt_trái_tim: :hôn_gió: :mắt_trái_tim: :mắt_trái_tim:0 :mắt_trái_tim:1
2466,Hát như đọc: ) làm dơ nghề ca_sĩ quá: ) HT nói là quá đúng: ) đừng nhục mẹ nghề ca_sĩ nữa = ) )
2467,có nghe được gì đâu trời thấy phóng cách thôi
2468,đang bị liệt nx người dưới mà phải đi_lại tắt nhạc
2469,"Thật_sự thì nghe 1 lần không hay.... Vài lần sẽ nghiện cái khúc, Chúng_Ta Không_Thuộc_Về_Nhauuuu: 3: 3 MV đẹp"
2470,các bạn đừng suy_nghĩ tiêu_cực quá sản_phẩm đầu_tay của Chi_Pu mà sao không có những sai_sót được. mong chi pu sẽ rút kinh_nghiệm về sau.. dù_sao đi_nữa đây cũng là một sự_cố gắng của bạn ấy thay_vì chê_trách hãy dành cho bạn ấy những lời động_viên các bạn nhé :mặt_thiên_thần: :mặt_thiên_thần: :mặt_thiên_thần: :mặt_thiên_thần:
2471,rất cảm_ơn anh vì đã tạo ra bài hát em mong tất_cả mọi người chú_ý 🥹 🥹 🥹
2472,một ngày cả vài chục lần.. nghe vẫn cứ vậy: ) ) )
2473,Chị chi chaizo mặt dù không pãi fan chị nhưng bài này hay thật ak :mắt_trái_tim: :mắt_trái_tim: :mắt_trái_tim:
2474,Lần đầu nghe nghiện lun. Sao ai cũng nói dở vậy # RẤTHAY :hôn_gió: :hôn_gió: :hôn_gió:
2475,"( chung ta không thuoc ve nhau ) dung la am nhac dinh cao, thoi trang tre hien dai, phong cach tre hop trao luu. giong nhu biet danh mtp cua_son tung. dac biet mv nay duoc nhieu ban nuoc ngoai don nhan. mot truong hop hiem co cua lang ca nhac nhe viet vabai hat nay rat co the se chiem ngoi ban hit ( em cua ngay hom qua ) cua chinh_son tung mtp ve so nguoi nghe va xem."
2476,Mọi người tắt chế_độ tự_động phát tiếp_theo ik! BBBB đang ăn chùa đấy!!
2477,có_vẻ như_ai xem video này cũng quá xem we dont talk anymore nhi lượt wiev tăng đeu nhỉ
2478,nghe cả bài_chỉ thấy lập lại cái tựa bài: ( (
2479,Không thích không phải vì anti đâu mà vì nó dở thật
2480,"ngta làm ra nhạc ntn kệ ngta đi, soi lắm thế, làm được như_vậy rồi nói tiếp nhé: ) ) thích thi ` nghe, không thích thi ` đi ra: ) ) thử đặt trong trg hợp của ngta đi rồi hãy nói nhé: ) )"
2481,"TÔI thấy giọng của chị chi khá hay, sao mọi người khắt_khe quá vậy Còn độ hay không hay bài hát quyết_định một phần, không nên quá tạo áp_lực lên 1 người nghệ_sỹ như_vậy tội cho cố_gắng nỗ và sự kỳ_vọng_lực của họ lắm"
2482,"Ai chỉ em cách không thích video này cái, Động_Vật mà vẫn biết hát!"
2483,mấy bác soi sao em cũng chịu! nh bài này ok.. ok_son tung mtp = ) ) )
2484,Bố mày ghét Sơn_Lồ * Anti chấp tất = ) ) Nhảy hết vào đây = ) ) )
2485,Làm cái gì cũng chả ra_hồn mà nói tâm_huyết và nghiêm_túc từ MC đến diễn_viên và bây_giờ là ca_sĩ
2486,fans WE DON ' TÔI TALK ANYMORE chúc gao tùng tìm được nhiều mảnh ghép hơn_nữa: 3
2487,nhìn mọi người như đang chửi nhau vậy nhưng chỉ là rap thôi hahaha
2488,Nhắm_mắt ơ thờ anh không muốn lạc vào trong nỗi đau này
2489,":ngôi_sao_lấp_lánh: CẢ NHÀ ƠI – CÙNG CÀY LƯỢT XEM NÀO! :ngôi_sao_lấp_lánh: Hiện_tại “ Nơi Này_Có_Anh ” đang rất cần thêm sức_mạnh từ chúng_ta :trái_tim_xanh_dương: :chỉ_phải: Xem MV trọn_vẹn, không tua, không skip quảng_cáo. :chỉ_phải: Mở loop để lượt xem tăng đều, comment thật nhiều để giữ tương_tác. :chỉ_phải: Share link MV đến bạn_bè, người_thân, fanpage để lan_toả tình_yêu đến nhiều người hơn. :tên_lửa: Mục_tiêu: Đưa –0 Nơi Này_Có_Anh –1 lên TOP LƯỢT XEM, khẳng_định sức_mạnh Sky! –2 Một lượt xem nhỏ_bé từ bạn nhưng lại mang ý_nghĩa cực lớn với Tùng và cộng_đồng fan chúng_ta. –3 Hãy cùng nhau chiến hết_mình, giữ lửa cho Nơi Này_Có_Anh nhé Sky ơi!!!"
2490,_Son ting di lam nhé nghien cau oke hon do
2491,Dù cái bài hát này năm nay cũng không bằng Thiên_Lý ơi
2492,Anh Tùng ơi có phải anh sao_chép mấy bài hát người chán quá
2493,4 ngày 14 triệu lượt lượt xem. Sky ơi say oh yeahhh
2494,Và voogh sẽ được rồi hb sẽ không về sớm ở trẻ nhỏ dưới các nước đang 1: 01 1: 02 1: 04 1: 04 24558 :chó: :cúp: :giơ_tay: :tiền_bảng: :thẻ_tín_dụng: :khóc_nức_nở: :tiệc_tùng: :mắt_trái_tim: :hôn_mỉm_cười: :cười_dịu_dàng: :cúp:0 :cúp:1 :cúp:2 :cúp:3 :cúp:4 :cúp:5 :cúp:6 :cúp:7 :cúp:8 :cúp:9 :giơ_tay:0 :giơ_tay:1
2495,Thật_sự không phải soi đâu nhưng_mà Chúng_ta không thuộc về nhau - Uý đốn tóc en ni mòTừ câu đầu_tiên luôn rồi - _ - haizz
2496,"Bài này thật làm tôi bị suy, rơi vào trầm_ngâm, phải suy_nghĩ về cuộc_đời và nó làm tôi phải nghe đi nghe lại mỗi ngày vì nó làm tôi suy..... giảm thính_giác :say: :say:"
2497,ĐẠI_BÀNG TUNG CÁNH.... GAO VÀNG MƯỢN BEAT XÀI ĐỠ.... GAO TÙNG
2498,chipu không hợp với ca_sĩ. tôi thíc gil với chi mà giờ thế_này không biết sao
2499,"Phân_tích đoạn trích 2 câu đầu_tiên của tác_phẩm Pickleball của tác_giả Đỗ_Phú_Quí: Hai câu hát “ anh hẹn em pickle ball, anh vờn em pickle ball ” trong bài hát PickleBall của Đỗ_Phú_Quí mang đậm chất hài_hước và ẩn_ý, gợi_mở một sự giao_thoa giữa nội_dung tình_cảm và môn thể_thao pickleball, vốn đang trở_nên phổ_biến gần đây. Dưới đây là một_số khía_cạnh phân_tích: 1. Hình_ảnh Pickleball như một ẩn_dụ • Pickleball là một môn thể_thao kết_hợp giữa tennis, badminton và bóng_bàn, thường mang tính giải_trí, thư_giãn và đôi_khi có tính chiến_thuật. Việc hẹn_hò qua môn thể_thao này trở_thành một hình_ảnh nhẹ_nhàng, gợi_tả một cuộc gặp_gỡ vui_vẻ, năng_động, và không quá áp_lực. • “ Anh vờn em pickle ball ” sử_dụng từ “ vờn ” vừa mang ý_nghĩa trêu đùa, vừa ẩn_chứa sự khéo_léo trong tương_tác. Điều này có_thể ám_chỉ một cuộc_chơi tình_cảm, trong đó người hát thể_hiện sự chủ_động, tinh_nghịch, nhưng không quá nghiêm_trọng. 2. Gợi_tả mối quan_hệ đầy năng_lượng và gần_gũi • Hai câu hát mô_tả một tương_tác giữa hai người dưới dạng một trò_chơi. Từ “ hẹn ”0 mang hàm_ý về lời mời_gọi tình_cảm, trong khi ”1 vờn ”2 nhấn_mạnh sự thoải_mái và vui_vẻ trong mối quan_hệ. Điều này phản_ánh sự lãng_mạn hiện_đại, nơi tình_yêu đôi_khi được thể_hiện qua những hoạt_động thường_ngày, không quá cầu_kỳ. 3. Phong_cách dí_dỏm và sáng_tạo ”3 Việc lồng_ghép môn thể_thao pickleball vào ca_từ bài hát mang tính thời_thượng, kết_nối với những người trẻ yêu thích hoạt_động ngoài_trời. Cách diễn_đạt ”4 anh hẹn em ”5 anh vờn em ”6 ”7 mang giai_điệu nhịp_nhàng, lôi_cuốn, dễ tạo cảm_giác vui_tươi. 4. Tầng nghĩa mở_rộng ”8 Ẩn sau ngôn_từ đơn_giản có_thể là ý_nghĩa sâu hơn về sự giao_lưu cảm_xúc. Trận đấu pickleball có_thể tượng_trưng cho cách hai người tìm_hiểu nhau: lúc gần, lúc xa, khi thử_thách, khi phối_hợp ăn_ý. Tóm_lại, hai câu hát trên không_chỉ đơn_thuần mô_tả hoạt_động chơi thể_thao mà_còn khéo_léo sử_dụng pickleball như một ẩn_dụ để thể_hiện sự lãng_mạn, hài_hước và gần_gũi trong tình_yêu. Qua đó, bài hát tạo nên sự kết_nối độc_đáo với người nghe, đặc_biệt là giới trẻ."
2500,mv này chắc tuyển mấy phần hay nhất trong mv kpop với us - ừ đây mà. Có ji đâu mà tự_hào dữ vậy. Dây_thần_kinh xấu_hổ đứt hết rồi sao?
2501,"Nghe được mỗi câu: Chúng_ta không thuộc về nhau, hú hu, hu hù......"
2502,Mình thấy hay mà sao mọi người ném đá dữ thế nhỉ??
2503,"Theo ý_kiến cá_nhân mình Chipu thật_sự không nên đi hát. Đây là thu âm sẵn. Không biết hát live nó sẽ ntn. Nếu xem là đam_mê thì không s đó la quyền mỗi người, còn nghề_nghiệp và chuyển sang đi hát... Quả_thật không pit ns s nữa"
2504,"Con_người Việt thich dìm hàng Việt, nâng hàng Ngoại. Chưa dìm sặp đâu có chịu nổi."
2505,91. 766. 620 rồi cả nhà ơi. cố được 100 trời nhé
2506,tối hôm_qua: 2tr lượt xem sáng 6h: 4tr lượt xem: VẬY. Sk ' y thức ' s khuya ' s ak ' s = ) ) )
2507,cố lên đến ngày 17 tháng 2 phải cán trên mốc 100tr để vượt BBBB nhé: ) ) ) ) )
2508,Quá đỉnh cô ngân với mèo simmy giọng rất dễ_thương
2509,sếp ơi hay quá sếp ạ < 3 mê luôn rồi < 3
2510,thích thì nghe. không thích thì đừng có lick chuột vào.
2511,người nước_ngoài zô đây cũng có cmt = tiếq việt đâu: - ) )
2512,hero hát hay hơn vì hát nhanh tiếp_theo giọng hero hay hơn
2513,"em thấy chị hát cũng hay. nhưng em nghĩ chị gặp vấn_đề về hình_ảnh trong MV, hậu_kì. Nhìn vào làm MV trong không bắt_mắt. Cố lên trong những MV sau nhé chị"
2514,bài này hay đấy Tùng ơi!!! cứ tiếp_tục dị và điên và không bình_thường nữa nhé: *
2515,"Thích câu của bác gẫu "" trình_độ vịt cũng ngang gà: ) ) """
2516,thí_sinh tiếp_theo mà sơn tùng nhắm đến là charlie
2517,Không còn là Fan chị ấy kể từ lúc coi MV và nghe bài này.
2518,nếu cái này tồn_tại trc thế_chiến thứ 2 thì bây_giờ chỉ có thế_chiến thứ nhất và thế_giới đã hoà_bình hơn 1 thế_kỉ
2519,woa có mấy tháng không về tùng ra hit mới hay thế
2520,Lần đầu_tiên tôi nghe bài hát kinh_dị như thế_này :thư_giãn: :mặt_ranh_mãnh:
2521,"Cái bài này hay, chỉ có_điều là giai_điệu với giọng chipu hát thấy kì nên các bạn mới thấy dở thôi, thấy chỉ vẫn hát hay, nhảy đẹp. xinh mà! Thích cho chị!"
2522,Cố_tình làm giống để mấy bạn không có cái nao ~ mà chỉ có cái tay nhanh nhanh phê_phán bia free ấy mà... Tks mấy bạn anti đã bia nhé ^ ^
2523,Hôm trước chị có bảo hãy gọi chị là ca_sĩ. Cái danh_ca_sĩ đâu rẻ bèo thế đâu chị = ) ) ) ) ) )
2524,Bọn họ là cái thá gì mà có wuyền đòi phán_xét Tùng như tế chứ.
2525,nghe tốc_độ 1. 25 riết quen lun ời nghe chuẩn thấy nó chậm ghê
2526,"Cái đclm mấy lần đầu lướt nghe như cac nhưng giờ tôi nghiện mẹ rồi, giai_điệu oke đấy chứ còn chủ_đề và lời bài hát như cái db"
2527,thành_phần trung_gian... coi comment... lướt lên lướt xuống... nghe nhiều.. thích mẹ rồi :cười_ra_nước_mắt: :cười_ra_nước_mắt: :cười_ra_nước_mắt:
2528,Có_lẽ như mình đang nghe 1 bài mashup ( we don ' tôi talk anymore + fire )
2529,"bài này hơi giống we dont talk any more, có phải ổng pha nhạc không"
2530,Phiên_bản làm giả của We don ' tôi talk anymore và Fire kìa mấy đứa. :mặt_ranh_mãnh:
2531,"cái quần mà sếp mặc lúc 2: 35 ấy, nó tớm vãi cả lúa ý ạ!!!"
2532,mình hay ngủ gục trong giờ ngữ_văn vì giọng của giáo_viên quá buồn_ngủ nhưng nhờ nghe bài này tôi đã điếc và không ngủ gục vào trong giờ ngữ_văn nữa cảm_ơn bạn
2533,"MV không tệ. Nghe bắt tai, nhịp địu ổn. Giọng CP không phải là đỉnh, nhưng nghe vẫn mượt, không tệ đến mức như mấy Ca_Sỹ khác phải đưa vào thảm_hại đâu. nghe 2, 3 lần thấy thú_vị. nhớ man mãn giai_điệu. :nốt_nhạc_nhiều:."
2534,"Lai 63 nghìn đít lai 104 nghìn vãi lìn, tặng bả cái đít lai nữa"
2535,Hay lắm chị ơi Cố_gắng lên chị mình sống cho mình chứ không sống cho thiên_hạ chị nhé Cha zou
2536,Lâu_lâu gé xem lượt xem chứ xem mv thì rất ít khi... = ) )
2537,Xem phụ_đề mới hiểu :mặt_bình_thường: ngta rap đỉnh là nghe rõ còn này như nhai thịt bò
2538,Hay lắm chi pu ơi em mong chị ra nhiều MV mới nhé :cười_đỏ_má:
2539,Sơn_Tùng đã nói không thuộc về sky mà sao cứ thích anh Tùng Mountain vậy
2540,Lời bây_giờ có mỗi câu ctktvn mà hát đi hát lại cạn_lời!
2541,CIA mỹ nên cho bài hát này vào trong danh_sách những hình_thức tra_tấn kinh_điển nhất
2542,lượt lượt xem tăng qá chậm... còn ai xem không vậy????: ) ) )
2543,Toàn là hùa theo đám đông thôi.. giọng người ta vậy_mà cứ làm quá lên mệt mấy mẹ làm_loạn quá à
2544,Tôi thấy mấy bạn nhận_xét cứ quá bài phát_hành cho người điếc nghe tự_ý nghe còn chê
2545,Một bên là sinh_tố team một bên là hẻo team
2546,"em yêu anh tùng núi, sky ơi........... say oh yeah...."
2547,Beat theo dòng nhạc tropical nghe nó cứ dực dực í nhỉ: vlâu quá không thấy tin_tức sơn tùng chắc chuẩn_bị tung ra bài mới_đây: ) )
2548,"* _ 4 năm rồi à, từ cái thời trẻ trâu đó tới giờ 4 năm rồi á? _ *"
2549,"mình nghe thấy rất hay, nghe đi nghe lại không biết chán"
2550,Hay lắm Tùng ơiiiiii. Fan_Ngô_Kiến_Huy thíc Tùng lắm nhé.
2551,Em hâm_mộ chị từ lâu lắm rồi. Yêu chị < 3 I love so much
2552,"Nhạc không đến_nỗi tệ nhưng không hợp với lời Việt, mv thì như mớ hỗn_độn"
2553,"Gần 5 năm rồi, tại_sao bài này vẫn còn hay và chất đến vậy"
2554,tôi chỉ bít anh ấy có những bài hat thật hay... còn chuyện khác thì... KHÔNG Q TÔI... Ezzzz
2555,ANH Quí có_thể làm lại 1 bài khác với beat này được không kiểu thay mỗi lời bài hát thôi í :cười_đỏ_má:
2556,anh oi nhac anh hay qua em cung ca chim anh lam cho em cam thay cuoc song no vui ve hon
2557,"St là người tài, không ai sáh băg nhé! Nhung nguoi noi xau st chi vi ganh get.. St..! vi st tai hon bon ho!"
2558,tôi đến đây để xin_lỗi ĐỖ PHÚ_QUÍ sau nghe thấu túng tâm_trí
2559,em ti pi plus sẽ lập kĩ lục có nhìu không thích nhất lịch sữ vpop: ) éc éc
2560,cô ngân hay nhưng thua simmy và siro fan simmy và siro
2561,Ủng_hộ cô ngân còn người tên simmy sim miết gì hay hero hê rú gì thì :không_thích:
2562,"Cuối 2025, sau bao năm rồi bài này vẫn hay quấ :trái_tim_xoay: :trái_tim_xoay:"
2563,"video co nhieu boi canh nhay cung dep cu chi cung dep bai hat thi hay, hay nhat la phan rap that hoan hao"
2564,"Sếp là tuyệt nhất ạ. yêu bác_sĩ "" biến_thái "" ^ ^ >. <"
2565,Chi_Pu hát hay mà sao mấy người kia chê dở là sao chứ
2566,"Hay nhể, mà hát nhanh quá, bài này để_dành hát tặng ghệ"
2567,một lần xem 3 - 4 cái dt bảo s không tăng lượt xem: ) ) - < 3 MTP
2568,"Mấy bạn nuớc ngoài củng vui, tràn qua đây chơi: ) )"
2569,Bài này nghe lần đầu_tiên đã hay rồi dạo này nghiền òi :cười_đỏ_má: :cười_đỏ_má: :cười_đỏ_má: mà sao nhìu không thích quá vậy :mỉm_cười: :mỉm_cười: :mỉm_cười:
2570,Lượt xem cứ tăng vèo_vèo... chờ đi mấy cdl gato với antifan hùa :cười_đỏ_má:
2571,bống bống bang bang 88tr lượt xem rồi kia.. mày. người tắt chế_độ xem tự_động đi
2572,Thành_thật nói em chỉ xem chị các chương_trình hài nhưng chị ra MV này cũng chúc chị thành_công nhé
2573,Ai mà không thích video này là người đó không biết suy_nghĩ đúng hay sai
2574,Hay mà: ) ) ) beat nhạc dễ nghiền. Dù gì cũng là sản_phẩm đầu_tiên của Chipu. Em luôn ủng_hộ chị!!!
2575,mv hay nhi mak s anti cu soi moi hoai d ta
2576,"mv cũng khá được, nhạc cũng khá bắt tai, nhưng giọng của ca_sĩ nghe hơi bị cứng, không hay lắm. cố rèn_luyện thêm nhé chipu."
2577,Chất nhất_là đoạn của Cô Ngân với Mèo_Simmy
2578,Ai vào N7 không play together tên 1234bạncom lập nhóm chơ
2579,đg ỉa mà nghe xong lổ đít nở hoa luôn mọi người ạ
2580,Nhạc hay MV đẹp.. tuyệt_vời quá aiu ơi < 3 love MTP
2581,Sao thấy rap trong bài này của ST giống bài Fire của BTS ( 2. 16s ) đoạn Hey..... thế nhỉ. ( Thấy như một vậy ) and same We don ' tôi talk anymore... sự kết_hợp hoàn_hảo: )
2582,bôm nay thứ 7 chủ nhât cả nhà tranh_thủ nhé
2583,cố lên chi ơi chờ chị ra sp ms nhé yêu chuỵ
2584,hay quá! < 3 hay dã_man! tùng đẹp_trai < 3 chất_lượng hình_ảnh tốt! < 3 nghe có cái chất cái riêng của tùng là ok rồi! < 3
2585,"sao cứ nghi_ngờ ngta, sao người Việt_nam chán vậy nhỉ, chán, chẳng thấy giống we don ' tôi take anymore gì cả haizzzzzzzzzzzz"
2586,20. 972. 380 lượt xem rồi ( Không phải tôi tự nghĩ ra số đâu nhớ máy tôi nó có số như_vậy )
2587,"Hay quá chời, tắt tiếng đi nghe hay thật_sự"
2588,ae ném đá ác thế Kệ đi nghe cũng được mà
2589,Mới up 2 days mà gần 8 triệu lượt xem quá đỉnh
2590,không phải Fan anh tùng nhưng cày bài này phải đến 100 lần í. hay lắm ạ.
2591,Chúng_ta sẽ có cuộc_chiến giữa bài hát skibidi nhất Việt_Nam và Thick_Of_It của thế_giới :khóc_nức_nở: :khóc_nức_nở: :cầu_nguyện:
2592,Nghe bài này xong chắc không có thế_chiến thứ 2 đâu
2593,thấy các ca_sĩ hiện_nay mang tính_chất thị_trường nhiều quá.
2594,Ác vãi cả lúa dù_sao người ta cux tốn công ra mv vậy_mà... haiz
2595,"dù gì đi_nữa thì củng hay mà. nhạc với MV củng rơ với nhau. Mà đoạn cuối không hiểu lắm, lắp trái_tim vào bị nổ tung."
2596,Tuy là người quá tầm_thường trong xã_hội này. không có vẹo gì. vô_dụng bất_tài. nhưng tôi vẫn cứ nghênh mặt lên nói. Chi không_thể hát. chỉnh_sửa âm_thanh quá nhiều. đến trình_độ hát đám_cưới còn hay hơn chứ đừng nói là gì. có_thể là người nổi_tiếng có_thể là rất xinh_đẹp. nhưng không bao_giờ có_thể đưa âm_nhạc đến cảm_giác hay. Lượt xem không nói lên điều gì cả nó chỉ là 1 cái click 10s sau bâtk cái khác và chỉ trong 10s sẽ có 1 lượt tải xuống. hương tràm nói đúng có tài có tâm mới thành_công. có tâm không có tài thành phá_hoại.
2597,Bất_kể Chi làm gì đều ủng_hộ. Fighting :tiệc: :tiệc: :vỗ_tay: :vỗ_tay:
2598,"Sơn_Tùng có tài, đẹp_trai nữa, chúc anh thành_công...."
2599,Cảm_thấy nhục khi có một người như thế_này là người Việt_Nam :tức_giận: :tức_giận: :tức_giận:
2600,Theo mình thấy bài hát cũng hay mà mv đậm chất sáng_tạo mà sao mọi người cứ phải ns này ns nọ. Mong Chi sẽ ra nhiều bài hát hay hơn_nữa
2601,NGƯỜI KHÔNG CHỊU ĐỌC CHẲNG KHÁ_KHẨM GÌ HƠN NGƯỜI KHÔNG BIẾT ĐỌC :dải_ngân_hà:
2602,Sự_thật bây_giờ tôi thấy bọn anti giống trẻ trâu
2603,Chị chi pu chọn toàn quần_áo đẹp đúng là có thẩm_mỹ nhưng chị chi pu mặc quần_áo không đẹp
2604,"Phải công_nhận là chipu đẹp dã_man: x trang_phục đó người khác mặc chắc là thảm_hoạ nhưng mình thấy chipu mặc lên trông rất đẹp nhìn rất sang không hề thấy lố chút nào: x nhưng thật_sự giọng hát không hay 1 chút nào, mình đã cố_gắng nghe đến cuối bài nhưng hỏi mình có nhấn nút replay không thì đáp_án là KHÔNG, mình nghĩ chipu tiếp_tục trau_dồi hoic tập về việc diễn_xuất, tham_gia đóng phim thì sẽ hay hơn đó, việc đó tập_luyện nhiều thì sẽ đóng đạt thôi còn giọng hát là do trời phú các bạn ạ, có cố_gắng hát đúng nốt thì cũng không_thể gọi tự gọi ca_sĩ được đâu. Chỉ ý_kiến của mình, nếu chipu vẫn tiếp_tục ra MV thì mình cũng vẫn sẽ đóng_góp 1view cho chipu vì chipu đẹp: ) ): ) )"
2605,= ( ( định phá vỡ??? kỹ luật dis hơn thích của Baby - Justin bieber hay Trailer_Call of Duty_IW đây sếp ' s sơn Đòong
2606,Nhảy theo style cua mấy nhóm hàn. Ca nhân minh thấy chipu theo style sexy của huyn - anh có_lẽ hợp
2607,cày không bk khi mô mà vượt bbbb luôn ad MÀY - TP + đồng_ý
2608,xem có cái MV mà_còn được đi vòng quay thế_giới nữa: ) ) ) )
2609,Mai_mốt ra đường câu cửa_miệng. Chúng_ta không thuoc về nhau. Cứ chửi tùng đi. Tùng đã TIẾNG VÀ TIỀN. Tùng thành_công. Chiến_lược của tùng đó anti đã mắc bẫy. Đúng là ANTI... Chúng_ta không thuộc về nhau
2610,"AE tắt chế_độ "" Tự_động phát tiếp "" đi nhé, click trái vào MV bật vòng lặp,. Không cái MV chùa Bống bống bang bang được tăng lượt xem lây.. EM ấy lên 50M rồi đấy!!"
2611,Chị Pu ơi kệ họ đi chị Ai anti kệ cmn đi Mình chân_chính được rồi :cơ: :cơ: :cơ: :cơ: :cơ: :cơ: ☆ ☆ ☆ ☆ :cơ:0 :cơ:1
2612,Tôi thấy hay mà mặc_dù tôi không phải fan Chi_Pu mà tôi là fan TÔI - Ara.
2613,Chúng_Ta Của Hiện_Tại vẫn thuộc về nhau nhé Tùng. 30 / 4 / 2021
2614,Mv màu_sắc không tươi_đẹp. Chi pu bận đồ quá xấu tuy giai_điệu và bài hát cũng hay nhưng nhìn Mv rất chán phong_cảnh không đẹp nữa
2615,"các bạn ạ, cái các bạn nhìn là 1 sp debut của CP với vai_trò ms là ca_sĩ, đó là sự khởi_đầu mà đâu phải khởi_đầu đã là hoàn_hảo, là tốt, là đẹp. Điều quan_trọng mà các bạn nhìn thấy là 1 CP đầy gan_góc và trưởng_thành, dám đương_đầu với khó_khăn và dám thử sức trên con đường mình chọn. Cô ấy có quyền đưa ra những sp âm_nhạc dành cho fan - những người luôn bên cạnh ủng_hộ cô ấy, không dành cho những người chỉ biết cào phím bảo cô ấy đừng làm bất_kì thứ gì. Ở tuổi của CP có bao người đã thành_công như cô ấy, hay chỉ nhìn thấy thất_bại là bỏ_cuộc, hay không dám thử sức với đam_mê của mình. Slogan của CP: "" Từ nay hãy gọi tôi là ca_sĩ "" và lời bài hát đối_với tôi đó là sự truyền_cảm hứng cho giới trẻ hãy vứt hết buồn_phiền lại đằng sau và tiếp_tục chinh_phục con đường mình đã chọn. TÔI yêu_quý CP cũng vì cô ấy luôn_luôn truyền nhiệt_huyết cho giới trẻ bởi sự nỗ_lực không ngừng_nghỉ, mỗi lần buồn tôi lại nghe những lời tâm_sự của CP về quãng thời_gian cô chập_chững bước vào nghề và quyết_định sống với nghề bằng cả trái_tim. Nhưng từ hôm_qua tôi khá bức_xúc với những bình_luận khá tiêu_cực mà có_lẽ họ đã gạt bỏ những nỗ_lực của CP, họ phải hiểu rằng đằng sau MV ấy Chi phải tập_luyện kinh_khủng như_thế_nào, đằng sau dáng người nhỏ_bé đó phải gồng_gánh những lưỡi găm từ dư_luận như_thế_nào: ( ( ( Vậy xin đừng bắt Chi phải ngừng làm gì cả, HÃY ĐỂ CHI LUÔN SỐNG ĐÚNG VỚI ĐAM_MÊ CỦA MÌNH < 3 < 3 < 3 CHI ƠI EM TIN CHỊ SẼ LÀM ĐƯỢC, EM TÔN_TRỌNG CON ĐƯỜNG CHỊ CHỌN, HÃY LẤY NHỮNG LỜI CHÊ_BAI LÀM ĐỘNG_LỰC BƯỚC TIẾP NHÉ CHỊ - NGƯỜI TRUYỀN_CẢM HỨNG CHO EM < 3 < 3 < 3 < 3 yêu chị < 3"
2616,Mình hoàn_toàn ủng_hộ Chi_Pu :trái_tim_đỏ: Nhắc đến Chi_Pu mọi người luôn nghĩ đến một hotgirl xinh_đẹp. Nhưng không dừng lại ở đó Chi_Pu đã nỗ_lực hết_mình để mọi người không_chỉ biết đến vai_trò là một hotgirl mà_còn là một cô ca_sĩ có một niềm nghị_lực lớn. Vậy nên đừng có xem_xét một người có ý_chí như Chi_Pu mà hãy xem những người luôn có lòng đố_kỵ
2617,"Adele đã tưng nói "" Tôi là ca_sĩ, không phải là người_mẫu. Tôi thà nặng cả tạ và làm ra album lay_động lòng người còn hơn mình dây cây_cảnh mà làm ra album không đáng một xu "" :cơ: ️ :cơ: ️ :cơ: ️"
2618,"Người có tài thường bị kẻ bất_tài ghét, bài phiêu lắm, nghe cả trăm lần không chán! Bỏ mặc tất_cả cố lên nhé ST!"
2619,"chipu không có khả_năng ca_hát, phải nói thật mình cũng rất thích chi nhưng sự_thật thì vẫn phải nói :khóc:"
2620,Nghe chị kamui với chị sim là em thành fan hai người này luôn
2621,HOàng_SA TRường_SA Là Của VIệt_NAM..... SơN_Tùng_MÀY. TÔI. P Là NGười VIệt_NAM
2622,Người Việt_Nam dễ bị theo hiệu_ứng đám đông và dễ bị dụ_dỗ. Không cả biết cái gì hay và cái gì dở. Việc dis thích này là 1 ví_dụ = )
2623,"Lần đầu trong đời, 1 video có không thích bằng 1 nửa lượt thích: ) ) ) ) ) ) Cái này gọi là ăn_ở nè: ) ) )"
2624,có ai qua We_Don ' tôi Talk_Anymore không thích gióng em chưa
2625,"Bài hát rất hay Rất phiêu, nghe cảm_giác lên mây Gao tùng ve ri gốt ^ ^"
2626,mình thấy nghe cũng ổn mà mọi người chế ghê vậy
2627,sammy vơi lai chi simmy vơi lai anh phông đep ghê
2628,ai cũng đẹp_trai xinh gái hết ngoài trừ cô ngân
2629,cái thằng_cha mày sơn tùng làm tôi gato chết mẹ à
2630,Cảm_ơn đã giúp bạn tôi bị liệt chân sau khi nghe bài này đã chủ_động đứng dậy tắt bài hát :cười_với_trái_tim:
2631,190 ngàn thích 130 ngàn không thích Ns chung ông này vẫn lời 60 ngàn: ) )
2632,phong can rap hay quá em là pan của anh ấy :cười_đỏ_má:
2633,"xếp_hạng bài hát ̷ giờ ̷ anh ̷ y ̷ ( dở nhất ) 2024, top đặc_biệt: PICKLEBALL"
2634,Sao cứ phải cãi nhau vì 1 thứ đã quá rõ_ràng nhỉ.
2635,Buồn bình_luận hoài mà Chi_Pu không trả_lời bùn
2636,Mình thấy nhạc hay với Chipu hát cũng được mà thế sao không thích gì mà nhiều vậy... có nhiều bài còn dở hơn thế_này mà không thích đâu có khủng thế ==
2637,"MV đẹp_mắt, riêng về bài hát, không biết hay không nhưng cài làm nhạc chuông mất rồi :hôn_gió: :hôn_gió: :hôn_gió:. Ai cứ chê còn mình cứ nghe."
2638,5 / 9 / 2017 ai còn nghe bài này của Sếp điểm_danh cái nàk :hôn_mỉm_cười: :hôn_mỉm_cười: :hôn_mỉm_cười:
2639,"chẳng ra cái thể_loại gì!!, vớ_va_vớ_vẩn."
2640,"Đây là quan_điểm cá_nhân của mình nhé. Thứ nhất, mình thấy giọng của Chipu không dở, nhưng nói đủ để trở_thành một ca_sĩ thì mình nghĩ chưa tới. Cả bài hát này và những bài trước, dù đã nghe nhiều lần nhưng mình vẫn không cảm được giọng hát của chị. Thứ 2, Chipu nói phấn_đấu trở_thành 1 nghệ_sĩ đa_năng, nhưng bên mảng diễn_xuất của chị, mình cảm_thấy cực_kì không thích tất_cả các vai chị đóng, ( mình không phải antifan ) vì mình cảm_thấy gượng_gạo, không tự_nhiên, cứ có cảm_giác giả_dối. Thứ 3, tất_nhiên Chipu làm MV là tiền của chị, khán_giả thích thì có_thể xem, ( xem free mà ), không thích thì_thôi, Chipu chỉ làm vì người hâm_mộ của mình. Nhưng thành_công của 1 Ca_Sĩ dựa trên sự yêu_mến của khán_giả, dựa trên những lượt xem, nghe Free ấy. Thứ 4. Muốn thử 1 điều gì đó thì là quyền của mỗi người, nhưng nên dựa vào kết_quả để tìm ra lối đi đúng_đắn, không nên mải_mê thử_nghiệm, bỏ_rơi thế mạnh của bản_thân, có_khi là thế mạnh duy_nhất. Và thứ 5, đi_lại trên con đường của người khác ( ST Mtp ) - bất_chấp phản_đối của dư_luận để thành_công là sai_lầm. Bởi tại_sao người ta chỉ nhớ tên người đầu_tiên đặt_chân lên mặt trăng mà không nhớ tên người thứ 2. Và cuối_cùng mình nhấn_mạnh đây là quan_điểm cá_nhân.: ' )"
2641,cảm_ơn bạn vì tôi bị tấc đit sau khi bật bài hát cứt tôi phụt hết ra ngoài
2642,có ai lâu_lâu cứ vào xem lượt xem tăng bao_nhiêu không = vậy
2643,chúng_ta không được táng nhau em cũng không được bán rau
2644,"Mv chất nhất Việt_nam, boy đẹp zai girls max xinh lượt xem nhảy như hack tống thằng này sang hàn đi, để ở việt_nam mấy bọn éo bằng nó gen ăn tức ở, soi_mói."
2645,Hehe... may ban noi chuyen ze dang dao nhac lam ak... mot ban nhac dua ra co ban quyen so huu day du... chu noi dao nhac la dao được dau....
2646,gần 2 triệu lượt xem chưa đầy 1 ngày ra_mắt @ - @
2647,s kẹt đâu? chất thiệt. Hãy làm như Sơn_Tường
2648,Cô Ngân và mèo Simmmy rap hay quá luôn :trái_tim_đỏ: ️ :trái_tim_đỏ: ️
2649,Xoá câu ca buồn chiều mưa Em lỡ xoá luôn yêu_thương ngày_xưa rồi Chúng_ta không thuộc về nhau.
2650,Em thick nghe dọng của chị sammy dễ_sợ ý
2651,Em là hokage của làng lươn_lẹo và làng game thủ giỏi nhất còn là hokage đệ_tứ của làng free fire
2652,nếu không có sơn tung mtp thì việt_nam bao_giờ mới thoát khỏi am nhạc ao là
2653,"Không phải là hay tuyệt_vời, cũng không phải là quá tệ. Nhưng em hiểu là vì thực_ra Chi_Pu là diễn_viên và đây là Official_MV đầu_tiên của chị. Bài nhạc không được bắt tai cho lắm nhưng nếu nghe nhiều lần thì cũng ổn. Em ủng_hộ chị và chúc chị thành_công :trái_tim_đỏ: ️"
2654,fan bao thy chuc_son tung som pha ki luc
2655,Thật là.... Tốt cái nào thì làm cái đó thôi. Cứ lấn_sân những cái không chuyên_môn thì là coi_thường những người làm nghề ca_sĩ quá.... Bản_thân tự nhận_thức được chứ. Bất_chấp quá vậy
2656,Cày cho lên TAB 1 thịnh_hành mọi người ơi
2657,Không bt sân nào cho anh Quí mượn quay nhỉ anh_em check hộ tôi với
2658,bọn anti mạnh thật.. gì cũng nói được.. chỉ xăm xoi ngta là giỏi.. muhaha... Fan ai bảo_vệ ngđó thôi
2659,nói thật là mình nghe hay mà mình thích bài này từ lần đầu nghe luôn với_lại giọng chị chi pu nghe được mà đâu có dở tới mức phải chửi_bới tùm_lum có nhiều ca_sĩ hát còn dở hơn sao không nói đi mình ủng_hộ chị chi pu :hôn_mỉm_cười: :hôn_mỉm_cười: :hôn_mỉm_cười: :hôn_mỉm_cười: :hôn_mỉm_cười: :hôn_mỉm_cười: :hôn_mỉm_cười:
2660,Nghe bắt tai mà sao lại lắm không thích vậy thương Chi
2661,chi pu đừng làm ca_sĩ thì sẽ hay hơn đấy. Đây là mv đầu_tiên mà chẳng hiểu ý_nghĩa là gì
2662,_son tungbac vua thoi ro rang ho quang hieu dep trai hon thi tu nhien_son tung chiem fan cua ho quang hieu._son tung ac
2663,Ae thích cố_gắng lên sắp đuổi kịp không thích ròi
2664,Lệ rơi phiên_bản cao_cấp. Chi pu đang gây bão cả nước bằng giọng hát thảm_hoạ
2665,fc Hoàng_Huy_Trần chúc_mừng mv Tùng. chúc Tùng luôn thành_công
2666,"Thật_sự là 1 màu quá anh ơi, không gì đặc_sắc. Sky đừng chửi: ) )"
2667,Nhanh thật đấy. Mới_đó đã nghỉ học 6 năm rồi
2668,bản cover we don ' tôi talk anymore hay nhất mình từng nghe
2669,ủng_hộ chị đầu_tư nghiêm_túc ( trên 5 tỉ đồng )
2670,gần 50tr lượt xem rồi anh tùng ơi ngưỡng_mộ anh quá :le_lưỡi_nhắm_mắt: :le_lưỡi_nhắm_mắt: :le_lưỡi_nhắm_mắt:
2671,Nghe nhạc này cảm_thấy mình là anh_chàng thư_dãn :cười_ra_nước_mắt:
2672,Sao mình thấy hay nhưng các bạn nói là không hay
2673,"Ờ thì cũng có giống đôi_chút, nhưng kệ. Không phải fan hay anti, thấy nhạc hay thì cứ nghe thôi.: )"
2674,"có ai rảnh không giải_thích giùm mình ý_nghĩa cái mv này với, hiểu chết liền á: )"
2675,thứ 7 chủ nhât. sky ơi chúng_ta cố_gắng nhé
2676,Hát chả ra cái thể_thống gì cả. Bài hát vớ_va_vớ_vẩn
2677,2 tuần hơn 40 triệu lượt xem. Mong là 2 tháng được 100 trời
2678,"Thật_sự thì MV rất đẹp_mắt và giai_điệu bài hát khá vui_tai nhưng về phần giọng hát thì có hơi... phô? Chị Chi hát được ấy, hay ấy nhưng theo mình thì vẫn cần phải luyện_tập và cố_gắng thêm! Bản_thân không phải fan nhạc Việt nhưng lại khá có cảm_tình với hotgirl Chi_Pu, vì_vậy cố lên nhé!"
2679,Nhờ ca_khúc này mà We_Don ' tôi Talk_Anymore nổi theo. lượt views tăng lên hẳn
2680,Cảm_ơn tác_giả. Nhờ tác_giả mà tôi đặt bài này làm báo_thức để dậy trước nó.
2681,MV đẹp đầu_tư công_phu nhưng chi cần phải luyện thêm giọng hát. Kết_hợp với hiệu_ứng thì hay cơ_mà nghe nó chả có cảm_xúc gì cả: ( ( Nó không có ấn_tượng gì hết hay để lại điểm nhấn gì hết. Nhưngg dù_sao vẫn ủng_hộ Chi
2682,"á đù 2 triệu rồi, hơn mv we don ' tôi talk anymore rồi nhé = ) )"
2683,Nghe thấy cũng bắt_tay mà s bị chửi nhiều thế nhỉ
2684,đúng là sơn tùng là phải có đẳng_cấp khác người
2685,"thề luôn, giọng thua cả linh ka xin đừng làm ca_sĩ thề đó. cái này đi diễn show chắc ông fan nó ném trứng với hoa_quả lên luôn thật.! Nghe như lồn"
2686,"Một_cách công_bằng, giọng hát của Chi vẫn yếu, và 3 năm rèn_luyện đó chưa đủ để tôi thành một chú chim hoạ_mi, nhưng nó không hẳn quá dở hay thảm_hoạ để đáng phải bị nhận về những chỉ_trích nặng_nề cho một sự_cố gắng. Bản_thân cô còn phải cố_gắng rất nhiều nếu muốn được công_nhận làm ca_sĩ. Trước khi debut, Chi_Pu cũng từng khoe giọng trong các ca_khúc nhạc phim do mình tự sản_xuất, hay thậm_chí là có phần trình_diễn ấn_tượng như một ca_sĩ chuyên_nghiệp tại lễ_hội âm_nhạc "" Viral_Fest_Asia 2016 "" với ca_khúc "" Fighting "". Và những ca_khúc này đều vẫn nhận được sự quan_tâm nhất_định. Điều đó chứng_tỏ, giọng hát của Chi không phải ở mức mở_miệng ra là người khác phải bịt tai, hay bị đánh_đồng với trường_hợp thảm_hoạ nào đó. Nhưng giữa hát không quá tệ cho đến hát đủ để trở_thành ca_sĩ, thì có_lẽ còn cần sự_cố gắng ở Chi rất nhiều sau_này. Và có hơi vội chăng, khi ở lần debut này, việc Chi áp lên mình tấm áo danh_xưng ca_sĩ còn quá rộng, cộng với việc chọn bài chưa thực_sự phù_hợp với mình đã dẫn đến một hiệu_ứng ngược. Lựa_chọn ca_khúc "" Từ Hôm_Nay – Feel_Thích_Ooh "" làm sản_phẩm debut của Chi_Pu rõ_ràng không phải là một quyết_định khôn_ngoan. Trừ việc ca_khúc này là sự kết_hợp với ê - kíp Hàn_Quốc có lợi cho hướng quảng_bá của Chi, còn lại, việc hát một bản_nhạc Hàn với nghệ_sĩ Việt là điều bất_lợi đã được minh_chứng từ rất nhiều ca_sĩ trước_đây. Ê - kíp Hàn đương_nhiên là có cả một bộ_máy vận_hành chuyên_nghiệp để đẩy những bản_nhạc Kpop trở_thành hit. Tuy_nhiên, thị_hiếu của khán_giả Hàn và khán_giả Việt khác nhau. Chưa kể nhà_sản_xuất Hàn không_thể thấu_hiểu thị_hiếu khán_giả Việt như những nhà_sản_xuất nước_nhà. Và chưa chắc những giai_điệu ấy khi khoác lời Việt đã nghe "" trôi tai "". Rõ_ràng, "" Từ Hôm_Nay – Feel_Thích_Ooh "" là một trường_hợp như_thế. Lẽ_ra, Chi_Pu nên chọn một nhà_sản_xuất tạo hit tại Việt_Nam kết_hợp cho lần ra_mắt, để lại dự_án hợp_tác cùng Hàn_Quốc ở những sản_phẩm tiếp_theo thì câu_chuyện có_thể đã khác."
2687,"Còn ai nghe không? Lạc trôi, NNCA 200M Tiến tới Chúng_ta không thuộc về nhau sẽ được 200M nhé. Fighting"
2688,Ngày này tháng sau mà không hơn 50tr lượt xem. Chặt đầu tôi đi
2689,cố lên nhé anh.. hay lắm.. đừng bận_tâm nhiu nhé.. anh hãy làm những điều anh thích thôi nhé
2690,Tôi phải trốn bạn_bè và gia_đình để nghe pickleball
2691,Thật_sự thì em nghĩ bài này không hợp với phong_cách cũng như giọng hát của chị :hắt_xì:
2692,Pu ơi đừng đam_mê nữa nhé = ) ) ) ) Nhạc thế_này thì đi karaoke thế_nào nhỉ = ) ) ) ) ) ) ) ) )
2693,Phía trước bây_giờ ai đang nắm chặt bàn_tay của em vậy
2694,"Chậm không công_bố là chờ chạy_án, nhưng chạy không được nên phải khởi_tố thôi"
2695,Cảm_ơn bài này đã trở_thành chuông báo_thức. Vì tôi sẽ dậy trước khi nó phát ra nhạc :tiệc: :tiệc:
2696,Lên top luôn Vãi_HoLy sHiT anti Bị cÀ_kHịA
2697,cho ai không biết thì pickleball là 1 bài hát chứ không phải là 1 màn tra_tấn như mọi người thường nghĩ
2698,"Tài_năng thì nên tạo 1 sản_phẩm mang thương_hiệu riêng mình. Chứ cứ đi mượn nhạc của người ta làm của riêng mình, thì tài_năng ở đâu?"
2699,i thích mình mình cày lên 200 triệu luọt xem!
2700,Mình biết tới chipu là một ca_sĩ qua bài tiểu_thư cá_tính và đến bây_giờ vẫn nghĩ chị ấy là ca_sĩ
2701,"Tôi rất ghét mấy đứa ghét ChI_PU ó, coi_chừng tôi"
2702,Mọi người quên bài này rùi à? Thi_thoảng vào ủng_hộ nhé
2703,"Lâu_lâu nghe lại, giờ thấy bài này hay nhất trong những bài hát của Sơn_Tùng. Nội_dung hay beat nhạc hay, ca_từ bắt tai nghe lâu chán. Trước_đây nói thật là không thích kiểu nhạc như này lắm nhưng sau khi nghe HTCA nghe lại bài này thì thấy bài hay_hay lắm luôn."
2704,""" Đến từ facebook, cảm_xúc của tôi là nó quá hay, không_thể diễn_tả được "" - hội người điếc đã nói"
2705,Nghe_nói MV rất nhiều không thích nên khi vào xem thử mình cũng không quên cho một không thích để mv có_thể lập kỷ_lục
2706,chúng_ta không luộc được rau hát wuài nghe chả hay tý nào :mặt_vô_cảm: :mặt_vô_cảm:
2707,đoạn rap bài này giống đoạn rap trong bài Fire của BTS nhờ
2708,50 triệu lượt xem trong vòng 1 tháng = ) ) ) anti nữa thì được gì đâu hả mấy bạn?
2709,Chuyên mượn Beat về dùng ta là: GAO TÙNG: )
2710,"Âm_nhạc thế_này không nổi là đúng rồi, ăn_mặc chả có tí gì nam_tính, ra sân lườm lườm, sà nẹo sà nẹo. KHÔNG có kinh_phí thì cũng tôn_trọng khán_giả xíu chứ. Bài hát vô_nghĩa, dở tệ"
2711,"vietsub bài we don ' tôi talk anymore mà mấy mà, đoạn rap trích của fire thêm vietsub thôi mà"
2712,GAY BỆNH_HOẠN PHÁ HỎNG CÁI BỘ_MÔN NÀY CÒN ĐI LÀM NHẠC
2713,"1 ngày không pit nghe bạn lấn luôn, nghe mà không pit chan luon"
2714,Mình thấy bài này cũng hay mà. Khúc rap dỡ thôi. Có_điều chẳng khác gì vietsub của we don ' tôi talk anymore: ) ) ) ) ) ) ) ) ) ) nghe nhạc và xem mv được 1 lần. Nhạc hay đó chứ.
2715,TÔI - Gaming: Trong game on top là TÔI - Gaming! ( ooh ) Đăng lên Youtube la len Trending ( ooh ) Mỗi lần so tài đều happy ending ( ooh ) Dù là đấu game hay_là đọ streaming! ( ooh )
2716,Sau khi tôi nghe xong bài Việt_Nam mới_tinh thì tôi cảm_thấy bài này hay gấp mấy lần bài đó. :người_ngoài_hành_tinh: :người_ngoài_hành_tinh: :tượng_đá_moai:
2717,"Yêu_Chi_Pu. Chi_Pu cố lên nhé. Mình 22 tuổi. Chưa là fan của ai. Nhưng thấy Chi xinh, nghị_lực, nghiêm_túc, sống đàng_hoàng. Tại_sao phải chịu áp_lực như_vậy???? Mong Chi vượt qua. Đừng để_ý dư_luận. Cố_gắng luyện_tập. Chi nhé. Yêu_Chi."
2718,Chị ơi cố lên... em thấy chị đã thật nghiêm_túc làm ra sản_phẩm này rồi... đất_nước này luôn thế_mà ghanh đua nhau :thư_giãn: :thư_giãn: :thư_giãn: nếu chị thực_sự có đam_mê chị hãy trở_thành người đầu_tiên làm điều đó ở VIỆT_NAM này nhé! Chúc chị thành_công
2719,Chúng_ta không thuộc về được 4 năm rồi nhanh thật :trái_tim_đỏ: ️
2720,không có sơn tùng chắc nhạc việt không bây_giờ phát_triển được
2721,Có link mp3 không tôi cài làm báo_thức thì tuyệt
2722,Mv của chipu ra :cười_đỏ_má: :mắt_trái_tim: đó lanniêfm đam_mê của chipu :cười_đỏ_má: :mặt_thiên_thần: chúc ta phải xây_đắp thêm chứ đừng vùi_dập như_vậy :hôn_gió: :mắt_trái_tim: :mặt_thiên_thần: mãi yêu pu :hôn_gió: :cười_đỏ_má: thích cho lên hàng_đầu ik các bạn cho anti đọc và hiểu :cười_đỏ_má:
2723,nghe bài này đánh LOL hay vãi luôn... toàn win ^ _ ^ 30. 070. 611
2724,"Đi thi RAP VIỆT hết đi bao đậu luôn, Rap hay quá"
2725,Hãy nghe nhạc và cảm_nhận. Âm_nhạc là để nghe chứ không phải để tranh_cãi. Pls
2726,nghe hay phết: VẬY nhưng vì lí_do gì đo càng nghe càng khó_chịu ; _ ;
2727,Đêm nay 1tr nữa là ngày_mai ăn_mừng 100tr nhé cả nhà!!!???
2728,anh Gao_Bạc ngầu qúa đúng là thần_tượng của em
2729,"thực_sự xem MV của Tùng cũng rất hay, nét ban_đầu hơi giống Sehun của EXO nhỉ, nhưng xem hết MV rồi đến 3: 20 thấy Tùng phá bàn ấy, oimeoi sao giống MONSTER của EXO vậy??? 3: 27 cũng vậy, quá chi là.................... xem xong nản luôn"
2730,bài này rất hay khi tắt màn_hình và loa! :đầu_lâu:
2731,":bó_hoa: 100 000 00 lượt xem rồi Sky ơi, say oh yeah!! :bó_hoa: :bó_hoa:"
2732,"Chipu chỉ cần ở yên đấy và đẹp thôi, không cần làm gì thêm đâu: ) )"
2733,Dở bỏ_mẹ Looool không biết Chipu có nghe lại giọng hát của bản_thân hay không Nếu đã nghe lại rồi mà hài_lòng thì.... Vừa hát dở mà thẩm_mỹ âm_nhạc còn tệ nữa :cười_ra_nước_mắt: :cười_ra_nước_mắt: :cười_ra_nước_mắt:
2734,"Không ghét gì Chipu nhưng thực_sự chi không hợp với nghề ca_sĩ, làm diễn_viên cũng dở tệ, giả_tạo sao sao ấy, còn làm MC thì vấp... tốt nhất chi chỉ nên làm người_mẫu ảnh... vậy là tốt nhất: ) )"
2735,Mình thấy hay mà.. sao mọi người cứ chê thế nhỷ?
2736,có ai hiểu cách tính lượt xem không nhỉ? mình không rõ lắm.
2737,"Toàn mấy thanh_niên hùa không thích theo phong_trào, tôi thấy cũng hay mà :mặt_chán: :mặt_chán: :nháy_mắt:"
2738,nếu diddy chơi pickleball thì bài hát hết sáo_rỗng
2739,Chị Ngân ơi chị đừng có giỏi chị simmy hồi chị simmy khóc một cái đó là chị Sammy cầm mã đấu viết chị đó
2740,Riêng tôi đã ủng_hộ video này phải tính hàng trăm lần rùi ý..
2741,Sơn_Tùng 1000 % đã có nút kim_cương rồi tại vì sao vì Sơn_Tùng có 574 NGƯỜI thích rùi
2742,mấy bạn anti kì_thật đã không thích người ta thì nghe nhạc của người ta làm_gì
2743,kệ mẹ chúng_mày không thích bố cứ nghe và cứ bị nghiền...... không thích nhiều lên nhá antifan
2744,Lượt lượt xem nhiều hơn cả WDTN Sơn_Tùng gây bão thiệt rồi
2745,chời ơi em lạy chứ có ai ra cái mv mà 466k likes mà tận 255k dislikes không? = ) ) ) ) ) chỉ có Tùng thôi ạkkk = ) ) ) ) hjhj ' ss à quên mất sky ' ss ơi đừng manh_động với cmt của iêm ' ss nkeee ' ss chụt chụt :hôn_gió: :hôn_gió:
2746,"Đăng_MV lên cho mọi người coi là để góp_ý_kiến, ai khen ai chê đều là cỗ vũ và góp_ý_kiến. Mong rằng bài sau sẽ hay hơn."
2747,thật_ra cũng không muốn soi nhưng đoạn rap nghe như của Rap_Monster trong Fire của BTS
2748,"bài này thật_sự đã giúp cộng_đồng mạng Việt_Nam quên đi thick of it, KSI nợ bạn này 1 cú sút vỡ alo"
2749,đừng có để tên là rap nhục_nhã cộng_đồng under lắm
2750,Đây sẽ là mv có lượng không thích nhiều nhất VIỆT_NAM: 3
2751,"tôi bị liệt 2 tay, từ khi tôi nghe nhạc của phree phire tay của tôi đã khoẻ và tay tôi đã tự đấm vào màng hình chân_thành cảm_ơn phree phire"
2752,"ủng_hộ Sơn_Tùng, hiện bây_giờ "" Chúng_ta không thuộc về nhau "" Đang đứng top 1, cảm_thấy tự_hào về Việt_Nam: ) )"
2753,"Nghe xong cảm_thấy CS vui_tươi hơn í, cả fighting fighting nữa :cười_đỏ_má: :trái_tim_tím: :trái_tim_tím: :trái_tim_tím: :trái_tim_tím: :trái_tim_tím: :trái_tim_tím: :trái_tim_tím: :trái_tim_tím: :trái_tim_tím: :trái_tim_tím:0 :trái_tim_tím:1 Ra thêm sp nữa nhé chị"
2754,1triệu thích và 200 triệu lượt xem cần ae Lập ít Nik nữa
2755,"MV mình thấy cũng tạm ổn, hi_vọng thời_gian tới chị sẽ trưởng_thành hơn trong giọng hát và tư_duy âm_nhạc.... Qua_MV này mình thấy mai_kia thôi ChiPu sẽ là thế_hệ ca_sĩ tiếp_tục nhiều triển_vọng # teamNoo chúc_mừng MV ms của chị"
2756,nhạc hay qua anh tùng ơi!!! bị nhiện bài này rồi: )
2757,Mv đẹp nhưng lời bài hát hơi nhảm. Giọng chi cũng chưa có gì đặc_biệt lắm. Nhưng ủng_hộ chi nhé
2758,Ai thấy lúc 1: 26 giống Mỹ Duyên trong the facebook không
2759,"EXO - L, ANH. RỒI. MÀY. Y với VẬY. I. P có đồng_minh Bộ_đồ của Kai_Rap giống Fire_BTS_Còn_VẬY. I. P thì tự hiểu Tôi là fan của cả bố nhóm Và của anh Tùng nữa Tính sao đây :khóc: :khóc: :khóc:"
2760,치푸_ㅋㅋㅋㅋㅋ tính xâm_lược Kpop à = ) ) ) ) ) ) hát tệ diễn dở đạo_diễn thì thôi rồi = ) ) ) ) ) dẹp
2761,đúng là chỉ có ở VIỆT_NAM tài_năng thì bị vùi_dập
2762,"Mặt chỉ hợp làm mẫu ảnh, lấn sang đủ các thể_loại mà chẳng cái gì nổi_bật và ra_hồn. Bao năm luyện_tập mà diễn thì 100 cảnh đơ cả 100, thoại như trả_bài. Làm MC mà khiến người ta nghỉ coi chương_trình vì dẫn quá dở. Giờ lại ca_hát, giọng thì đớt, hát thì yếu. Bạn này coi nghệ_thuật là thứ để chơi_đùa và kiếm tiền hay coi_thường mắt nhìn tai nghe khán_giả? Làm_ơn cố mà tốt ở một_mặt đi rồi hãy tham_lam. Tham_lam quá rồi vẫn chỉ nhàng_nhàng mang danh hot girl"
2763,Nhạc dễ gây nghiện.. Lời càng nghe càng hay.. 1like cho cp
2764,thất_tình vào nghe bài này là lựa_chọn quá_ư là đúng đắng
2765,Hát sai rồi pít cà phon mới đúng chứ pít cà phôn :há_hốc: :cười_ra_nước_mắt: :cười_ra_nước_mắt: :trái_tim_đỏ:
2766,* Fan * _ T - Ara _ * chúc Tùng thành_công!! * - kệ bọn anti đi: ) ) Sky oh yeh - Happy_MÀY - TP
2767,"Mv coi được mà, sao mấy mẹ không thích theo phong_trào vậy: ) )"
2768,"mình không ghét sơn tùng, nhưng ghét mất bọn CĐK & LTB"
2769,"Tôi bị táo_bón mạn_tính, từ khi nghe được bài này tôi ỉa_chảy mịa luôn"
2770,toàn là mấy thứ GATO: ) ) không phải FAN ST nhưng thấy hay mà
2771,mình nghĩ bạn không đi theo con đường ca_sĩ được. nếu hát chưa xuất_sắc thì nhất_định phải có 1 bài hát hay
2772,Chị sim thì dễ_thương còn chị sam thì ngầu nói_chung ai cũng ngầu hết
2773,Tem hero ban ga vai l một minh co ngan chấp ma con rạp dol
2774,Nhìn Cô Ngân xinh quá chắc đội stremer thắng rùi hero tuổi gì: ) ) ) ) )
2775,lúc đầu như bài we don ' tôi talk anymore vậy: ) ) haizzzzzzzzzzzzzzzx
2776,Ủa?? Gửi tới một_số bạn chê bài nhạc phim “ Titanic ” - Thứ nhất: bài đó không phải tên là Titanic mà là “ My heart will go on ” - Thứ hai: bài đó hay và ý_nghĩa mà? Sao lại gọi là thảm_hoạ được???
2777,"mọi người chửi kinh quá, thấy tội CP ghê, hát không hay chứ có vi_phạm đạo_đức gì đâu. góp_ý là được rồi, lgi chửi gớm quá. là mình chắc mình buồn lắm lắm, bị chê đã buồn rồi"
2778,"Chi hát cũng được tại cái lời bài hát hay sao khó nge quá, tôi đã cố_gắng nge hết bài"
2779,Bật phụ_đề tiếng anh lên: ) ) sẽ có_điều đặc_biệt: ) )
2780,"Nhìn Chi_Pu cũng dễ_thương xinh_đẹp, hát cũng hay mà..... mv này cũng hay lắm chứ... chị hãy ra nhiều mv hay nữa nhé chị"
2781,cả bài mỗi câu * Chúng_ta không thuộc về nhau *: ( (: ) )
2782,Em chao chi sam mi đao em la qam cua chi anh :trái_đất_châu_phi: :trái_đất_châu_mỹ: :che_miệng_cười: :mắt_ngôi_sao: :mặt_thiên_thần: :áo_blouse: :kính_bảo_hộ: 🇲 🇦 🇲 :trái_đất_châu_mỹ:0 :trái_đất_châu_mỹ:1 :trái_đất_châu_mỹ:2 :trái_đất_châu_mỹ:3 :trái_đất_châu_mỹ:4 :trái_đất_châu_mỹ:5 :trái_đất_châu_mỹ:6
2783,Sao mấy bạn khoái soi_mói quá vậy? rảnh quá không có việc gì làm hả!!!
2784,Wow sếp hát we don ' tôi talk anymore hay quá < 3
2785,"Wow, thật tuyệt_vời, hôm_qua tôi mở bài này lên cho cả lớp tôi nghe kết_quả là hôm_nay tới lớp, tôi gọi bọn bạn tôi thì chúng_nó bảo "" trống vào lớp rồi "" trong khi đó tôi hỏi là "" có bút_bi xanh không "" = ) ) )"
2786,Được_cái giai_điệu hay. Còn lời ki hiểu lắm
2787,em bị ỉa_chảy bữa giờ cảm_ơn anh nhiều lắm :mắt_trái_tim: :mắt_trái_tim: :mắt_trái_tim:
2788,Giải: - Chúng_ta không thuộc về nhau: hơn 52. 381. 660 lượt xem - We_Don ' tôi Talk_Anymore: 113. 801. 898 lượt xem Đáp_số: kết_quả xứng_đáng
2789,tài_năng quá rồi.... thấy nhiều trẻ trâu soi_mói nhỉ... ghét thì xem làm cờ cờ gì mà ẳng bậy
2790,"Ai từ "" Việt_Nam Mới_Tinh "" sang lại đây điểm_danh"
2791,"Mình thấy bài này theo phong_cách Kpop và chất giọng chị phù_hợp với bài hát nêb nghe rất truất. Các pupu à, chúng_tôi hãy cùng cày lượt xem và thích vượt không thích nhé. Mãi yêu Chi_Pu dù mọi người nói gì. I love Song and Chi_Pu"
2792,Tôi sẽ liên_hệ cho FBI đến và nghe cùng tôi
2793,"TÔI thầy mà. Saomn kêu không hay????, mọi người bị điên à??"
2794,dù là người việt_nam với nhau mà tôi không hiểu nó hát bài này về cái gì
2795,Chị đừng hát nữa chị ơi hãy để cho thế_giới này được bình_yên chị có biết là chị hát dỡ tệ đến mức nào không còn định ra 1 tháng 1bài nữa chứ ôi hãy để cho người ta sống với hương tràm nói đúng chị không nên hát đâu mv gì đâu mà dỡ tệ thấy gớm nghe một lần là tởn tới già lời bài hát chẳng có gì hay mà_còn người chê nhiều hơn người khen nữa chị hãy nên trở_lại như trước đừng làm ca_sĩ nữa con đường này không phù_hợp với chị đâu nghề chọn mình chứ mình không có chọn nghề nghe chị
2796,Nhạc việt nhưng vẫn phải bật phụ_đề vì không nghe được chữ nào
2797,chả ra gì cả bài hát mỗi câu chúng_ta không thuộc về nhau là thế éo lào
2798,Holy shit 2 ngày 8tr lượt xem... vãi cả linh_hồn....!
2799,"EM ỦNG_HỘ CHỊ, TIẾP_TỤC THAY_ĐỔI ĐỂ RA NHIỀU MV HAY HƠN_NỮA NHÉ CHỊ. EM YÊU CHỊ, YÊU CẢ SỰ CAN_ĐẢM, DÁM LÀM ĐIỀU MÌNH YÊU THÍCH Ạ :trái_tim_lấp_lánh: :trái_tim_lấp_lánh: :trái_tim_lấp_lánh: :trái_tim_lấp_lánh: :trái_tim_lấp_lánh: :trái_tim_lấp_lánh: :trái_tim_lấp_lánh: :trái_tim_lấp_lánh: :trái_tim_lấp_lánh: :trái_tim_lấp_lánh: :trái_tim_lấp_lánh:0 :trái_tim_lấp_lánh:1 :trái_tim_lấp_lánh:2 :trái_tim_lấp_lánh:3 :trái_tim_lấp_lánh:4 :trái_tim_lấp_lánh:5 :trái_tim_lấp_lánh:6 :trái_tim_lấp_lánh:7 :trái_tim_lấp_lánh:8 :trái_tim_lấp_lánh:9 :trái_tim_lấp_lánh:0 :trái_tim_lấp_lánh:1 :trái_tim_lấp_lánh:2 :trái_tim_lấp_lánh:3 :trái_tim_lấp_lánh:4 :trái_tim_lấp_lánh:5 :trái_tim_lấp_lánh:6 :trái_tim_lấp_lánh:7 :trái_tim_lấp_lánh:8 :trái_tim_lấp_lánh:9 :trái_tim_lấp_lánh:0 :trái_tim_lấp_lánh:1 :trái_tim_lấp_lánh:2 :trái_tim_lấp_lánh:3 :trái_tim_lấp_lánh:4 :trái_tim_lấp_lánh:5 :trái_tim_lấp_lánh:6 :trái_tim_lấp_lánh:7 :trái_tim_lấp_lánh:8"
2800,fan siu nhân gao xin chúc ST lun thành_công: vậy
2801,Chị sam và anh phong hát hay quá cho chị sam mi và anh phong hai :trái_tim_đỏ: ️ :trái_tim_đỏ: ️ nè yêu Anh_chị rất nhiều
2802,bao_giờ thì ca_sĩ việt_nam mới nổi được khi bị chính người việt_nam dìm xuống nhỉ: ( (
2803,chả hiểu sao cứ nghe nhạc của chi là lại thấy vui vui
2804,22h 17 / 12 / 2020 trước thềm sếp ra bài mới / hóng quá...
2805,Chị vẫn nên làm người_mẫu ảnh thì hơn. Thật đấy. Cố_gắng trong khả_năng của mình thôi. MV mà hát thế_này thì không biết đến lúc hát live sẽ kinh_khủng ntn nữa
2806,nghe bài này xong tôi thấy tôi hợp làm meo meo di 97 hơn
2807,Ráng không thích nhiều lên mọi người. Chúng_ta không thuộc về nhau x 3... Thích we used to do
2808,"Hoàn_toàn thích bài này, nhạc khá ổn nhưng phần house nghe vẫn bình_thường quá: 3"
2809,thực_sự rất muốn thích nhưng không_thể. buồn quá.
2810,Nghe nhạc Sơn_Tùng_Mtp nó có một điểm gì đó không_thể ngừng nghe được
2811,mìh cũg xin góp 1 không thích để góp_phần ủg hộ mv ngày càg đi lên :cười_híp_mắt:
2812,Mà anh phong ga lăn quá đứng ở đây không ai được đụng đến chị sammy luôn ước gì em có anh ny như_vậy
2813,theo phong_cách Hàn nhiều hơn... mình rất thích phong_cách này của CHIPU cố lên CHI PU
2814,Nghe xong ẻ trôi hẳn cảm_ơn_tác giải đã sáng_tác ra bài hát dúp tôi đi với đỡ bị tắc đích: ) )
2815,Gõ_Chữ_TÔI zô youtube nó hiện ra từ hôm này: ) )
2816,"Anh Quí hát hay lắm, mong anh sẽ ra thêm nhiều sản_phẩm nữa trong tương_lai"
2817,con trai tôi 5 tuổi hát và nhảy theo điên_cuồng
2818,"we don ' tôi talk anymore một ca_khúc nước_ngoài ra từ lâu rồi, ở nơi mà nền âm_nhạc được cả thế_giới biết mà giờ chưa được 800N lượt xem. còn CHÚNG_TA KHÔNG THUỘC VÊ NHAU của sếp tùng là nhạc việt, ca_khúc mới ra_mắt chưa được 14h mà đã được 600N lượt xem. Qúa tuyệt_vời. Yêu sếp, Yêu_SKY"
2819,"Mình hay ngồi cả giờ đi WC khiến người_nhà khó_chịu vì cứ lướt nội_dung suốt. Từ ngày xem bài này mình cầm điện_thoại vào nghe mấy phút đã đi tuồn_tuột sạch ruột. Cảm_ơn tác_giả đã ra một bài hát quá trị_liệu, nhưng hay thì chưa :mặt_lộn_ngược: :mặt_lộn_ngược: :mặt_lộn_ngược:"
2820,Nghe bài này sông thì thằng bạn tôi bị điếc đã đứng dạy đi tắc nhạc và nó đã đấm tôi không chừa phát nào
2821,"Khi mở bài hát, chị của em bị liệt toàn_thân đã có_thể đứng dậy và tắt bài hát"
2822,"Những người chửi anh Quí và bài Pickle_Ball đều không biết gì về "" rác """
2823,RỒI vài ngày ts sẽ có bài báo hotgirl Chipu lấn sang ca_hát dùng không thích để nổi_tiếng
2824,Bài này hay lắm. theo tôi thì nhạc có đôi_chút giống nhau thì không sao cà. cố lên MÀY - tp
2825,Wowwwwwww! 100m views rồi không uổq công mình cày ngày_đêm: ) ) ) )
2826,Anh Rô rap hay quá........ nhưng_mà là anh Rôbe
2827,"Niềm tin đã mark, giọt nước mark cuốn kí_ức em chìm saw"
2828,"pick up your bạn * ll là cái đách gì vậy anh ơi, anh?"
2829,toàn lũ rảnh_rỗi ngồi chê này chê nọ có cái nghe là được rồi còn lắm_chuyện bình_luận này_nọ đúng là trâu buộc ghét trâu ăn
2830,Nhạc_Tùng nghe không bt chán là dì luôn í.... đỉnh thật
2831,bài này giai_điệu hơi giống với we don ' tôi talk anymore thì phải
2832,phong_cách này giống hàn nè mọi người mình thích chipu chết mất
2833,giai_điệu ổn nhạc ổn nhìn cũng được còn mấy người chê người ta á làm được như người ta chưa mà ns như đúng rồi!!! không phải fan của Chi_Pu đâu tôi là fan HT nhưng có cần chê người ta thế không!! ns nghe nè: làm được như người ta đy rồi ns :ok: :ok: :ok: :ok: ok đừng có hùa theo như 1 con dog nhé!!
2834,"hôm_nay vào xem lượt không thích, thấy hơn 169. 000 lượt mà zui dể sợ. Có thánh nà giống em hơm = ] ]"
2835,sang bên we don ' tôi talk anymore bình_luận vui đê ae
2836,trời_ơi đăng cùng thời_điểm we don ' tôi talk anymore 1tr7.. chúng_ta không thuộc về nhau 2 triệu. thật không_thể ca_sĩ việt_nam lại canh tranh được với ca_sĩ âu mĩ /
2837,"lúc đầu anh kêu em ĐỪNG VỀ TRỄ, nhưng em không nghe. Bỗng một_chiều CƠN MƯA NGANG QUA anh và em BUÔNG ĐÔI TAY NHAU RA, bởi CHÚNG_TA KHÔNG THUỘC VỀ NHAU, từ đó anh LẠC TRÔI vì nhớ EM CỦA NGÀY HÔM_QUA! anh rút ra bài_học: em KHÔNG PHẢI DẠNG VỪA ĐÂU"
2838,Em vẫn đang xem anh và đợi anh ra bài mới
2839,sao mấy bác cứ thích không thích thế nhỉ. không thích thì có_thể bỏ_qua. như em nè. bấm thích hẳn 2 lần. rồi bấm không thích 1 lần. vậy là lời hẳn 1 thích luôn.
2840,Bảy người he rô hát rất hây chờ Timmy mi ra :nôn: :nôn:
2841,Đâu đến_nỗi tệ mà làm lắm không thích vậy ta.
2842,"Beat rất hay nhưng lời bài hát thì tầm_thường quá. Và giờ phải định_nghĩa lại khái_niệm "" ca_sĩ "" thôi = ) ) ) ) )"
2843,một_số thím trẻ trâu trước giờ còn chưa nghe we don ' tôi talk anymore nữa là. thấy người khác nói giống mới seach trên google nghe vào hôm_qua rồi tự_xưng là fan này_nọ. chủ_nhân ca_khúc we don ' tôi talk anymore chưa nói gì mà mấy thím fan ngang hong mới nghe hôm_qua đã nhảy đong đỏng lên như nước sôi đổ vào quần. cái này trong dân_gian người ta gọi là sạo L đấy mấy thím ạ
2844,Nhớ lúc mới ra tôi với bồ tôi còn nằm với nhau vừa nghe vừa xem thấy hay_hay giờ chia_tay rồi coi lại thấy ghét quá hay bấm diss nhỉ. Kkkk
2845,Sky cố 2 ngày 1 triệu wiew thì 11 ngày nữa là được 80 triệu wiew!!!
2846,có ai thấy chipu giống Lee troq phim Tình_yêu không có lỗi lỗi ở bạn thân của thái không? mìk thấy có nét rất giốq nè. có ai cùq í kiến thích cho mình pk nhé.
2847,Cái thời tôi chơi ff chắc mấy bọn này còn chưa biết đến ff nửa :lăn_ra_cười:
2848,Triple_D làm Producer bài này có khác. good job
2849,+ + + + + con cá_mập + + + + + chúng_ta phải cắn cáp_quang chúng_ta muốn ăn cáp_quang chúng_ta phải phá cáp_quang chúng_ta phá lắc mạng cáp ô ồ.......
2850,Sơn_Tùng là cái thằng chế bài của người ta!!!
2851,Hay hơn khối ca_sỹ trường_lớp. Cá_nhân tôi rất thích em. Cố lên cô gái!
2852,tôi van chua dinh ngia được sky với antifan la gì
2853,bỏ_qua tất_cả... đây là 1 bài hát rất hay...
2854,"Phân_tích "" Chúng_ta không thuộc về nhau "" ‪ # ‎ ST _ MTP ‬ - Beat giống We don ' tôi talk anymore :ok: - Cảnh đẩy vào bồn sữa giống Eureka của Zico :ok: - Cảnh trên đường_ray giống BIGBANG :ok: - Cảnh nằm trên đường_ray giống Sehun trong Love_Me_Right :ok: - Hình_ảnh nguyên 1 dải bàn tiệc trắng như MV Monster của EXO :ok: - Áo blouse trắng thì như Baekhyun trong Unfair :ok: - Cảnh phun khói giống Why của Taeyeon & Sober của BIGBANG :ok: - Phân khúc rap thì bê nguyên phần rap của Rap_Monster trong Fire của BTS vào ‎0 - Tạo_hình nhân_vật tôi cứ liên_tưởng tới TÔI. KHÔNG. P trong Loser ‎1 - Phần dance đội_hình như Cause I_Love_You của Noo ‎2 - Nhảy_Background toàn chữ giống One of anh Kind - GD UPDATE ‎3 - Cái đôi giày màu xanh giống của Taeyeon trong Why dance ver ‎4 - Đoạn đầu MV cảnh lắp búp_bê giống mv Turn me on của Nicki ‎5 - Màu_MV giống That_XX ‎6 - Màn nilong giống MV của Bastaz ‎7 - Xăm tay giống Taeil của Block_BẠN ‎8 - Xăm cổ hình_như là giống Sehun nhỉ ‎9 - Tóc và turban giống TaeYong của NCT 127 ‬0 - Bộ trắng áo trong xanh giống Kai trong Call_Me_Baby ‬1"
2855,Mình nghĩ là thằng Sơn_Tùng này FA quá nên là tạo ra một robot để nó làm_bạn gái nó luôn ( Mỗi_tội là robot nó cũng không thèm yêu ) ( đừng chửi mình nhé )
2856,đáng_lẽ 2tháng là 100. 000. 000 triu chứ. Sky bị làm_sao thế cố lên
2857,1 tháng có lập được kỷ_lục 50 triệu lượt xem không nhỉ?
2858,bay gio toi không tin bat cu thu gi bo vao mom nua rồi
2859,EM ủng_hộ chị cố lên chị ơi hay mà chị :mắt_trái_tim: :mắt_trái_tim: :mắt_trái_tim: :mắt_trái_tim: :mắt_trái_tim: hay lắm ạ bị nghiện rồi ạ
2860,YÊU CHỊ HÀ THẢO LINH YÊU CHỊ MÈO SIMMY YÊU HERO TEAM YÊU CHỊ SAMMY YÊU TẤT_CẢ MỌI NGƯỜI_YÊU TẤT_CẢ CÁC BẠN ĐANG ĐỌC COMMENT NÀY
2861,Bài này mà được ra_mắt vào 2019 thì Corona virus cũng chỉ là cái tên
2862,"chả có gì đạc sắc nghe thấy môic cái câu "" chúng_ta không thuộc về nhau "" khoảng 30 lần thấy ớn!"
2863,OMG thế_này mà gọi là ca_sĩ cái zề. Mấy người bán kẹo kéo còn hát hay hơn
2864,MỚI_đầu vô coi thấy bình ̀ thường lúc sao thấy hơi nghiện rồi oây: vvvv
2865,":mặt_ranh_mãnh: :mặt_ranh_mãnh: :mặt_ranh_mãnh: :mặt_ranh_mãnh: đạo: ) ) Cái hiệu_ứng y_chang red velvet, phần offit sau giống SNSD. Mây hồng của katy.... Nhạc của??? Coá tara trong đâyy nữa. Khinh"
2866,Được_cái đẹp. Còn hát thua tau nữa. Có bộ tau đẹp cũng làm con_mẹ nó ca_sĩ
2867,Chị không làm ca_sĩ được đâu. Về nhà đi chị ơi: vv
2868,"Riêng cá_nhân tôi thấy bài hát & giọng hát không có gì đặc_biệt nhưng không đến_nỗi phải làm ầm lên vậy. Thị_trường âm_nhạc bây_giờ cũng vậy thôi. ( CA_SĨ BÂY_GIỜ MUỐN THÀNH_DANH 90 % PHỤ_THUỘC VÀO BÀI HÁT HAY & CÓ THÀNH "" HIT "" HAY KHÔNG... GIỌNG HÁT THÌ CÓ MẤY BÁC PHÙ THỦY PHÒNG THU LO NHÉ ) nói thật trước khi bài hát "" Em_Gái Mưa "" thành "" HIT "" tôi không biết giọng hát Hương tràm ntn. ( chắc tại không biết thưởng_thức ) ^ ^!"
2869,Thấy mọi người chê nhiu quá vào nghe thử cơ_mà công_nhận mọi người nói đúng
2870,Thảm_hoạ này bão yagi phải mở đóng mắt_bão lại vì deooo dám nghe
2871,chơi lập nick giả.... vào cmt tiếng Anh.... :cười_toát_mồ_hôi: tức_cười.... xem_lại trình_độ tiếng Anh đê.... sai rồi kìa. toàn anti
2872,11 / 08 / 2022 mv anh SƠN TÙNG MTP vẫn rất gì và này_nọ :cười_toe_toét: :cười_toe_toét: :cười_híp_mắt:
2873,"Không biết chị ấy hát thích mấy đoạn "" xa mờ, mỉm cười, tuyệt_vời "" nghe sao nhỉ: ) ) ) vui"
2874,hom nay Son_Tung duoc len tv thát la thích ma Son_Tung con_hát bài Nhu ngay hom qua
2875,chúng_ta không thuộc về nhau nhưng đừng như chúng_ta của hiện_tại...
2876,hay quá mà phải nói là quá hay luôn nà hihi
2877,chuc mung ctktvn cua anh da dat 70 trieu luot xem
2878,bây_giờ mình mới hiểu nghĩa của cái tên sơn tùng mtp ( tức sơn tùng Mượn_Tác_Phẩm ) _ _
2879,"Hát như gào_thét vào tai, MV gi? Chi_Pu, LUKAKU hát bao_giờ hay được @ @"
2880,bạn nào kêu giọng chị pu không hay thì cứ vào giọng ải giọng ai nghe chỉ hát: ) )
2881,"Bài "" Thick of it "" và bài "" PICKLEBALL "" là thảm_hoạ khiến trái_đất có_thể nổ tung lúc_nào không biết"
2882,nói_chung mv tuyệt_vời mọi người không nên để_ý anti nói gì cố tăng lượt xem nhé
2883,cái này nếu nói 1 cách khác là chia nhau sài :cười_ra_nước_mắt:
2884,bài này hay mà ta. thay co dao nhac gì dau
2885,""" Nhắm_mắt ơ thờ anh không muốn lạc vào trong nỗi đau này Phía trước bây_giờ ai đang nắm chặt bàn_tay của em vậy? "" Thích nhất đoạn này nè Tùn ơi."
2886,23: 53 Giờ này năm_ngoái đang ngồi hóng mv này ra_mắt Mới_đó mà đã 1 năm Có ai còn nghe không
2887,tôi để_ý cai gì hay_hay của việt_nam đều bị dìm từ xe_cộ âm_nhạc vậy. vậy bởi_vì người ta biết dân việt_nam thì làm được cái mốc gì
2888,ai không thích anh_sơn tùng thì đừng xúc_phạm anh_sơn tùng nhé: ) )
2889,"Người ta thích thì người ta hát thôi, kiếm được tiền là ok. bọn dưới xàm."
2890,"Lời hay + nhạc hay, Trang_Pháp viết có khác. Chỉnh quá nhiều, giọng CP ở ngoài yếu lắm ; ) ) )"
2891,Quá hay ý. Chị ý theo_đuổi đam_mê thì có gì sai. Ủng_hộ chị CPu
2892,Lướt facebook thấy quá nhìu nên phải vào cmt. Gịong gì mà ngang chàng tưởng đọc thơ á. Như con dở
2893,đến phong_cách biểu_diễn đầu tóc quần_áo thì cũng học theo GD. nhếch
2894,"Nếu không có hit "" em_gái mưa "" liệu Hương_Tràm có lên_tiếng?"
2895,Sao lông tay tôi lại đứng rựng hết lền vậy nhỉ
2896,Hơissss... We don ' tôi talk any more :mặt_ranh_mãnh: :mặt_ranh_mãnh: :mặt_ranh_mãnh: Quá_sức tửơng tựơng :mặt_ranh_mãnh:
2897,Ôi thề. nghe lần đầu thấy nhảm l lắm. hôm_nay rảnh nghe lại thì thấy nó hay vãi cả lúa: ) ) không hiểu saooo
2898,Anh phong ơi :trái_tim_đỏ: Anh đẹp_trai quá đi à :trái_tim_đỏ: :trái_tim_đỏ: :trái_tim_đỏ: :trái_tim_đỏ: :trái_tim_đỏ: :trái_tim_đỏ:
2899,00h 3tr lượt xem - > > 5h Sáng đã 4tr lượt xem rồi Chỉ có_thể là xếp TÙNG: )
2900,Công_nhận 1 điều tùng nó sống dai thật: ) )
2901,Mình thick thì mình hát thôi. Đâu phải ai đi hát lúc đầu cũng được khen đâu. Mà người ta thử sức ở nhiều lĩnh_vực nghê thuật có gì sai. Có sai là do bi người ta ghen_ghét dìm hàng thôi. Rồi 1 ngày thím hương tràm đi đóng phim rồi cũng bị chê rồi có sao không. Nhà_nước không cấm thế bọn mày có quyền gì cấm người ta không hát vậy. Bi ngu hay_là muốn làm cha làm mẹ người ta
2902,chị đẹp fan chị đông nên chị hát dở chị vẫn có tiền nhé: 3: 3 mình thấy Chi chỉ hát được chứ không đủ trình để làm ca_sĩ
2903,oficial ra cùng ngày với we don ' tôi talk annymore khắm lồi thế
2904,"Phân_tích "" Chúng_ta không talk anymore "" của tùng núi = ) ) ) - Beat giống We don ' tôi talk anymore - Cảnh đẩy vào bồn sữa giống Eureka của Zico - Cảnh trên đường_ray giống BIGBANG - Cảnh nằm trên đường_ray giống Sehun trong Love_Me_Right của EXO - Hình_ảnh nguyên 1 dải bàn tiệc trắng như MV Monster của EXO - Áo blouse trắng thì như Baekhyun trong Unfair - Cảnh phun khói giống Why của Taeyeon & Sober của BIGBANG - Phân khúc rap thì bê nguyên phần rap của Rap_Monster trong Fire của BTS vào - Tạo_hình nhân_vật tôi cứ liên_tưởng tới TÔI. KHÔNG. P trong Loser - Phần dance đội_hình như Cause I_Love_You của Noo_UPDATE - Cái đôi giày màu xanh giống của Taeyeon trong Why dance ver - Đoạn đầu MV cảnh lắp búp_bê giống mv Turn me on của Nicki - Xăm tay giống Taeil của Block_BẠN - Tóc và turban giống TaeYong của NCT 127 - Bộ trắng áo trong xanh giống Kai trong Call_Me_Baby"
2905,"mv moi hay quá, toi luon ung ho tug!!! chi nhug ke không bag tug moi noi tug dao nhac thoi!"
2906,Lúc trước ngta chê Chi_Pu hát sáng_tác bài dở giờ có ông này dở hơn
2907,Không hiểu tại_sao mọi người lại không thích nhiều đến vậy. Không cho chị ấy một cơ_hội để làm những gì chị ấy đam_mê... :lá_bay: Why??? :mặt_chán:
2908,Cô Ngân và Sim_Mỹ có tài_năng rap như đọc ( ˵ ͡ ° ͜ ʖ ͡ ° ˵ )
2909,đéo mày không thích nhiều hơn thích cả ngàn Đờ mờ ăn_ở đéo mày chỉ có_thể là ăn_ở thôi
2910,có ai bỏ chữ không thích sang thích giống mình không?
2911,"Đọc tin về em Chi xong mới biết. không có ghét em nó đâu nhưng thực_sự là quyết_định học làm ca_sĩ nó hơi dở, Chi làm mẫu ảnh và đi diễn còn được chứ làm ca_sĩ thì chịu_thua. Nghe đến 1: 06 là phải tắt đi rồi. xin_lỗi em nhé thực_sự là không_thể nghe được. Chủ_yếu ngắm phong_cách cũng như vẻ đẹp của em thôi"
2912,"gọi là "" nhà_máy cá hộp "", có phải là cái tên gọi mà trong phim sóng ở đáy sông, khi núi định xin vào cty để làm đó đúng không."
2913,cảm_ơn anh bạn tôi từ sống thực_vật đã đứng dậy tắt nhạc
2914,Hát không hay Đồng_tiền làm mờ mắt rồi á Bài này thực_sự không hay chút nào Và Pu không có tố_chất ca_sĩ
2915,"Thấy cũng được mà, có như con hươg tràm nói đâu, mụ hương tràm ăn_mặc như con cave có mỗi cái giọng hát hay, nghĩ đang nổi nên thích chê người khác, chắc là gato với hot girl thôi,"
2916,"Thời_buổi này làm ca_sĩ dể ghê... quay cái mv thì không hiểu cái quái gì, hát thì nghe như đag đọc bài, nói thật mở lên nghe là muốn tắt liền, ngay và lập_tức ấy. Mà không hiểu báo_chí với nhiều người vô tung_hô kiểu như 1 vị thần...!! Thua..!"
2917,Cô ngân với sim rap hay như nhau đối_với em ai cux hay
2918,trưa nay xem chưa được 500k lượt xem mà giờ lượt xem tăng chóng_mặt luôn
2919,"hay qá anh ơi,, đừng để_ý tới những lời của người khác nói miễn s sky thấy hay_là được rồi :hôn_gió:"
2920,Tôi chỉ nghe thấy ù á anh à Đéo hiểu hát cái lol gì luôn :cười_ra_nước_mắt: :cười_ra_nước_mắt:
2921,Gao_Bạc không: 18 Phong_Cận không: 34 Rikaki không: 50 Siro 1: 05 Cô Ngân 1: 21 Simmy 1: 36 Hà_Thảo_Linh 1: 53 Timmy 2: 00 Toàn Tây 2: 08 Kairon 2: 16 Kamui 2: 24 TÔI Gaming 2: 32 Cô Ngân ( Ver 2 ) 2: 40 Gao_Bạc ( Ver 2 ) 2: 47 Sammy 2: 56 Phong_Cận ( Ver 2 ) 3: 03 Bác Gấu 3: 11 Mister_Vịt 3: 27
2922,Mình chẳng hiểu gì về âm_nhạc mà chỉ thích nghe
2923,thay_mặt fan của obama chúc tùng thành_công < 3
2924,hú 30tr lượt xem rồi. có ai đang cày như mình không
2925,"Chuyện của họ thì kệ đi, hay thì nhiều người nghe, dở thì không ai nghe rồi tự ắt con đường ca_sĩ cũng phai lần đi chứ có liên_quan gì đâu mà phải lên_tiếng. Họ có đam_mê và điều_kiện thì họ làm."
2926,"Tôi ủng_hộ chị chi pu ai có tài_năng thì có_thể làm được mọi thứ và hảy phát_triển tài_năng này giúp cho tên tuỗi và sự tài_giỏi của mình lan rộng giới truyền_thông và thế_giới, love chi pu"
2927,Bài này có_thể thực_sự solo với Thick of it của KSI
2928,SẮP 144M RỒI SKY ƠI!!!!!!!!!!!!!!!!!!!! < 3 < 3 < 3 < 3 < 3
2929,"bài này giai_điệu không đến_nỗi nhưng cứ cố nhét "" pickleball "" vào nghe nó ngang không tả nổi"
2930,Alo alo ace qua kênh đăng_kí giúp mình với ạ... Sky ơi!!!
2931,Nhờ Tùng núi chúng_mày mới tìm nge được We don ' tôi talk anymore: vậy 10 người hết 8 người hùa
2932,Nãy_Tùng mượn tôi 50k mua bánh mỳ làm mv á giờ trả đi để tôi đi mua bánh_bao đói qá
2933,Hay lắm cố_gắng lên Sơn tùng tôi quý bạn lắm!
2934,Mình thấy nhiều người chê nhưng mình thì lại thấy rất hay đặc_biệt về thần_thái va vũ_đạo của chi pu
2935,cả bài hát chỉ có nhìn ra chỗ khác xong bắt_đầu mặt tỏ ra ngầu ngầu rồi hướng mắt về phía máy quay. Hết
2936,"Tò_mò, xem thử, tệ thiệt, không_thể không_thể nghe hết bài"
2937,baì này khôg có đoạn ò ó không ò. chắc sẽ đỡ hơn...
2938,Thật_sự là không đủ để so_sánh với We don ' tôi talk anymore đâu: ( bài kia tuyệt_thế mà huhu
2939,1 diễn_viên mún lấn sang ca_sĩ thì hơi khó...
2940,1 tháng mà 50 triệu lượt xem ngang ca_sĩ quốc_tế giỏi rồi. Tôi biết rất nhiều ca_sĩ quốc_tế ra nhiều bài hát cũng không bằng lượt xem của bài này. Tôi nghĩ trong 1 năm bài này sẽ tầm hơn 150 triệu lượt xem và sẽ rất lâu nữa mới có người Việt_Nam vượt mặt được Sơn_Tùng về lượt xem youtube.
2941,CHÚNG_TA KHÔNG THUỘC VỀ NHAU: SƠN TÙNG MÀY - TP CHÚNG_TA KHÔNG THUỘC VỀ NHAU: BB & BG CHÚNG_TA KHÔNG LUỘC ĐƯỢC RAU BỰA VÃI
2942,"sky à, chúng_ta đừn cmt hay share mấy bài báo hôm_nay, luôn tin_tưởng và chăm_chỉ xem mv là được. chuyện liên_quan ts dj mỹ kia thì đã có wpro có những người có kiesn thức chuyên_môn lo rồi"
2943,Dao nhac co gì hay??? Ns thag ra la 1 thag an cap nhac cua nuoc ngoai... Mag tieg người viet nam
2944,"anh tùng ơi nghe hay lắm, em rất thích... em có 1 vài góp_ý là: rất tuyệt_vời ( y ) bỏ_qua thất_bại và tiến tới thành_công, EM chúc anh tùng thành_công trong con đường âm_nhạc, và năm sau ra bài hát có chủ_đề về tình bạn nhé anh tùng = ) ) Tùng MTP < 3"
2945,114k thích. 84k không thích. 64k cmt 1 con_số kinh_khủng
2946,Không pảj là anti tớ cũng không pảj là sky. tớ ckỉ là người xem clip music bình_thường thôi à :cười_đỏ_má: :cười_đỏ_má: :cười_đỏ_má: :cười_đỏ_má: công_nhận ST Mtp hát hay ghê ák.
2947,"Tôi chưa bao_giờ thích hay không thích bất_kì một mv nào cũng như chưa bao_giờ cmt. Cũng như các bạn, các bạn muốn cmt cái mà bạn nghĩ thì tôi cũng vậy. Thật_ra Chi mv của Chi đúng là đầu_tư hình_ảnh lẫn trang_phục. Để làm gì? Đe tôn_trọng người xem - là các bạn đấy! Chi còn trẻ, Chi có tài. Người ta có tài nên hợp_tác với nhà_sản_xuất nổi_tiếng để có một mv đẹp đó cũng là một cái tài. Mấy cô ca_sĩ kia không đủ khả_năng lại sân_si. Còn về giọng hát. Có_thể do bài hát này giai_điệu không phù_hợp với Chi. Nhưng mình không nghĩ nó đên nỗi xúc_phạm như người khác nói. Nhiều ca_sĩ hát hì_hục giọng không ra sĩ vẫn làm ca_sĩ đấy thôi. Một ca_sĩ có trở_thành ca_sĩ thật thụ hay không là do khán_giả họ chọn, chứ bạn ca_sĩ trẻ kia đừng sân_si rồi nói xúc_phạm nghề ca_sĩ. Ai thành_công, ai hơn ai, ai tài_năng. Thời_gian chứng_minh. Sống mà sân_si muôn_đời nát."
2948,"Chúc_mừng đứa con tinh_thần "" Chúng_Ta Không_Thuộc_Về_Nhau "" của anh tròn 1 tuổi nhé :cơ: Mong những bài hát tiếp_theo sẽ thành_công hơn_nữa. Sky yêu anh # skyhanam"
2949,Nhạc này tách lời tách hình có_lẽ đã ra gì đó rất hay rồi chứ hành này là nói về người chuyển giới à :cười_ra_nước_mắt: :cười_ra_nước_mắt:
2950,Nên đem nó thành 1 hình_thức tra_tấn của Nhà_tù Black_Dolphin :khóc_nức_nở: :khóc_nức_nở: :khóc_nức_nở:
2951,Ê nói thiệc là bài này ngoài visual cũng cũng của quí ra thì nó rất kì liris sáo_rỗng nhạc nó cũng cũ luôn rồi nói_chung là nghe rất kì
2952,"Chị simmy, cô ngân và hà thảo linh rap hay quá"
2953,mèo tom hát Từ Hôm_Nay của Chi_Pu https: / / www. youtube. com / watch? vậy = Dt87AiXGfnk
2954,đang nghe bống bống bang bang tự_nhiên nhảy qua cái này. tụi bây định ăn ke will của 365 ak. tôi khinh
2955,"MV đẹp đấy chứ, nhưng lời bài thấy sao ă"
2956,ai là fan hâm_mộ của anh Sơn_Tùng_MÀY - TP điểm_danh
2957,hát hay vậy_mà mọi người cứ chỉ_trích rồi chửi_rủa không thương_tiếc. càng nghe càng thấy hay :trái_tim_đỏ: ️
2958,Nghỉ sao linh ka dám cover lai MV nay vay trời
2959,hay nhỉ. không phải Fan nhưng công_nhận tùng núi tài_năng thật
2960,"Cái câu "" Giải thế_giới bác gấu đi thi là giải thế_giới động_vật "" vẫn hay tới giờ :mọt_sách:"
2961,Nhạc này nghe rất đau tai nhé mong mọi người đừng nghe :cười_ra_nước_mắt: :cười_ra_nước_mắt: :cười_ra_nước_mắt:
2962,"top 5 MV nhiều lượt xem nhất của ST 1 ) em của ngày hôm_qua 82, 2 trời lượt xem. 2 ) chúng_ta không thuộc về nhau 51, 2 trời lượt xem. 3 ) buông đôi tay nhau ra 50, 8 trời lượt xem. 4 ) âm_thầm bên em 42, không trời lượt xem. 5 ) chắc ai đó sẽ về 38, 7 trời lượt xem. - 10h40 ' am 4 / 9 / 2016."
2963,"Mất hình_tượng quá. hát dở, trang_điểm từ hot girl thành như con dở"
2964,"Sao bài này thấy chi hát không hay, nghe kì kì, đoạn đầu_từ xàm vãi cả lúa: vậy"
2965,SƠN TÙNG MTP = SƠN TÙNG MƯỢN TÁC_PHẨM ĐỜ MỜ ĐÚNG LÀ CÁI TÊN NÓI LÊN TẤT_CẢ ĐỜ MỜ ĂN_CẮP ĂN_TRỘM LÀ GIỎI ĐỜ MỜ CÁI TÍNH ĂN_CẮP ĂN_TRỘM NÓ LÀ BẢN_CHẤT CỦA MÀY RỒI
2966,- Nhìn lạ cảm_thấy thú_vị hay đâu tệ đâu mà. Cố lên chị :mũi_tên_lên: :trái_tim_đỏ: :trái_tim_đỏ:
2967,"bài này tập thì chỉ rap được của cô ngân với kamui, sam, chị linh thôi còn lại méo rap được: ) )"
2968,"TÔI thà nghe cháu lên 3, còn thấy hay hơn giá_trị MV này nằm ở cái beat"
2969,Sky cùng nhau cố_gắng đưa lên 200M nhanh nhất nhé
2970,Vâng cảm_ơn anh bạn tôi bị tai_nạn xe liệt hai chân và tai bị điếc đã đứng dậy tắt bài hát
2971,Khi mà Chạy_Ngay_Đi đạt 34tr còn ai nghe lại bài này không
2972,"Mị thấy giọng hát chị chipu vẫn ổn mà, có gì đáng chê_trách đâu chứ. Chừng nào giọng như kiểu lệ rơi thì mới lên_tiếng trách_móc chị ấy"
2973,"CP hát cũng được mà mấy bạn, cứ thấy ai chê dở là lại chê theo à??. mv này còn hay hơn cả khối MV khác"
2974,"Anti chan that, bai nguoi ta cu di soi moi, cung chiu coi het roi soi, hay. Nguoi ta biet gi la hay de ke thua thoi, sao không xem bon ca si khac xem, co ca khoi bai sao không soi,. bon không thích chang qua la ganh ty thoi,"
2975,"bạn tôi tưởng như đã không_thể sống lại nhưng khi tôi bật bài này lên thì anh ấy tỉnh dậy để tắt nó đi, một người bạn khác của tôi bị liệt bẩm_sinh nhưng khi tôi bật bài này thì cậu ấy đã có_thể đứng dậy để nhảy khỏi cửa_sổ: )"
2976,"chỉ muốn ns một điều với antifan của chi pu, đó là bọn óc chó"
2977,"Mình thấy hay mà các bạn ơi. Nghe nhiều giai_điệu cứ vương_vấn trong đầu. Người ta làm MV làm nhạc cho nghe đầu_tư bao_nhiêu tiền của công_sức. Đã xem, nghe miễn_phí còn chửi người ta nữa. Bó_tay"
2978,từ đôi guốc thành 1 đổi dép lào... thật là vi diệu
2979,nói thật tôi cũng là fan chi pu nhưng tôi thấy bài này cứ kiểu không chững_chạc ý: vậy
2980,Beat hay nhưng cái lời méo có ý_nghĩa gì vậy trời
2981,minh chi thay bai nay la hay nhat cua_son tung
2982,Làm_ơn đừng mang bài này đi diễn thảm_hoạ vãi cả lúa mà tưởng mình hay
2983,ôi em xem reaction của Gao_Bạc và Hà_Thảo_Linh rùi!!!!
2984,đúng là mtp ( mặt toàn phân ) nên mới lấy nhạc người khác rồi nói của mình
2985,Tuần cuối để phá kỉ_lục cố lên fan còn bọn antifan kệ nó không chấp
2986,Tệ đâu mà chê kinh vậy mấy bà :mỉm_cười: Hay nghe nhạc sếp quen rồi :mỉm_cười:
2987,Từ khúc không: 40 giây giống cái cảnh trong MV twenty của YÊU nhợ
2988,hát như cái l * * địt_mẹ xinh_đẹp là đủ rồi mà_còn bày_đặt làm ca_sĩ
2989,Đoạn đầu hơi khó nghe nhưng nhạc hay lắm ạ. Chi siêu đẹp dù trông hơi lạ. Yêu_Chi :trái_tim_đỏ: ️ :trái_tim_đỏ: ️ :trái_tim_đỏ: ️
2990,"Top1 sever Việt_Nam có khác, nhạc 7 năm rồi nghe vẫn đỉnh vẫn không lỗi_thời"
2991,Nghe việt_nam mới_tinh xong quay lại xin_lỗi anh :khóc: :khóc: :khóc:
2992,"27 / 02 / 2017 102 trời lượt xem, sky tiếp_tục cày nhẹ nhé, chứ đừg bỏ_rơi MV nhé"
2993,chưa bao_giờ cmt trên youtube nhưng hôm_nay phải cmt vì Hát dở trên các loại dở
2994,kp fan nhưng nghe hay và clip rất chất :cười_híp_mắt: :cười_híp_mắt: :cười_híp_mắt:
2995,- Tôi thấy hay mà ta: vậy. - Sao có nhiều Không thích thế nhỉ: w.
2996,Một điều_kinh khủng nữa là virus tả lợn được tìm thấy trong các hộp pate thành_phẩm. Trong khi virus tả lợn rất dễ chết bởi nhiệt_độ cao và việc hấp chín đồ_hộp là bước bắt_buộc khi sản_xuất đồ_hộp. Virus tả lợn có trong hộp pate thành_phẩm cho thấy đồ_hộp Hạ_Long thậm_chí còn không được hấp chín. Chưa nói đến việc họ cho người tiêu_dùng ăn thịt heo bị tả mà họ còn cho người tiêu_dùng ăn thịt heo tả còn sống.
2997,nếu cho tôi 1 sao thì tôi đánh nửa sao :cười_ra_nước_mắt: :cười_ra_nước_mắt: :cười_ra_nước_mắt: :cười_ra_nước_mắt: :cười_ra_nước_mắt: :cười_ra_nước_mắt: :cười_ra_nước_mắt: :cười_ra_nước_mắt: :cười_ra_nước_mắt: :cười_ra_nước_mắt: :cười_ra_nước_mắt:0 :cười_ra_nước_mắt:1
2998,"nhạc thì cứ nghe thôi, rảnh quá đi soi_mói làm gì?"
2999,Sammy với Simmy rap hay quá yêu hai chị :mèo_mắt_trái_tim: :mèo_hôn:
3000,tôi noi bon mày nghe nek. tôi bang tuoi_son tung nhung tôi thit no. no hay no co tai. tôi ghet nhat cai loai không lam được thi im di. bon mày ghen an tuc không ha. dao nhac cai gi. mày co sang tac được nhu ngta không. hay hat nhu cờ cờ. thay minh thua ngta ma tuc.
3001,Từ hồi lớp 8 em đã yêu Tùng rồi. Yêu từ cơn mưa ngang qua cơ. Giờ em vẫn yêu Tùng :trái_tim_đỏ: ️ em sắp tốt_nghiệp ĐẠI_HỌC rồi Tùng ạ. Lấy em nhé ^ ^
3002,hay quá bác tùng ơi nấu canh không cần luộc rau
3003,nhạc hay mà do lời bài hát nhạt_nhoà quá thôi: ) )
3004,Nhạc và lời không đâu_vào_đâu Lời tiếng anh không chuân Nói_chung ( người điếc không muôn nghe. Người què đứng dậy tắt ) Consent anh_trai sây hi không dán hình là đúng hat và sáng_tác không ra_gì
3005,Bài này nói về cái gì mà mọi người sợ vậy
3006,"Hay quá Tùng ơi: ), MV đẹp, Tùng đẹp_trai miễn bàn nhé ; ) ), nhạc hay, Tùng đừng quan_tâm đến mấy người đó nhé: ) ), SKY luôn bên Anh, thương Tùng... ( ai không thích anh nhà tôi thì né sang 1 bên nhé: ) )"
3007,anti fan hết việc à??? không thích cái lol nhé. lũ hết vệc làm không thích thì next mẹ đi chứ tôi cần chúng_mày vào xem à. lũ rảnh lol
3008,không cảm_nhận thấy hay nhưng cũng không đến_nỗi nào không adu theo phong_trào
3009,Kết đôi giày với cái áo xám của Tùng rồi. Say_Oh_Beautyfull
3010,"nhìn mặt sơn tùng nhu vãi cả lúa, sơn đường hay hơn"
3011,"Kb_Chi_Pu học diễn_xuất kiểu gì mà xem bao_nhiêu chươg trìh đến bâyh xem cả 1 MV mà không thấy ấn tượg gì. Mặt_mũi cứg đơ đơ, chẳg có biểu_cảm của 1 người diễn_xuất. Sexy không ra mà ngoan hiền cũg không phải. Giọg thì thật_sự khó hát làm nghề nữa. KHÔNG phải anti của Pu nhưg từ hồi debut đến bâyh chưa baoh ưng được cái cách Pu diễn"
3012,Đoạn rap chẳng khác cm gì Fire của BTS: vậy
3013,toàn cmt English thế_này? dù_sao vẫn hay... fighting :nháy_mắt:
3014,Ê tôi qua đây từ mấy cmt bên drama MH nhắn_tin mạt_sát nyc của HTH á bây. Mẹ đọc cmt bài này tôi cừi khùng luôn á trời :lăn_ra_cười:
3015,Không pít nói gì ngoài cảm_thấy thất_vọng.... chipu tự làm mất yk hình_ảnh của mình
3016,"Hát dở, MV bình_thường. Đúng là fan có khác, khen lấy khen để dù khác sự_thật. Bởi_vậy nên khiến cả idol lẫn fans tự_tin thoái_hoá như nhau."
3017,Tôi không là fan của ai hết. Tôi cũng rất thích em_gái mưa của HT nhưng Chi hát cũng được mà sao các bạn ném đá quá vậy :phụ_nữ:
3018,Em chúc heleam tim ra nhiều vi deo nhé :hôn_gió: :mắt_trái_tim: :đeo_kính_mát: :thèm_ăn: :cười_đỏ_má: :nháy_mắt:
3019,Thông_dịch_viên của hệ mặt_trời We don ´ tôi thuộc về nhauchúng ta đéo liên_quan gì nhau.....
3020,Anh kai nói là top 1 còn em là top 999. 999. 999
3021,nói_chung là VIỆT_NAM có anh này là ok rồi đa_tài.
3022,đây là một trong những hình_phạt_tra man rợn nhất mà tôi dừng biết :buồn_nôn: :buồn_nôn: :buồn_nôn: :buồn_nôn: :buồn_nôn: :buồn_nôn: :nôn: :nôn: :nôn: :nôn: :buồn_nôn:0 :buồn_nôn:1
3023,cover hay vlol = ) ) Tùng ơi cố lên em!!!
3024,Lời bài hát + mv = > chị muốn nói lên điều gì vậy???
3025,có_lẽ đây là lần thứ 12 toy xem_lại vid này: )
3026,Vẫn còn hay hơn Linh_Ka. Còn mún nge đi nge lại.. NCL thì nge mà mún bực_tức.
3027,Bà em chết 3 bố ngày rồi. Nghe bài này xong bà em thoát khỏi mộ chỉ để tắt nhạc picaball
3028,Cảm_mơn hero team vì đã cống_hiến cho ngành y_học của việt_nam à nhầm cho thế_giới tôi bị liệt nhưng sau khi nghe thì tôi có cảm_giác có_thể đi với tốc_độ ánh_sáng
3029,Tnh bị iar khdc mà tnh nghe em phọt ra hêt cmnr :cười_với_trái_tim: tks_anh
3030,đối_với VIỆT_NAM 1 clip như_vậy là top rồi còn đòi_hỏi gì nữa: vậy
3031,Tôi biết là éo liên_quan tẹo nào nhưng có ai thấy bài này có một xíu nốt nào giống gasoline của Halsey không?! Không tính beat đâu
3032,chị hát hay nhảy đẹp NHƯNG bài hát khó hiễu với chỉnh màu tối quá Chị ạ :mặt_vô_cảm: :mặt_vô_cảm: nữa màu tươi lên tý. Thích
3033,"Nhạc của Tùng thiệt sự là kiểu rượu ủ lâu năm ấy, càng lâu năm càng ngon, nhạc cũ nhưng nghe lại vẫn hay, không lỗi_thời! = ) ) ) )"
3034,"Thích xem mấy mv ngày_xưa của anh thế, mấy bài mới cũng hay nhưng nghe lại bài cũ còn thấy đỉnh hơn nx, một thời luôn í ạ. Chúc anh luôn thành_công trong sự_nghiệp, mãi là nghệ_sĩ top1 Vpop nhé, hoan_hỉ ạaaa :hôn_gió:"
3035,Hay!!! nhưq xin_lỗi tôi pải diss thích vì tôi là fan BTS
3036,hát như cái loz mà đòi làm ca_sĩ.... khinh
3037,Bài hát này giúp tôi hiểu được tác_dụng của việc điếc cũng rất lớn :khóc: :khóc: :trái_tim_đỏ: :trái_tim_đỏ:
3038,lũ anti nó nói sao chả được nếu tin tuog ST thì sợ gì lời_nói bựa
3039,"Chúc_mừng MV ' Chúng_Ta Không_Thuộc_Về_Nhau ' tròn 6 năm ra_mắt, đến hiện_tại bài nhạc nghe vẫn rất hay và hiện đạiiii"
3040,hãy thành_công hơn_nữa em nhé người con của quê lua thái_bình yêu em :đôi_với_trái_tim:
3041,"nhôn cái lừ í thảm_hoạ âm_nhạc Việt mà 7, 5 Trời lượt xem"
3042,em neu my ban chui minh thi hay coi không thích va tu tim hieu xem nhé
3043,' TỪ HÔM_NAY ' ĐÃ MANG TÔI ĐẾN VỚI BÀI HÁT ' ALL I WANNA DO '..
3044,Bảo sao anh bị loại khỏi ATSH là phải rồi vì tư_duy âm_nhạc của anh thối_nát quá mà - ) ) ) )
3045,Xem Chi diễn_xuất hay hơn là bạn hát ấy Nhưng_mà vẫn muốn nhìn thấy cái ì mới_mẻ từ bạn. Chúc bạn thành_công trên con đường ca_hát :hôn_gió: :hôn_gió:
3046,"Éo hiểu s bạn sì kai cmt cứ phải nói câu "" mình không phải sky hay fan st "" the Sợ bị antifan chửi ak"
3047,Trái_tim không thuộc về nhau Giấc mơ không là của nhau..
3048,Chị_gái ơi chị Chi pu ơi Chị là người con gái tuyệt nhất
3049,tôi thấy sim dới cô ngân rap rất hay mà: <
3050,ahhi BBbb 2 ngày lên 1 triệu lượt xem :cười_rạng_rỡ: sky sắp tuổi hiệt rùi :la_hét_sợ:
3051,Chi simmy va chi sammy dep nhat chi simmy va chi sammy chien thang
3052,Bạn biết vì sao tôi thích Sơn_Tùng_MTP không? Đó là một con_người tài_năng phấn_đấu và luôn nổ lực! Đơn_giản vậy thôi! Ai ghét Mặc_Ai! I love ST MTP
3053,sao giờ toàn may bai hát gi gi dau không không
3054,Chữa bệnh tai mũi họng nghe này là hết liền :cười_ra_nước_mắt: :khóc:
3055,Mình nghe thấy hay mà sao nhiều người chê thế nhỉ??
3056,Rảnh_rỗi ngồi coi lại full MV của Sếp < 3
3057,Cày lượt xem đi mọi người ơi cho lên top 1 luôn Em Fan_Streamer :trái_tim_đỏ:
3058,Mới khúc đầu nhìn như con dién vậy hát điệu sến sến em cũng không có mún chữi chị nhưng video bị không thích nhiều hơn là thích chị thấy không nên em có lời khuyen chị nên trở_lại làm diễn_viên đi chị chipu ơi
3059,"Đờ mờ óc trâu óc chó hay sao mà nói bài này không hay nhỉ, chipu cũng xinh nữa. Chắc là hùa theo người ta rồi"
3060,"Mọi người ơi, chúng_ta cùng nhau xem nhiều vào để SKY vượt qua Vợ Người Ta và Bống_Bống_Bang_Bang đi. cố lên mọi người ơi!"
3061,Tôi bị trĩ được 2 năm rồi nghe xong hết luôn: )
3062,Cmt của người nước_ngoài mà thấy nhục giùm: )
3063,Có nhiều ngươis nc ngoài cũng cmt quá nhở :cười_ra_nước_mắt: :cười_ra_nước_mắt: :cười_ra_nước_mắt: :cười_ra_nước_mắt:
3064,"HIỆP_HỘI TRAI BAO CHÚC SẾP TÙNG NGÀY_CÀNG THÀNH_CÔNG VÀ NGÀY_CÀNG "" CAO_GIÁ "" HƠN_NỮA"
3065,Đỗ_Phú_Quí đe_doạ fan là anh ấy sẽ phát_hành bài hát này
3066,Tớ nói thật là tớ xem chỉ vì mấy chị Tây thôi: ) ) có ai giống không
3067,Tham_dự game show thì sủa ngta hát không hay rồi này_nọ... Chính bản_thân nó hát live còn óc chó hơn
3068,Tôi không ghét Tùng nhưng thật_sự thì vừa nghe khúc đầu là đã thấy giống bài we don ' tôi talk anymore rồi Mong mấy bạn_bầu trời đừng rảnh háng đến_nỗi vào không thích MV Fire của BTS nhá
3069,Bạn tôi bị điếc 2 năm tôi bật bài này hay đến_nỗi bạn tôi phải bảo tối tắt cmm đi
3070,một thời_gian sau sẽ có rất nhiều người nghiện bài này!
3071,"Việt_Nam chút đi Lạc đâu qua Hàn rồi, nhái quá..."
3072,23 đk gặp sếp rồi. hi_vọng đk chụp hình cùng sếp :hôn_gió:
3073,: ) ) ) tuy kq phải fan! sky nhưng anh tùng hát bài này hay thật: )
3074,Tại chị pu từ diễn_viên thành ca_sĩ chưa quen bở vậy không thích hơ nhìu
3075,Nghe xong bài này chắc tôi xỉu vì nó quá tệ hơn tôi nghĩ
3076,Chia_sẻ địa_chỉ tư_vấn tâm_lý hôn_nhân gia_đình uy_tín. Trung_tâm tư_vấn tâm_lý 247 Hotline: 098. 11111. 00 Website: www. tuvantamly 247. com
3077,âm_nhạc nước_ngoài ngày_càng phát_triển âm_nhạc Việt_Nam ngày_càng đy xuống
3078,"9: 32 26 / 10 / 2016 MV Chúng_Ta Không_Thuộc_Về_Nhau chuẩn_bị cán mốc 76. 000. 000 lượt xem hiện_tại đang có số lượt xem khủng nhất từ trước đến giờ của Việt_Nam. Chúc anh ngày_càng thành_công, chúng_em luôn ủng_hộ anh, sky luôn ủng_hộ Sếp"
3079,Hay quá đi thôi đặc_biệt chị mèo simmy và sammy đào
3080,"Nói thật là tôi nghe kpop 8 năm rồi, cứ bảo bài này hơi_hướng kpop nên kpop fan sẽ thấy hay. Nhưng chả thấy hay miếng nào luôn. Nhất_là cái lời bài hát thảm cmn hoạ"
3081,"Nghe từ đầu đến cuối chỉ là "" chúng_ta không thưôc về nhau "" nói_chung la chung ta không thuoc ve nhau..... hết bài.... xong, thiet la xam, 1 dissssss likeeeeee ca tay lan chan XÀM XÍ ĐÚ.........."
3082,"Nhạc_Sơn_Tùng nghe 1, 2 lần chư thấy gì nghe nhiều mới thấy ngấm."
3083,Không phải fan cũng chẳng phải anti. Đơn_giản vào chỉ để nghe và cảm_nhận.
3084,Thấy hát củng được mẹ MV củng dầu tư tụi bây đừng có nói quá
3085,mình thấy cô ngân hát không có hay tôi thích hero team lắm
3086,mặc_son tung co dao nhac hay không nhung nghe hay la duoc. thich thi nghe không thich thi thoi viec gi phai phan xet nguoi ta nhu vay. bon lam mom
3087,Bài này không phả từ hôm_nay nữa mà là gà chi pu gái
3088,Sơn_Tùng là nhất sky muôn_năm say oh yeah
3089,TÔI đang xem cái éo gì vậy trời!!! Phí 4 ' cuộc_đời = ) ) )
3090,những kẻ soi_mói là kẻ chỉ thấy được hạt cát trong mắt người khác. mà không nhận ra có cả 1 cái sọt rác trên đầu mình
3091,"Nhạc hay, mv đẹp và ý_nghĩa, Tùng đẹp_trai quá!"
3092,"tôi chỉ vào nghe nhạc.. beat bắt tai. lời bài hát tệ. "" chúng_ta không luộc rau "" oke"
3093,chi pu là diễn_viên sao không hát những bài thiên về cảm_xúc nhiều hơn
3094,"Thật_sự chi pu giống như Selena_Gomez của Việt_Nam ấy, rất xinh_đẹp và đông fan, và chỉ có thế thôi. _."
3095,Ý là cái mv như kiểu quay quảng_cáo ấy. Còn lời nhạc thì không bt nói sao luôn :cười_rơi_nước_mắt: :cười_rơi_nước_mắt: :cười_rơi_nước_mắt: :cười_rơi_nước_mắt: :cười_rơi_nước_mắt: :cười_rơi_nước_mắt: :cười_rơi_nước_mắt: :cười_rơi_nước_mắt: :cười_rơi_nước_mắt:
3096,Có ai nghe bài mới xong qua đây nghe lại không: ) )
3097,Ủng_hộ chi pu. Hãy luôn cố_gắng nhé. Yêu_quý bạn :trái_tim_đỏ:. Cuộc_sống mà. Không ai sinh ra để làm vừa_lòng tất_cả mọi người. Hãy luôn là chính mình. chuc Chi luôn thành_công
3098,Cái phần rap giống RapMon trong bài Fire quá vậy?
3099,"vào soi_mói nhiều vào mấy bạn, nhằm tăng lượt views thôi chứ có tác_dụng gì? = ) )"
3100,Hiện_thực cuộc_sống luôn tồn_tại những điều trái chiều... Là một người con xa quê_hương khi nghe ca_khúc cũng thấy vui vì một người Việt_Nam trẻ tuổi nhưng được nhiều người trong và ngoài nước biết đến.
3101,troi oi hon 4tr roi sao ma khung khiep va.
3102,"Chi à! Trước Chi hát thì không hay cũng được, vì Chi chỉ là diễn_viên. GIỜ Chi hát cũng éo khá lên được và không hay thì bị chửi sml luôn vì Chi tự nhận mình là ca_sĩ. Tập_luyện bao_nhiêu cũng chỉ đến vậy thôi, chất giọng không tốt lên được. Thật_sự QUÁ THAM_VỌNG! = ) ) Muốn khán_giả không quên_mình? ANTI!"
3103,Skyyy cố_gắng cày MV nhé... Lượt xem tăng chậm quá ạ.
3104,Cá_nhân mình thấy Tùng là người giỏi là 1 nhân_tài. Dù_sao bài hát rất hay. Thank vì bạn đã cống_hiến ra sản_phẩm hay như_thế.
3105,mà hình_như chị đạo nhạc à????? em hỏi vậy thôi không chắc_chắn
3106,"Nghe hoài không chán, MV thì quá đỉnh... tuyệt quá MTP ơi.. đừng màn đến những người không có thực_lực mà chỉ biết đố_kỵ tài_năng.. :confetti: :trái_tim_xoay:"
3107,lời viết được vài từ. nhạc nhẽo chiếm 90 %. chán_phèo. dù rất thích cp nhưg từ khi hát soá ảh nền lun
3108,Bạn ạ mình không thích súp phạm người khác nhưng bài này mình thè đạo nhạc
3109,Cái tài của cậu ấy mà không ai dám làm mà cũng chưa ai làm được. tôi nghe và thấy hứng_thú thấy thic là được.
3110,Phía trước bây_giờ ai đang nắm chặt bàn_tay của em vậy
3111,có ai giống mình không? không phải fan hay anti mà một ngày mình xem MV ít_nhất là 5 lần. chắc sky hơn 10 lần là cái chắc: ) ) ) )
3112,"Nói_gì_thì nói Sơn_Tùng vẫn là tài_năng hiếm có, không nên vùi_dập tài_năng còn quá trẻ này."
3113,chị pu ơi cho cháu xin cái mặt_nạ dưỡng_khí chứ nghe xong bài này mà như bị say máy_bay nhể
3114,thích thì nghe. mà không thích thì nghe nhạc khác. làm ĐÉO ' gì phải soi_mói người ta giữ vậy? không phải fan nhé.
3115,"Bạn Tùng MTP nên khai_thác giai điêu nhạc Latin, Trung_Đông, Mễ, thậm_chí là TQuoc, Ấn..., thị_trường nhạc bên đó chưa đuọc công_chúng Việt_Nam đón_nhận lắm. Bạn có "" tham_khảo "" thì cũng khó mà biết. Còn bài này bạn quất lun hit Us / Ừ thì bạn lầy rồi."
3116,Oh có tài thì bị vùi lấp mà! Ai giỏi hơn thì bị ghét! Đúng là chỉ có Việt_Nam! Nhạc hay thì nghe thôi!
3117,phong và cả team rap đỉnh không cần chỉnh ai thấy đúng cho một thích nhe :cười_híp_mắt: :cười_híp_mắt: :cười_híp_mắt:
3118,"Thằng bạn tôi đã bật bài này ở đám_tang của nó. Mọi người đến viếng_thăm đều khóc nức_nở, không phải vì tiếc_thương mà là ghen_tị với thằng bạn tôi vì nó được nằm trong quan_tài."
3119,Bài này không hay. nghe không cảm_thấy có nghĩa gì hết
3120,đang không lại so sanh để rồi video kia cung tăng dần lượt xem cùng với MTP nạ
3121,"Hero và stmff rap hay, trừ kamui xấu_xí :mặt_ranh_mãnh: :mặt_ranh_mãnh: :mặt_ranh_mãnh:"
3122,Ngày 5 / 6 / 2019 còn ai xem_lại hết video của sếp không :mắt_trái_tim: fan
3123,Hiện_tại tôi có 10 account GG và đã deslike đủ cả vào mv này: vậy giờ đang đi lấy acc cộng_đồng vào deslike: vậy anh_em giúp an2o deslike = ) )
3124,Rất thích Chipu nhưng bạn ý hát thì không ủng_hộ tẹo nào
3125,anti cứ vịêc soi: ) ) càng soi càng sáng: ) ) Sky vẫn luôn ủng_hộ Tùng: ) )
3126,"không thích thì đi, s cứ phải cmt ns này kia chứ."
3127,Cố_gắng lên mọi người. Mong rằng là sẽ được 50tr lượt xem. Fighting
3128,Cái chị mà lúc đẩy sơn tùng xuống bồn_tắm chị ấy đẹp nhỉ
3129,11tr lượt xem tôi xem đã chiếm 5tr rồi: ) ) cố lên nhé tùng
3130,"we don ' tôi talk anymore ăn_theo tùng kìa, mở chế_độ tự_động chuyển kênh hiên hình liền"
3131,mặt dù không phải fan sơn tùng nhưng Mv này hay và cũng tin_tưởng MTP
3132,Bvs nước nó còn thấm bài hát tôi nghe hoài éo thấm được
3133,Hay mà. Mv hoà_trộn giữa vpop Kpop_Usuk. Riêng tôi thấy nhạc Chipu hay hơn nhạc OnlyC: ) ) )
3134,"thích Chi_Pu nhí_nhảnh, trẻ_trung như trước. Phong_cách bây_giờ già_dặn không hợp.."
3135,Toàn tay với ca_dao đứng giao phim khó lắm bỏ đoạn đấy đi nhé
3136,lượt xem của tùng thua we don ' tôi talk anymore rồi sky cố_gắng lên
3137,Hay mà giai_điệu bắt tai lần một nghe bình_thường nhưng nghe nhiều lần thấy hay phết sao mọi người lại chê thế = ) )
3138,ó không không ò = ) ) và từ đó tôi có bài hát báo_thức mới thay con gà = ) ) ) ) ) ) )
3139,"Không thích nhiều quá, người Việt chuyên chịu_khó dìm nhau mà: vậy"
3140,Im from colompia or fan sơn tùng mtp i love you!! @ @ @ # tôi người việt_nam
3141,toàn gato vùi lấp tài_năng... cứ nhấn đi ST khó chìm lắm... nhấn bao nhiu lần roi có được không hahahaha...
3142,Sơn_Tùng_MÀY - TP dùng google dịch lại thành_Sơn_Tùng_Mặt - Toàn Phân hahahaa
3143,MÀY - TP đơn_giản là: MÀY: Music - Âm_nhạc TÔI: Thief - Ăn_trộm ( đạo ) P: Pro - chuyên_nghiệp
3144,mặc_kệ người ta nói gì mà mv cứ tăng lượt xem ầm_ầm!!! lol kkk ~
3145,thích chị Chi_Pu nhưng sp này là không chấp_nhận được
3146,Không thích gấp đôi thích. Kakakaka. Cố_gắng phát_huy
3147,chúng_tôi không nói_chuyện nữa we don ' tôi talk anymore
3148,bây_giờ lại toàn người Mỹ qua đây cmt bằng nhay: D
3149,Cái beat bắt tai. Hẳn là sau_này mấy bác bán rau sẽ bán được hàng.
3150,đhs mỗi lần Xem Lạc_Trôi xong lại lướt sang bên nàyyyy :cười_ra_nước_mắt: :cười_ra_nước_mắt: :cười_ra_nước_mắt:
3151,Anh phong rap nhanh thế nhưng tôi thích chị sim ráp hơn :cười_đỏ_má: :cười_đỏ_má: :cười_đỏ_má: :cười_đỏ_má: :cười_đỏ_má: :cười_đỏ_má:
3152,"quá ngày, 1 điều không_thể phủ_nhận là càng nghe càng nghiện"
3153,"Nếu anh Quí mà đi thi hát, chắc ban giám_khảo phải nhập_viện vì sốc. Một bài hát đúng chuẩn ' kỳ_quan thứ 8 ': nghe xong không ai dám quên!"
3154,Mình thấy bài này rất hay nhưng sao nhiều người dìm anh Tùng thế
3155,hay quá anh Tùng ơi!!! ^ ^ ( >. < ) lalalal!
3156,Hình_như tôi bị lủng mẹ nó màng_nhĩ rồi hay sao ý
3157,rap hay nge chay nhu free fire. có ai giống mình không mê vllkllll
3158,Minh thay bai nay hay ma sao cac ban lai bao không hay chu
3159,à ừm bít nói gì cho nó ngầu bây_giờ nhỉ: vậy ùm thì mình công_nhận là người ta nói chi hát không truyền_cảm nhưng mình thích mình làm thôi vì vẫn còn nhìu người ủng_hộ mà: D quá ngầu
3160,không % Tình_dục không % Bạo_lực không % Thô_tục 100 % Pickleball :lửa: :nói:
3161,Ai_Cũng_Bảo_Thảm Hoạ_Âm Nhạc_Nhưng_Tôi_Thấy Cũng Hay Mà Có Tệ_Đâu
3162,Yêu chị :hôn_gió: Riêng em thấy bài này rất hay: 3
3163,Cũng chẳng hiểu nổi thính_giác của mọi người thể_nào. 1bài hát bắt tai thể này mà đem ra lên_án. ngẫm lại đi thời_gian các bạn ngôi đây. viết những dòng cmt chê_bai nguoi khác thì các bạn đã làm được gì. tuổi thanh_xuân của các bạn đã được gì. các bạn có cố_gắng vượt lên như ngtar không. có bằng được ngtar không hay_là giờ các bạn vẫn còn ngôi đây xoè tay xjn tiền cha_mẹ. nếu_như là bạn. bạn có làm được như cô ấy không
3164,chúc em_trai lun thành_công. mv good đấy. đọc rap kiểu này nghe hay lắm đấy.
3165,"vào nghe chỉ để tìm cái nghĩa của lời bài hát: 3 nghe được mỗi câu "" chúng_ta không thuộc về nhau "" = ] ] ] ]"
3166,bọn trẻ trâu à nhà cày lên 33 triệu lượt xem sợ thật
3167,Mình không phải Sky nhưng mình thấy bài này hay :ok: mấy bạn chứ chửi Tùng chứ mình thấy Tùng có triển_vọng ra quốc_tế lắm
3168,Có người nào đi ra trời mưa mà không mang ô không VẬY
3169,"= ) ) ) không biết số_lượng không thích có vượt qua thích như bài "" baby "" không ta!"
3170,"We_Don ' tôi Talk_Anymore - Charlie_Puth, Selena_Gomez??? mua bản_quyền chưa vậy???"
3171,Nghe lại bao_nhiêu cảm_xúc một thời thành xuân lại ùa về :trái_tim_đỏ: ️
3172,Nghe hay phết: ) ) ) vì toàn lấy từ bài hay mà
3173,Hay lắm chị Chi ạ.... em ủng_hộ chị.... cố lên chị nhé :trái_tim_đỏ:
3174,Mấy đứa cmt chê chứ mở nghe hoài cho coi
3175,hay mà..... nghe thấy hay hơn cả we don ' tôi talk anymore..... đánh_giá của một người nghe nhạc bình_thường... không phải FAN của sơn tùng hay charlie..... chắc tại lời việt nên cảm_nhận được hết ý nghĩa của lời bài hát nên thấy hay.
3176,"Không rõ là năm nào nhưng mình bt đến Tùng qua bài này trên itv, một trong những bài mình thích nhất. Đến hiện_tại âm_nhạc Tùng mang lại vẫn điều gì đó khác_biệt và rất tuyệt_vời :cười_với_trái_tim:"
3177,"hay quá, beat hay quá. sky ơi ( thấy dối lòng vãi chưởng )"
3178,Bài hay đến mức không 1 ai dám cover công_khai và bài có_thể khiến 1 thằng điếc phàn_nàn về nhạc
3179,"Có chút BigBang, SNSD và SJ thì phải. Được_cái beat khá hay"
3180,"phải cảm_ơn Hương_Tràm đi, chứ không là tôi cũng không biết bài này"
3181,trước đó cp cũng hát rrr. nói_chung là nghe được. mv chất
3182,hát nghe không được hay lắm mà có mấy đứa cmt bảo bắt_buộc phái thích cho bằg được... hãm L không
3183,Em chỉ vô coi bọn anti fan với bọn sky chửi nhau thôi hehe ^ _ ^
3184,"Mình không phải sky hay anti fan gì cả, thấy nhạc hay thì cứ nghe thôi"
3185,hãy quay trở_lại diễn_viên dùm cái. hát không hay lắm vũ_đạo còn hạn_chế
3186,vãi cả hơn 5tr8 lượt xem. Tùng ác_ôn nông_thôn thật. = ) )
3187,Mãi yêu... mặc_dù giọng không xuất_sắc nhưng là một khởi_đầu tốt_đẹp :trái_tim_đỏ: ️
3188,Không thích đưa ra so_sánh với kpop được rồi á = ) )
3189,mình thấy quyết_tâm của Sky hơi bị yếu rồi ấy còn tăng lượt xem chậm hơn Vợ Người Ta mặc_dù ra hơn 1 năm lượt xem vẫn lên đều còn MV này ra mớ 5 tháng mà 1 tuần mới được 1 triệu thua rồi
3190,đúng_ra thì Tùng không bị ngta ghét như_thế đâu: ) ) 8 phần là do sky tạo nên những anti fan của tùng mà thôi: 3 chứ thật_sự người. ta ghét là ghét bọn sky là nhiều thôi: vậy
3191,Mình giúp Sky 1 lượt xem và 1 thích nhé. Cố_gắng lên
3192,ráng giống ga nam xai đê quá 5 tỷ lược xem đó
3193,chuỵ GIỜ. TÔI đóng MV Em_gái mưa vẫn không bằng chị đóng
3194,wtf sao đít lai gh3 quá tưởng chỉ có mỗi con linh kave ms bị nhiều đít lai ai_ngờ...
3195,"Sao * Chúng_ta không thuộc về nhau * với * We don ' tôi talk anymore ( MV ) * đăng cùng ngày, lại bị soi là giống nhỉ? Trùng_hợp ghê nhở? ~"
3196,"Nếu ai hỏi tôi sau khi nghe bài này cảm_giác như nào, ổn không, thì tôi xin trả_lời là hay nhé ( không chắc ) còn ổn thì chắc là có đó ( ổn lòi lìa = iar lòi loz ) chắc giết người lùn á"
3197,sao mà cái đoạn ra giống trong bài fire của bts vậy trời
3198,FBI Mỹ hãy cho bài nhạc này làm chuông báo_thức của các tù_nhân: ) )
3199,hãy bỏ tiền ra mua nhạc nghe free còn lắm_mồm
3200,"Ủng_hộ Chi nhé cả nhà, cả tháng này để lên vieww cho Chiiiii, yêu chị < 3 < 3 < 3, dù sản_phẩm của chị có rs sao thì em vẫn luôn ủng_hộ chị Chi ơiiiii"
3201,chắc có mình tôi thấy ai cũng rap bình_thường: ) ) )
3202,Chị simy ngầu quá và chị samy cũng ngầu quá :cười_tươi_mắt_to: :cười_tươi_mắt_to:
3203,Khi nghe bài này tôi chợt nhận ra là tôi không nên coi: ) )
3204,Không_thể tin được. Không_thể tin được trên đời có 1 bài hát dởn da_gà như này :cười_rạng_rỡ:
3205,MV này mọi của anh Tùng anh Tùng chỉ hát thôi mình thấy bài này cũng hay mà sao mọi người cứ nói anh Tùng
3206,"nhạc như cl, xoá mẹ đi, tư_duy âm_nhạc thối_nát, ra nhạc đéo tôn_trọng khán_giả, đéo biết nhục là gì"
3207,"theo mình cảm_nhận hay mà: không nói đến giọng hát, bít nhac hay giống kiểu hàn xẻng"
3208,Chi pu hát cũng hay mà có tài thì thử sức thôi mà
3209,"Số lượt xem nửa ngày của Tùng bằng số lượt xem nửa tháng của ca_sĩ khác... huhuuu, Tùng hết hot rồi = ) ) ) ) )"
3210,Siro chưa bao_giờ làm tôi thất_vọng á trời
3211,Nếu hát bằng tiếng hàn có lẻ sẽ dễ chấp_nhận hơn :cười_dịu_dàng:
3212,Hay quá troi lun mà ai chê đứa đó không có não. con chó huong tram
3213,không_thể phủ nhân_tài năng chi.. cố_gắng cải_thiện giọg hát la ok.. cứ cô lên chi oi
3214,nghe đi nghe lại không thấy chán... thực_sự là rất hay
3215,am I the only one who thinks that he is incredibly sexy? / / Tôi là người duy_nhất nghĩ rằng ông là vô_cùng sexy?
3216,Nếu chipu bớt trang_điểm màu_mè thì MV này sẽ rất hay
3217,MV thứ 3 đạt được 200M views :mắt_trái_tim: cố lên thôi ae ơi :mắt_trái_tim: :mắt_trái_tim: chúng_ta cùng cố_gắng hơn_nữa thôi
3218,phan thủ_dâm có văn_hoá chúc MTP thanh cong
3219,Wow anh phong nói đứa nào dám đụng samy hihi phong ♡ sam
3220,anh tùng hát hay lắm dù em không hâm_mộ anh nhưng em luôn ủng_hộ anh hãy cố lên
3221,HERO TEAM RAP RẤT HAY NHẤT_LÀ CHỊ SIM SAM VÀ CÔ NGÂN
3222,"bài này được cái beat nghe bắt tai thôi, các phần còn lại tệ"
3223,Con_mẹ nó nhạc với chả nhẽo may quá tháng này chưa đóng tiền mạng
3224,92N thích và 135N địt lai Thật là vãi chưởng
3225,Đọc cmt tôi thấy rất nhiều fan HT Có làm được như ngta không mà chê Rãnh thì đi chùi tolet đi
3226,ngày 12 - 8 - 2016 lượt xem: 26. 756. 215 thích: 320N không thích: 199N :cười_rạng_rỡ: :cười_toe_toét: :cười_toe_toét: :cười_toe_toét: :cười_toe_toét:
3227,"Tôi là người chơi ngu pickleball và bị bạn tôi chê rất nhiều, khi bài này được phát_hành, bạn tôi không_những bị mất khả_năng nghe nói mà tôi đã chơi giỏi pickleball hơn và cũng bị lãng tai. Cảm_ơn anh đã phát_hành bài này, có nó, tôi mới có_thể sống bình_yên được"
3228,Càng_ngày_càng trưởng thànhh rồi Tùng ơiii :le_lưỡi_nhắm_mắt: :dấu_hôn: :trái_tim_xanh_dương: Yêu quá!!! :trái_tim_tím: :nốt_nhạc_nhiều:
3229,Bài này hay mà sao lại chê: ) ) nghe mấy lần là ghiền luôn ấy: ) ) chỉ là Mv này không có một ND ý_nghĩa gì cả làm ngta xem chả hiểu cái mốc gì cả: ) ) nhưng cái beat mv này tôi nghe thấy chất đấy... nhạc hay chetme mà chê cái lồn: ) chỉ do lời và nội dùng kể_cả sắc_thái của chipu thôiii: ) hãy để chipu cải_thiện hơn đi: )
3230,MV đẹp vải linh_hồn tự_nhiên thêm con_bé nước_ngoài có nút ruồi có râu ngay ở trên mồm mất cảm_tình quá đi!!!
3231,cái khúc đẩy xuống bồn nước giống eureka của Zico vạiii: ) ) ) ) ) )
3232,Lời hơi ối giời_ơi thôi chứ nhạc nghe được mà: ) ) ) bắt tai đấy chứ. KHÔNG nên anh dua nhé
3233,"Nhạc nghe bắt tai đấy chứ, cũng hay mà: ) )"
3234,tôi vừa không thích giờ phải thích lại đây < 3: vậy
3235,lần đầu nghe: Cũng hay Lần hai: Hay Lần bố: Nghiện cmnr Sky ơi! Say oh yeah
3236,Bắn thì gà mà suốt ngày rap headshot chịu chết
3237,"không buồn xem hêt video, lời nhạc vô_nghĩa, hát dở, trang_phục xấu, quay MV cũng tệ"
3238,bài hát này bạn tôi lúc bị gẫy chân mà giờ đã đứng dậy để đập dt rồi cảm mơn tác_giả
3239,Chi ơi em thấy giọng Chi hay lắm. Chi hãy ra những bài hát hay hơn thế_này nhé! Em không phải fan của Chi nhưng em yêu Chi lắm! Fighting!!!!!!!!
3240,"hoạt_động nghệ_thuật chân_chính mình không ý_kiến, nhưng thắc_mắc sao chi đến 1 tỷ mua quần_áo vậy đó có phải là 1 hình_thức pR thêm cho Mv..... kiểu ờ Chipu chi đồ gì mà nhiều tiền thế để vào xem coi đồ đó ntn...."
3241,"Chả đến_nỗi không hay như mọi ngừoi nói. Nếu để_ý đến chất_lượng mv thì quá tuyệt rồi, trang_phục cũng đẹp nữa. Không hiểu sao mv thế_này mà bị Hương tràm chê: vậy"
3242,AI RAP CŨNG KINH HẾT CÁC ANTI HIỂU CHO HERO VÀ STREAMER NHÉ CÁC BẠN
3243,"Tất_cả MV Chippu ra chị đều rất thích vũ_đạo, các csi trẻ chuyên_nghiệp bây chưa chưa chắc đã có vũ_đạo đẹp như này, động_tác nhẹ_nhàng nhưng rất đẹp_mắt và chuyên_nghiệp"
3244,lượt xem càng tăng!! sky chúng_tôi càng tự_hào: > ^ ^ tung bông
3245,Chúng_ta không thuộc về nhau 214. 227k Hoa_Hải_Đường 214. 256k
3246,chi ơi đừng buồn. mới_đầu ai mà chả thế thất_bại là mẹ thành_công mà. em vẫn lun ủng_hộ chi
3247,Lại phải ăn cơm tró anh Phong và chị Sammy
3248,Giờ ai còn nghe bài này chắc cũng 30 - 40 tuổi rồi!!
3249,Thấy gớm quá chị Pu ơi chị làm người_mẫu được rồi đẹp lắm rồi. Lạy chúa trên cao :cầu_nguyện: 🏻
3250,Chúng_ta không luộc được rau. Charlie_Puth... Cạn_Lời.
3251,Mình cũng không phải fan hay anti fan... Mình là người nghe và cảm_nhận am nhạc của riêng mình.. Mỏi người mỗi quan_điểm.. Theo mình nhạc hay thích ủng hô
3252,Đúng rồi đó... mấy mẹ ( ghét Sky ) dishlike hay comment tào_lao thì mấy nó có lợi gì đâu... thà vậy im mẹ nó đi...
3253,Đỗ_Phú_Quí đã thực_sự kill con beat :lửa: :lửa: :lửa: Giờ nó hẹo rồi :cười_ra_nước_mắt: :cười_ra_nước_mắt: :cười_ra_nước_mắt:
3254,Hình_ảnh thì đẹp thật nhưng giọng thì chả đâu vào đâu: ) ) Cả lời bài hát nghe cũng không hiểu cmg = ) )
3255,từ phí phương anh giờ lại chipu chắc là puanh gét hát vì em còn chiếc ố
3256,Chắc hôm_nay 22 / 8: được 40 trời lượt xem! Nhah lên sky ơi vào vào lượt xem lượt xem nhah nhah!
3257,Thề mới_đầu nghe cảm_thấy :phân: giờ nghe nhiều lại thấy hay: 3: 3 mỗi_tội hát live dở quá: ) )
3258,hay. nghe mãi không chán. cảm_ơn tùng. cũng cảm_ơn bon gato giúp tùng của chúng_em ngày_càng đẳng_cấp
3259,lại cứ thích xem đi xem_lại. bị nghiện chăng??????????
3260,mv này hay quá suot ngày nghe đi nghe lại mà không thấy chán.... :mặt_thiên_thần: :mặt_thiên_thần: :mặt_thiên_thần: Chúng_ta không thuộc về nhau... :mặt_thiên_thần:....
3261,không có anh thì nhạc việt không bước qua cái ao làng
3262,Hero rap hay quá làm em học rap không kiệp luôn
3263,"Chị ơi, đời mà, có cái này thì mất cái kia, chị có ngoại_hình đẹp đổi lại chị hát dỡ cũng chả sao: ) ) )"
3264,Đoạn rap của anh TÔI - gaming không bít sao nghe hơi bị cuốn: > >
3265,minh thích ST mat rui lam sao de thanh sky day
3266,Hát max hay con HT hát hay mẹ gì giọng éo hay được cái lời của Ông mr siro hay thôi bài hát hay nhờ tác_giả
3267,em có đứa bạn bị liệt 7 năm khi em mở bài nhạc này lên nó đã đứng dậy và tắt bài này đi cảm_ơn anh Đỗ_Phú_Quý nhiều ạ!
3268,Chị hát hay. Xik gái. Đầu_tư rất công_phu. Cố lên nhé chị Chi_Pu :hôn_gió: :hôn_gió:. EM thích bài hát này lắm
3269,"cộng_đồng Fan_ARMY, EXO - L, VIP. chọt đúng ổ quá. bản masup có đầu_tư"
3270,Hát hay không bằng hay hát. EM nghĩ chị sẽ trau_dồi giọng hát sẽ hay hơn. Chúc chị thành_công
3271,"Mình thấy bài này nghe cũng được, giọng của Chi_Pu cũng không đến_nỗi tệ sao không thích khủng_khiếp vậy, theo cho kịp mốt hả."
3272,tôi đang nghiện bài này có ai như tôi không. mở loa bự nghe rất hay.
3273,chỉ mv đẹp thôi. giọng thì không có gì đặc_sắc
3274,"Cập_nhật lúc 18h, 22 / 2 / 2017 Chúng_Ta Không_Thuộc_Về_Nhau | Official_Music_Video | Sơn_Tùng_MÀY - TP 100, 885, 348 LẠC TRÔI | OFFICIAL MUSIC VIDEO | SƠN TÙNG MÀY - TP 91, 470, 367 Em Của Ngày Hôm_Qua - Sơn_Tùng_MTP ( Official_MV ) 90, 344, 478 Buông_Đôi_Tay_Nhau Ra | OFFICIAL MUSIC VIDEO | Sơn_Tùng_MÀY - TP 61, 961, 130 Âm_Thầm Bên Em | OFFICIAL MUSIC VIDEO | Sơn_Tùng_MÀY - TP 46, 312, 811 Chắc Ai_Đó_Sẽ_Về | Sơn_Tùng_MTP | OFFICIAL MUSIC VIDEO | Nhạc trẻ hay 43, 847, 150 NƠI NÀY CÓ ANH | OFFICIAL MUSIC VIDEO | SƠN TÙNG MÀY - TP 39, 107, 407 Nắng_Ấm_Xa_Dần - MTP Sơn_Tùng KHÔNG + 35. 515. 328 [ OFFICIAL MV ] I Sơn_Tùng_MTP_I Ấn_Nút_Nhớ … Thả_Giấc_Mơ 29, 551, 753 VIRAL CLIP - MỘT NĂM MỚI BÌNH_AN | SƠN TÙNG MÀY - TP 27, 618, 457 Cơn_Mưa_Ngang_Qua - MTP Sơn_Tùng KHÔNG + 21. 865. 686"
3275,Tùng đẹp_trai và hát hay gần bằng tôi!!!
3276,trên thế_giới này có hàng tá bài nhạc na_ná nhau sao lại cứ phải đem Sơn_Tùng ra soi nhỉ??? Tôi thấy MV hay mà!!
3277,Bạn tôi từ một người tàn_tật khi nghe bài này nó dậy và nó đi_tắt bài này kể từ đó là nó hết bị tàn_tật em cảm_ơn anh
3278,chi pu ơi mong chị làm video hay hơn_nữa nhé em thấy bài này hay lằm chị ạ đối va anti là tệ nhưng đối_với em thì hay lắm chi à. Mong chi sẽ thẳng tiến trên con đương ca_hát của mình
3279,Dám chắc 1 điều những đứa trê bài này thảm_hoạ nhưng sẽ cũng nghe lại bài này ít_nhất 1 lần. nói thật bài này rất hay không phải fan chipu nhưng cũng phải nói thật
3280,Chúc_mừng chàng traiiii nhé! 12m rồi..! Cậu tuyệt lắm
3281,cứ coi như bài này là bày cove cộng mashup của máy bài kia đi mấy chú khó_khăn quá
3282,Cày lượt xem nào! Top 1 trending thẳng tiến nhaaa
3283,"CẢM_ƠN ĐỖ PHÚ_QUÝ, HÀNG_XÓM NHÀ TÔI THƯỜNG_XUYÊN HÁT KARAOKE ĐẾN KHUYA NÊN TÔI CẢM_THẤY RẤT PHIỀN_PHỨC VÌ Ô_NHIỄM TIẾNG ỒN, SAU KHI MỞ BÀI HÁT NÀY LÊN CHO CẢ XÓM NGHE THÌ THẬT KÌ_DIỆU, GIỜ_ĐÂY THAY_VÌ TỤ_TẬP HÁT KARAOKE VÀO MỖI BUỔI TỐI THÌ HỌ ĐÃ CHUYỂN NHÀ ĐI HẾT VÀ KHÔNG CÒN AI LÀM ỒN VÀO MỖI BUỔI TỐI NỮA, PHẢI NÓI BÀI HÁT CÒN CÓ SỨC_MẠNH TRÊN CẢ Ô_NHIỄM TIẾNG ỒN: ( ( ( ("
3284,Mọi người thấy ai bắn hay nhất? mình chọn Mèo_Simmy
3285,không liên_quan nhưng_mà thấy mấy chị mẫu_tây xinh thật í. nói chị vậy thôi chứ có 2 người sinh năm 2000: ) )
3286,không: 24 We don ' tôi talk anymore không: 58 Empty - WINNER + 1 chút của Loser - BIGBANG 1: 41: Fire - BTS ( Khúc rap ) 2: 13 Sober - BIGBANG Khúc nhảy Background của GD trong One_Of_ANH_Kind 3: 10 Loser - BIGBANG ( Khúc ngã xuống bồn_tắm của GD )
3287,"Nhờ anh mà ngày nào em cũng được nghe chửi từ mẹ vì khi mẹ em đang buồn đi vệ_sinh mà em lỡ bấm phk bài này, chúc anh sẽ đéo bảo giờ viết thêm được bài nào nx :ôm:"
3288,Chi pu hát hay nhưng không chọn đúng bài rồi Âm_thanh hình_ảnh rất tốt nhưng bài hát có vấn_đề
3289,Thính_giả của chi pu là có hai loại: antifan và fan rồi. ngoaif những người chê_bai chi thì vẫn có những người như chúng_tôi mong_đợi những mv mới của chi nên_chi không cần buồn_phiền nhiều.
3290,thêm 1 tháng nữa có được 100 trời lượt xem không mọi người ơi :cười_toát_mồ_hôi: :cười_toát_mồ_hôi: cố lên nhé sky ' ss ctktvn sẽ đạt 100 trời lượt xem trước tết có đồng_ý không sky ơii
3291,Việt_Nam kg hổ_danh là Không trọng người tài....
3292,"Luôn ủng_hộ bạn, hãy cứ làm theo những gì mình theo_đuổi. CHÚC BẠN THÀNH_CÔNG :hôn_nhắm_mắt: :hôn_nhắm_mắt: :hôn_nhắm_mắt:"
3293,Nhắm_mắt ơ thờ anh không muốn lạc vào trong nổi đau này
3294,fan của « nhạc hay_là nghe » chúc tùng thành_công
3295,"mình không phải là sky mình không am_hiểu về nhạc nhiều từ bài này đưa mình đến MV we don ' tôi talke anymore nghe đi nghe lại 2 bài này mún mòn rùi mak cũng chẳng giống ngoài lặp lại từ nhiều lần hãy là người có văn_hoá đừng qua bên Mv ngta mak chửi_bới Tùng ngta đang có ý_nghĩ không tốt về đất_nước mình rùi đó xem_lại thái_độ đi những người "" trẻ trâu "" mún gì thì thì qua Mv này mak làm anh_hùng bàn_phím đi nhé"
3296,không hỉu tại_sao lại nhìu không thích. ráng nghe đi nghe lại thì thấy điều đó là quá đúng: ) )
3297,tôi biết anti học giỏi tiếng anh đâu cần giả làm người nước_ngoài để chửi sếp tùng đâu. sao người nước_ngoài gì mà đọc tiếng việt đến đâu hiểu đến đấy vậy anti - - > tớ khinh
3298,Nếu bạn đặt bài hát này làm báo_thức thì bạn sẽ thức dậy trước cả báo_thức
3299,sky của sếp đâu òi sao mà lượt lượt xem tăng chậm za
3300,Cảm_ơn anh vì giúp em tìm ra cách phong ấn mọi giác_quan của đứa mình ghét :cười_đỏ_má:
3301,Không phải là mọi người hả em là fan của mọi người nè
3302,oh oh oh hát như gà gáy ý em chỉ góp_ý vậy thôi fan chipu đừg cắn em nhá :cười_ra_nước_mắt:
3303,Nghe lại những bài trc đợi sếp ra bài mới
3304,"tôi da nghe tac ca nhung bai tôi mày noi dao. ma cha nghe giong cm gì ca ~,,,, mày, anh cong nhan antj dong thiet"
3305,SIMMY đấu với cô Ngân thì chị SIMMY thắng rồi cô Ngân hát như đọc thơ vậy
3306,sống trong cuộc_đời phải_biết cho đi nhé nhưng cho đi được cái nịt = ]
3307,Xinh thì xinh thật đấy... mà hát thì.... nói_thẳng ra là như lol.
3308,TÔI thấy hay và đã thích đéo biết tụi bây thấy dở chổ nào. Hay chỉ hùa theo số đông. Mv đẹp. Cái nhạc nv nên phải hát nv thôi.
3309,Để anh ấy sống nz! Suốt ngày SOI! Lũ anti!!!!
3310,Sự_thật thì chị hát không được nên đừng lấn_sân
3311,bây_giờ còn có thêm cả người nước_ngoài bình_luận nữa nổi_tiếng ghê
3312,bài hát phong_cách rất đậm chất chipu. sôi_động.! ; hồn_nhiên. mv cũng ấn_tượng. hơn hẳn mv những ca_sĩ hát lâu năm!!. bài của hương tràm nghe 1vài lần là chán. bài này nghe hoài không chán.!!!
3313,"Tùng giỏi lắm, cứ cố_gắng nhé... Em và đgđ Sky sẽ mãi_mãi bên Oppa, ủng_hộ và yêu oppa nhiều..... YÊU OPPA"
3314,"Trời_đất_ơi là trời, xem mv này có cảm_giác như bị tát vào mặt vì công_sức bao năm xây_dựng của CP để thoát ra khỏi hình_ảnh hotgirl nay đã đổ sông đổ biển. Khổ quá điiiiiiii :sốc:"
3315,Không bt có ai thấy đoạn rap nhạc như của bài fire bts ki í nhỉ :mặt_ranh_mãnh:
3316,Mọi không đấu với nhau để phân thắng_bại. Love_Sam và Sim :hôn_gió:
3317,khúc 2p long mi chị đó giống muốn rớt ra vậy
3318,sao coi đi coi lại lượt lượt xem như ban_đầu không tăg lên gì????
3319,Lạ vãi cả lúa ngta review ngta cũng ăn mà dân ngu đòi giải_thích :cười_ra_nước_mắt:
3320,"Như 1 thằng điên, không ra 1 hình_thức và thể_thống gì, không có 1 chút ý_nghĩa, nói_chung hâm vãi l"
3321,Không là fan nhưng không phủ_nhận bài hát cũng khá hay không như một_số người nào đấy chê_bai là thảm_hoạ = ) ) )
3322,"Không thích theo phong_trào, sao phải GATO trước sự thành_công của chi pu: )"
3323,thấy cũng được mà sao mấy mẹ chửi dử vậy
3324,chưa đầy 1 ngày ra_mắt mà hơn 2 triệu lượt xem rồiiii càng soi càng sáng: )
3325,"Xin_lỗi các bạn fan Chipu rằng mặc_dù phong_cách thì tuyệt_vời nhưng giọng hát của Chipu thì không phù_hợp làm ca_sĩ được. Thật lòng nhận_xét từ khía_cạnh người nghe, không hay!!"
3326,"Thấy thương thật, gì mà không thích nó leo tận lên cả hơn 100k thế kia"
3327,Chị rơi nước_mắt tên gì nhỉ? đẹp ghê :mắt_trái_tim: :mắt_trái_tim: :mắt_trái_tim:
3328,"ôi daniel, chất giọng này sai rồi, lại sai rồi."
3329,EM mới nghe lần đầu mà đã ghiền.. chị cố lên.. Người ta nói được cái miệng nhưng vẫn nghe đấy thoi
3330,"Fan_Akiho_Yoshizawa chúc Tùng thành_công nhé... "" Tung bông, Tung_Hoa """
3331,Liệu rằng MV này có cán mốc 500. 000 thích kỷ_lục lịch_sử Youtube Việt_Nam không nhỉ???
3332,Sao nghe hát mà mình thấy mệt thế cảm_giác mình bị hết_hơi
3333,Cần 500 anh_em cùng mình cày lên 100tr views. Ai đồng_ý giơ tay :vẫy_tay: :vẫy_tay: :vẫy_tay:
3334,chúng_ta không luộc được rau... chúng_ta không đập được nhau....
3335,"Hình_ảnh đẹp thật đấy, Chi cũng xinh nữa!!! chỉ cần rèn_luyện thêm phần hát nữa là ok rồi. :trái_tim_đỏ: Đây mới chỉ là bắt_đầu thôi,,, Chúc Chi sẽ thành_công trên con đường sắp tới!!!"
3336,Giọng chỉnh nhiều như này thì ai cũng làm ca_sĩ được à :cười_ra_nước_mắt: :cười_ra_nước_mắt:
3337,"tôi vào đây nghe thử bài này, hồi đó bị ù tai, nghe xong điếc cmn luôn: vậy"
3338,Tôi đối_với bài này thì cũng hay bạn nào fan đỗ Phú_quý nghe bài này mới hay :thích:
3339,Có tài thì họ ghét mà bất_tài thì họ khinh... xã_hội bây_giờ phức tạm lắm...
3340,Tôi ủng_hộ hero team cả nhóm rap quá đỉnh_cao
3341,Né ra xa nhà EXO - L dùm Tùng nhá đừng làm dơ bài Monster của mấy oppa ngen
3342,"Dùng 1 acc ở Cốc_Cốc, 1 acc ở "" em "" và 1 acc ở Google thì có tính viu được không vậy Sky?? Trả lại nhanh hộ tôi.."
3343,Phụ_đề nhiều thứ tiếng nhưng sao tiếng Anh phổ_biến thì không có nhỉ
3344,"Phải nói là phục mấy bạn anti, bỏ thời_gian vào xem để soi. Soi được gì chưa: ) ) ) ) )"
3345,"Chúng_ta không thuộc về nhau -: vậy chế Chúng_ta không luộc được rau: 3: vậy: vậy: 3: 3 Chúng_ta không luộc được rau - MTP Chúng_ta không luộc được nhau Chúng_ta không nợ tiền nhau Chúng_ta không luộc được rau Em hãy cứ đi, phun thuốc, trừ sâu... ầu Giấc mơ ta đi luộc rau Trái_tim không luộc được đâu Xoá đi, những gì thuộc về rau Anh lỡ xoá luôn trái_tim, và rau rồi Chúng_ta không thuộc về nhau Chúng_ta không thuộc về Chúng_ta không thuộc về nhau Chúng_ta không thuộc về.. Chúng_ta không kịp về, đâuuuu Không kip luộc rau! Không kịp về đâuu ô trễ rồi ô ôi....!!"
3346,76 triệu sau hơn 2 tháng phá kỉ_lục rồi :sợ_hãi: :sợ_hãi: :sợ_hãi:
3347,"Ê nghe nhiều riết cũng nghiện, em nghĩ anh Quí không xứng_đáng để bị chửi thậm_tệ như_vậy mong anh rút kinh_nghiệm cho sản_phẩm sau :trái_tim_đỏ:"
3348,Bộ lấy google translate dịch bài này hay sao mà câu từ lủng_củng vậy?
3349,"Cái gì mà cứ pickleball quài vậy. Mở nhạc nghe chill mà mở xong mệt thêm á, thích ổng mà nghe xong thì hết bênh nổi. Quá thất_vọng :thất_vọng: :mệt_mỏi:"
3350,"EM nói thật lần này là lần đầu em vào xem mv của chị chi pu và cũng là lần cuối :cười_toát_mồ_hôi: chất giọg của chị khó nghe quá, chị nên học thanh_nhạc lại"
3351,1 thích thật to cho chị ci pu nè :nháy_mắt: :nháy_mắt: :nháy_mắt: :nháy_mắt: :mặt_thiên_thần: :mặt_thiên_thần: :mặt_thiên_thần: :cười_híp_mắt: :cười_híp_mắt: :hôn_mỉm_cười: :nháy_mắt:0 :nháy_mắt:1 :nháy_mắt:2 :nháy_mắt:3 :nháy_mắt:4 :nháy_mắt:5
3352,Fan_Bà_Tưng chúc Sơn_Tùng quay tay thành_công!!!!!!!!!!!!!!!!!!!!!!!!!!
3353,"hát như đấm vào tai ý, tóm_lại là con này không hợp với ca_sĩ, không có tôi ố chất của ca_sĩ, hát thì đéo ra gì lại còn đi nói Hương_Tràm, hãy xem_lại mình trước nhé, giọng nghe kinh vãi cả lúa, cứ thật thật kiểu gì ấy, đéo truyền_cảm"
3354,Mẹ oi một đứa không ỉa cả tuần như tôi mà nghe xong bài này mà chạy vào nhà với luôn :cười_ra_nước_mắt: :cười_ra_nước_mắt: :cười_ra_nước_mắt:
3355,"Bị chê nhiều làm lượt xem_lại tăng cáo. Chị ấy lại tưởng mình đa_tài thật. :cười_ra_nước_mắt: :cười_ra_nước_mắt:. Người đâu mà ngoài khuôn_mặt xinh_đẹp ra chẳng có tố_chất nghệ_thuật ở mảng nào cả. Thôi chị ạ, có nhưg cái cố là có_thể thay_đổi được, nhưg có những thứ là ngoài tầm tay với. Giống như chị không_thể ngăn_cản thời_gian ngừng trôi á. :cười_ra_nước_mắt: :cười_ra_nước_mắt: :cười_ra_nước_mắt: :cười_ra_nước_mắt:"
3356,. Tùng ơi_là tùng mê ơi_là mê thương ơi_là thương. Phát cuồng vì Tùng. Chời ơi_là chời. Sky ' s ơi_là sky ' s. Chời ơiii = ) ) ) ) ) ) ) ) ) ) ) ) ) ) )
3357,"Cảm_ơn DPQ, chuyện là ngôi nhà tôi mua 1 năm được rao bán giá rất rẻ. Mua lại căn nhà nghe đồn là ma ám, tưởng phải mời thầy_pháp về trừ_tà, ai_ngờ tự giải_quyết được trong vòng một nốt_nhạc – đúng nghĩa_đen luôn. Tối đầu_tiên, tôi mở loa bật nhạc Đỗ_Phú_Quí để chill, định tạo không_khí. Ai dè, chưa hết bài đầu thì một con ma hiện ra, mặt nhăn như bánh_đa nhúng nước, nói: ' Tắt nhạc đi! Tụi tôi làm_ma chứ có làm gì nên tội đâu! ' Tôi đang ngơ_ngác chưa kịp bấm dừng, thì một con khác ló ra, hét: ' Thôi, dọn chỗ khác sống, chịu không nổi! ' Vậy là nguyên đám_ma tự bỏ đi sạch_sẽ. Từ đó mới biết, nhạc Đỗ_Phú_Quí không_chỉ thử_thách thần_kinh người sống mà_còn ám_ảnh cả cõi_âm! :cười_đỏ_má: :cười_đỏ_má: :cười_đỏ_má:"
3358,Bài hát hay mà. Cơ_mà phần hình_ảnh thấy kiểu gì ý
3359,sau MV này cậu ấy sẽ nổi_tiếng trên thế_giới
3360,nhay dieu nhay cua 4 minute với teayeon nhsy dieu nhay cua con gai 3... d
3361,"Nghe kĩ cái lúc "" Tinh về nơi đâu, cô_đơn đôi chân lạc trôi giữa bầu_trời "" và khúc của WDTA là "" Don ' tôi wanna know kinda dress you ' re wearing tonight "" thì là giống nhau hoàn_toàn."
3362,tụi này cứ thích soi vậy đấy thì ls: ) ) nhìn số không thích mạnh gê :la_hét_sợ: mị thích = ) ) sky cố lên nhé
3363,Tuyệt rất rất hay luôn :trái_tim_xanh_lá: :trái_tim_xanh_lá: mãi yêu bà Chi dễ_thương :trái_tim_xanh_lá: :trái_tim_xanh_lá: :trái_tim_xanh_lá: :trái_tim_xanh_lá:
3364,"* * * * * Lời bài hát Chorus: Anh hẹn em Pickleball_Ta vờn nhau Pickleball_Tay vợt bên dưới hông Anh đập banh, đập banh Đến em mạnh vào Ta chỉ chơi Pickleball Không nên vượt mức Pickleball_Đưa vợt anh tiếp banh High and low Từ thấp đến trên cao Ta chỉ gặp chơi Pickleball. Verse: Chơi bao_nhiêu nhưng em nhắc anh Em không dễ_dàng Không nên tia em, tia trái banh Thua game, rời em Không được lơ_là đưa chân quá gần Hãy kiềm_chế nào! Thua mà 5 lần, em sẽ nằm trên anh ( Ý anh là điểm mà! ) Pre_Chorus: Thế_nào là hơn thua Thế_nào là mình ganh_đua Em focus vào tâm_trí anh chưa? Vừa thắng liền tham_lam Lùi chút chút lùi về sau không chạm Lùi xuống sâu vào ….. Chorus: Anh hẹn em Pickleball_Ta vờn nhau Pickleball_Tay vợt bên dưới hông Anh đập banh, đập banh Đến em mạnh vào Ta chỉ chơi Pickleball Không nên vượt mức Pickleball_Đưa vợt anh tiếp banh High and low Từ thấp đến trên cao Ta chỉ gặp chơi Pickleball_Verse 2 Pick it up. Pick it up. Pick it up Your ball Aim at me now Take that Smack that Holla back at me You came for it Let me hit you back Bang bang bang bang bang bang bang It sounds really bad Better look up Or I will catch up … and Sheesh! Pre_Chorus: Thế_nào là hơn thua Thế_nào là mình ganh_đua Em focus vào tâm_trí anh chưa? Vừa thắng liền tham_lam Lùi chút chút lùi về sau không chạm Lùi xuống sâu vào ….. Chorus: Anh hẹn em Pickleball_Ta vờn nhau Pickleball_Tay vợt bên dưới hông Anh đập banh, đập banh Đến em mạnh vào Ta chỉ chơi Pickleball Không nên vượt mức Pickleball_Đưa vợt anh tiếp banh High and low Từ thấp đến trên cao Ta chỉ gặp chơi Pickleball_Post_Chorus_Ta chỉ gặp chơi Pickleball ( Don ’ tôi cross the line ) Xong đi về ( Down the line ) Ta chỉ được chơi Pickleball ( Don ’ tôi cross the line ) Chơi xong về ( Down the line ) Ta chỉ gặp chơi Pickleball ( Don ’ tôi cross the line ) Xong đi về ( Down the line ) Ta chỉ được chơi Pickleball ( Don ’ tôi cross the line ) Chơi xong về Ta chỉ gặp chơi Pickleball … Chơi xong về …"
3365,"Rất hay, tuyệt_vời tùng ơi, mặc_kệ bọn anti nói gì đừng qan tâm là được"
3366,Không phải anti nhưng công_nhận giống. Còn giọng hát của tùng thì hay nhưng từ thì lại không lọi tai khi rap rất khó nghe. Học theo của người ta cũng có gì sai đâu. Nói_chung vẫn ủng_hộ vì ở độ tuổi tùng vẫn đầy thanh_niên ăn_bám bố_mẹ mà chẳng làm ra được đồng_tiền ngồn_dảnh hơn phán
3367,Hát thì nghe cũng được đó.... Nhưng nhìn mặt chi pu thấy lãng lãng s vậy đo
3368,100tr rồi. Tập_trung vào Lạc trôi và Nơi này có anh đê
3369,Với lượt lượt xem như_thế ca_sĩ Kpop còn mơ_ước chứ nói chi VIỆT_NAM
3370,"Con trai rap giọng hay hơn mấy chị, theo mình là thế"
3371,Tuy tớ không phải fan của Hero nhưng tớ thấy cũng hay
3372,mình thấy khá nể bạn đấy st mtp. cảm_thấy mình như một đứa trẻ trong khi mình và bạn bằng tuổi nhau!
3373,tuy không phải sky nhưng rất thích nghe những bài hát của mtp...... không hiểu tại_sao có nhiều bạn anti tớ nghiện bài hát này rồi
3374,: ) ) ) ) ) nhạc này gây ung_thư chứ đéo hồi được máu
3375,cứ cách vài phút lại nhấn F5 xem sự thay_đổi lượt xem mà cũng thấy choáng: 3
3376,"bây_giờ mình đã hiểu tại_sao MV này bị mọi người bàn_tán xôn_xao mấy hôm_nay rồi, thì_ra là vì lời bài hát không có nghĩa, nó thật_sự là không có ý_nghĩa gì sâu_sắc cả, lời bài hát ngắn, lặp_đi_lặp_lại, MV và lời bài hát không ăn_nhập với nhau, "" Từ hôm_nay "" tên bài hát không hề liên_quan đến mây, cây, và các vòng màu_sắc chạy vòng_vòng. Mình nghĩ MV chị ấy thực_hiện bằng cách quay trên nền xanh, và ghép đồ_hoạ vào. Chị Chi_Pu không thật_sự đầu_tư vào sản_phẩm đầu_tay lắm, mình cảm_nhận như_vậy! Chi_Pu hát không có hồn trong chất giọng! Theo ý_kiến cảm_nhận cá_nhân của mình, mình thật_sự không thích MV này lắm, đoạn Chorus cứ văng văng trong đầu mình theo cách mình không hề thích chút nào, cách khác gọi là mình ghét, thấy khó_chịu khi phải nghĩ đến đoạn Chorus. Mong chị Chi_Pu sẽ cố_gắng nhiều hơn trong các tác_phẩm tiếp_theo nhé! Chúc chị thành_công!"
3377,"không: 44 "" Nhắm_mắt ơ thờ anh không muốn lạc vào trong nỗi đau này "" thích nhất khúc đó."
3378,Fan chính mình chúc Tùng thành_công kiêm sớm mọc lông. ( sky trá_hình: - ) )
3379,nhạc hay nhưng vẫn phải không thích theo phong_trào: VẬY
3380,sky mãi_mãi yêu anh. Đừng bận_tâm tới những lời_lẽ không hay nhé!!!!!
3381,có ai vào để đọc cmt của bọn nc ngoài rồi google dịch không: ) ) ) ) ) ) nổi ra tận nc ngoài: 3
3382,"Tức nhiên là chọn Hero_Team rồi, các anh_chị rap hay quá... không phải team kia đâu nhé..."
3383,giọng thì cũng được đi nhưng bài hát khó nghe vãi đái
3384,Xem xong mv la tôi không thích Ngay! Không co 1 chit cam xuc gi het! Pai co tinh sang Tôi va dot pha moi gay dx an Tưong manh
3385,"Lời nhạc hay, giai_điệu hay ý_nghĩa: tình_yêu phải xuất_phát từ trái_tim nếu không_chỉ là chia_ly."
3386,"tôi thấy bài này là một bài rất suất xắc, người sản_xuất ra bài hát này quả là 1 người tài_năng, đào_hoa về việc hành_hạ lỗ tai theo cách dã_man nhất có_thể, tôi thà bị quân xâm_lược tra_tấn còn hơn"
3387,"ANH NÀY VỪA RA BÀI MỚI, ĐỀ_NGHỊ ANH NHÉT NÓ VÀO LẠI :nói: ️ :lửa: :lửa: :lửa:"
3388,vãi cả disslike thôi_thì em tặng chị 1 quả không thích nữa nhé
3389,chắc chỉ có là thấy mấy bạn này rap như....... rất hay
3390,tôi không thấy được sự menly của anh này khi đóng chung với model tây
3391,"Phân_tích "" Chúng_ta không talk anymore "" của tùng núi = ) ) ) - Beat giống We don ' tôi talk anymore - Cảnh đẩy vào bồn sữa giống Eureka của Zico - Cảnh trên đường_ray giống BIGBANG - Cảnh nằm trên đường_ray giống Sehun trong Love_Me_Right của EXO - Hình_ảnh nguyên 1 dải bàn tiệc trắng như MV Monster của EXO - Áo blouse trắng thì như Baekhyun trong Unfair - Cảnh phun khói giống Why của Taeyeon & Sober của BIGBANG - Phân khúc rap thì bê nguyên phần rap của Rap_Monster trong Fire của BTS vào - Tạo_hình nhân_vật tôi cứ liên_tưởng tới TÔI. KHÔNG. P trong Loser - Phần dance đội_hình như Cause I_Love_You của Noo :cười_đỏ_má: siêu vãi cả lúa = ) ) ) ) ) update: - Cái đôi giày màu xanh giống của Taeyeon trong Why dance ver - Đoạn đầu MV cảnh lắp búp_bê giống mv Turn me on của Nicki - Xăm tay giống Taeil của Block_BẠN - Tóc và turban giống TaeYong của NCT 127 - Bộ trắng áo trong xanh giống Kai trong Call_Me_Baby_Trích."
3392,Hát như buồi: 3 dùng chỉnh giọng quá_đà quá: 3. Chúc chị đéo thành_công hi
3393,Phía trước bây_giờ ai đang nắm chặt bàn_tay của em vậy?
3394,"Không qt giống... Hay không!! Với em hay_là dkkkkk "" "" "" "" """
3395,"EM ỦNG_HỘ CHỊ, CỐ_GẮNG LÊN CHỊ NHÉ! Yêu chị, mặc_kệ bọn họ nói gì đi chị nhé < 3"
3396,Mấy bạn cứ giả_bộ coi đây là nhạc Hàn được dịch lại điiii: ) ) ) Chi pu cũng đã rất cố_gắng: ) ) ) )
3397,chi la nhac thoi nghe hay được roi em không phai sky nhung em noi dung ma: vậy
3398,bài này hay thật nhưng_mà mình thấy đoạn ráp hơi giống đoạn ráp fire của bts. có ai thấy giống không.
3399,Hay va rat de thuong co gang that nhieu nhe ban
3400,"mọi người ơi psmcg lượt xem hơn ctktvn rồi kìa, cùng ctktvn chạy như bay đi"
3401,Xem lời bài hát như dạy đánh_vần hoặc vietsub phim_con heo... Bộ tác_giả bí lời hay sao mà cứ oh oh oh rồi anh anh anh lập đi lập lại gần hết cả bài... Lần đầu_ra bài hát thì kiếm bài cho nó ý_nghĩa chút chứ trời... thua
3402,hay mà. mb có làm được vậy chưa mà chê nhiều thế
3403,"Sáng vào xem thấy hơn 50, 2Triệu rồi, vui quá, < 3 sky"
3404,Có ai giống tôi ngằy vào đôi bố lần chỉ xem bao_nhiêu KHÔNG viu và đọc commen không :suy_nghĩ: :suy_nghĩ: :suy_nghĩ:
3405,"Chắc là Chi_Pu đã đọc cuốn "" Chạm tới giấc mơ "" của Sơn_Tùng đây mà :cười_ra_nước_mắt:"
3406,Thích sắp đuổi kịp Không thích rồi. Ai có nhiều gmail thì Xuất / Nhập lẹ lẹ lên còn vô Không thích nhé!
3407,Từ lúc biết nghe nhạc đến giờ chưa thấy bài nào vô_nghĩa như này :cười_đỏ_má:
3408,"Mv + hát như hạch, không không thích cũng uổng, cột hơi thì không có, xử_lý quá tệ, không_thể_nào nuốt nổi các chữ xa "" mợ "", hững "" hợ "", mong "" chợ,... Nếu chị biết yên_phận làm người_mẫu ảnh thì dân_chúng cũng đỡ chửi, chị cũng đỡ nhục mặt hơn. Mặt đẹp thật nhưng không có tài gì khác ngoài làm mẫu ảnh thôi. Chị làm MC cũng không ra_hồn, đóng phim cũng dở tệ, không hấp_dẫn. Chi có_thể làm gì được trong showbiz đây? Đừng nghĩ có tiền và đẹp là trên_hết nhé. MV của chị được nhiều lượt lượt xem cũng nhờ HT thôi: ) chúc chị mau mau nhận ra mình hát khó nghe như_thế_nào :hôn_gió:"
3409,"AE tắt chế_độ "" Tự_động phát tiếp "" bài BBBB đi nhé, click trái vào MV bật vòng lặp"
3410,Em đã xem. em rất thích chị tên gì em rất tham mô chị Em tên trinh chị vừa đẹp vừa hát thay
3411,mong là chipu đừng như TWICE phiên_bản VIỆT_NAM ( nói vậy thì hiểu rồi ha )
3412,Ăn đờ thì đâm thẳng mặt Sâu bít thì đâm sau lưng: vậy
3413,Nhà trên mây thật à? Chị thở trong nước được à? Chị xinh thật :mắt_trái_tim: :hôn_gió: :chu_môi: :hôn_gió: :hôn_gió: :hôn_gió: :hôn_gió: :hôn_gió: :hôn_gió: :hôn_gió: :hôn_gió:0 :hôn_gió:1 :hôn_gió:2 :hôn_gió:3
3414,x mình chi nghe được chung ta không thuộc về nhau
3415,"Chi pu hát hay Có_điều phát_âm giọng bắt chữ "" Hôm_Nay "" ( đoạn đầu ) chưa chuẩn giọng bắt"
3416,"Dù hay_dở cũng là tâm_huyết của bạn, cảm_thấy chưa thực_sự tốt nhưng vẫn thích ủng_hộ bạn trong những sản_phẩm tiếp_theo"
3417,Nhờ mấy nhỏ bạn cứ pickleball tôi mới biết được bài này đó: ) ) :cười_với_trái_tim:
3418,tôi yêu trà xanh không độ nhất video của anh Tùng :thích:
3419,để mình nói cho mà nghe số lượt xem răng là do tò_mò thôi 134N không thích mà
3420,Bài này hay mà Hay lại phong_trào không thích -. -
3421,thuộc bài lạc trôi rồi ( cả ráp ) kỉ_lục của mình đó... ahihi
3422,MV đẹp. Nội_dung hay. Bài hát tuyệt_vời. Đó chỉ có_thể là Sơn_Tùng_MTP. ( không tiếp anti nhé )
3423,"Mình không phải Fan hay AntiFan với MTP. Nhưng theo mình đã là người VIỆT_NAM với nhau. Không ủng_hộ nhau, không bảo_vệ nhau thì tốt nhất là cứ im_lặng nghe nhạc tận_hưởng thôi mọi người ạ. Đừng vạch ÁO VIệt để người QUỐC_TẾ xem lưng. Người VIỆT_NAM với nhau cả mà sao cứ phải soi_mói nhau thế: ("
3424,"Cảm_ơn Đỗ_Phú_Quí đã giúp dạ_dày của em không chịu quá nhiều gánh nặng, sau khi em nghe bài này thì thức_ăn chx kịp chui xuống dạ_dày thì đã phọt hết ra ngoài :cười_đỏ_má:"
3425,cố cày MV CTKTVN vượt được ATN trong cuối năm nay hoặc đầu năm sau nào
3426,không phải anti cũng không sky. nhưng bài này không có gì đặc_sắc :mặt_ranh_mãnh:
3427,em rap theo hay quá_trời nhưng chỉ rap theo hero thôi
3428,"Có mấy câu, hết tiếng việt rồi chuyển sang tiếng anh, á á á á phê vãi chưởng"
3429,bài này hay mình rất thích nghe nghe hoài mà không chán
3430,Có ai biết nguyên_nhân bài này bị chê nhiều không.
3431,Chỉ là bài nhạc này không họp với pu nếu bài khác sẽ hay hơn vd như nhạc tâm_trạng
3432,31 triệu lượt xem!!!! ca_sĩ 1 - không - 2 tại VIỆT_NAM - _ -
3433,""" EM sẽ luôn mỉm cười "" smile lên nào chị ơi!"
3434,Hát cái méo gì vậy??? Có tiền tung movie chứ hát_hò kiểu này lên sân_khấu sao được
3435,Mấy bạn chán quá Chưa xem MV đã không thích nta rồi. Dù gì thì nta cũnh tốn công tốn sức chứ bộ Như mình này xem xong rồi không thích
3436,Có những thằng mẹ đem đi so từng li từng si clip của Sơn tùng tụi mày bị rãnh háng quá Sơn tùng Biết học âm_nhạc nước khác và đem nó về biến thành cái của mình trong đó có sự khác_biệt cùa Sơn_Tùng vô đó nữa là điều tốt
3437,"nge đi, nhe nhiều vào, ai nghĩ qì kệ họ.. y Tùng :trái_tim_đỏ: :trái_tim_đỏ:"
3438,Lần đầu nghe thì không thích Nghe thêm lần nữa thì thích luôn Nhạc hay nhảy đẹp... Chỉ tại dọng hát... Vẫn ủng_hộ :cười_toe_toét:
3439,không hay cho lắm.. @ @ mà không thích nhiều vãi cả lúa thế
3440,video nước_ngoài có nhiều cmt việt_nam nhất: we don ' tôi talk anymore video việt_nam có nhiều cmt nước_ngoài nhất: chúng_ta không thuộc về nhau.
3441,Em muốn chết chìm trong cái vẻ đẹp của anh ^ ^
3442,Vâng_Và_Nó_Đã Cán_Mốc 5 Triệu_Lượt_Xem: ) )
3443,Thôi thôi xin chị :lăn_ra_cười: :lăn_ra_cười: :lăn_ra_cười: :lăn_ra_cười: :lăn_ra_cười: làm diễn_viên là được rồi
3444,Công_nhận chi Pu đầu_tư trang_phục kinh_khủng thật
3445,"Dở muốn khóc luôn. Còn thua văn_nghệ trường nữa. Dừng lại đi Chi, đừng làm_trò cười. Producer nổi_tiếng Korea hay thế_giới đi_chăng_nữa cũng không cứu_vớt được Chi đâu :cười_toát_mồ_hôi:"
3446,Phải tắt chặn quảng_cáo vì nghe quảng_cáo còn hay hơn nghe anh hát
3447,Có ai thấy coi bài mới_rồi lại quay lại coi giống mình không
3448,Khôq thể bàn cải đó là một MV đẹp nhất từ trước tời giờ
3449,Nay đi nghe lại mấy bài hay nhất của Sơn_Tùng
3450,bài hát nghe xong không có cảm_xúc cũng chẳng hiểu gì luôn... nó dở đến lạ_kì...
3451,Tớ đợi cái MV hội_tụ nguyên cả cái Kpop và USUK của cậu = ) )
3452,"Mình thấy Chi có nét giống với Selena_Gomez, nổi lên từ hình_tượng xinh_đẹp. Bạn Sel hát cũng thường, đóng phim cũng thường nhưng rất nổi_tiếng. Đó là con đường của nghệ_sĩ xây_dựng hình_tượng đẹp, đa_tài, mỗi tài 1 tí. Bài hát này mình thấy ổn, nhạc dễ nghe, clip đầu_tư, màu_sắc sôi_động như kiểu của Katy_Perry đời_đầu. Với 1 ca_khúc dễ nghe thì giọng hát không cần khủng. Không nên so_sánh giọng khủng của nhạc ballad với nhạc dance pop. Chi_Pu chọn dòng nhạc phù_hợp với giọng mình là có khả_năng thành_công rồi. Tính ra thì Min với Erik cũng không có giọng lắm đâu ( nghe live í ẹ lắm ), nhưng chọn nhạc hợp thì vẫn thành_công đó thôi! Cơ_mà Chi bị ném đá vì hình_tượng đóng mác hot girl quá lâu rồi, từng lấn_sân sang điện_ảnh không thực_sự thành_công, nên chuyển sang âm_nhạc nhiều người sẽ khắt_khe hơn."
3453,Nói_Thật_Chi_Pu đừng buồn minh nhé.. Giọng Hát của bạn chưa có nhiều điểm nhấn.. còn hơi yếu... chưa có chiều sâu... Tuy_nhiên cách phối bài rất hay... bắt tai.. Cố_Lên cô gái...
3454,Doc comment cua moi Người ma Mac cuoi qua.. Hom_Này_Khoi phai xem hai Trường_giang
3455,- Fan_Sơn_Tùng với Justin bieber - Chúc sơn tùng Thành_công -
3456,"chẳng hiểu có đạo_diễn Hàn để làm gì mà kĩ_xảo quá tệ, đầu_tư hàng chục triệu cho quần_áo rồi pro mà không biết chăm_chút hình_ảnh. Giọng hát thì số Không thích đã cho thấy rõ"
3457,video này nhiều lượt xem vì nó quá BỰA :đảo_mắt: :đảo_mắt: :đảo_mắt: :đảo_mắt:
3458,bớt sủa đi. có bị kiện hay càng_ngày_càng nổi thì chống mắt lên mà xem
3459,tại_sao phải nghe nhận_xét tuừ những người không có kiến_thức về âm_nhạc. tôi không biết gì đến âm_nhạc nhưng tôi thấy bài này hay CP hát cũng hay đấy
3460,Lượt xem thua bản_gốc rồi nhé. mấy sky chụi khó mà cày lượt xem nhé.
3461,Jack vượt Tùng rùi Tùng top mấy đây Jack top 2 đóoo :chỉ_xuống: :chỉ_xuống: :chỉ_xuống:
3462,Em tôi đang bị táo_bón sau khi nghe bài này xong đã ỉ được
3463,Hay quá Tùng ơi càng nghe càng thấy nghiện rồi
3464,vào đọc cmt của mấy bác mà toàn cãi nhau. cũng mệt
3465,Chúng_Ta Không_Thuộc_Về_Nhau có vòng hợp_âm giống vòng hợp_âm của We_Don ' tôi Talk_Anymore bởi_vì nó cùng theo dòng Tropical_House nhưng kiểu phối là khác nhau hoàn_toàn.! vòng hợp_âm có rất nhiều cách phối nên có_thể nghe nó hơi giống chút nhưng khi nghe hai beat sẽ thấy khác nhau hoàn_toàn.
3466,2021 vẫn còn nghe: 3 nge bao nhiu lần thì nó vẫn đỉnk
3467,câu từ của bài này nghe nó không đi vào lòng.. cả bài hát có mỗi từ chúng_ta không thuộc vào nhau lặp_đi_lặp_lại nhìu qá.. không phải anti tùng cũng không phải fan
3468,"Hay mà, sao chúng_nó ném đá nhiều thế nhỉ"
3469,"Đoạn điệp_khúc hay đó, với_lại chipu hát kiểu nhấn câu cuối nghe không thích, bài này lời hàn thì hay hoen"
3470,chả thích Mv việt_nam mà có chất Hàn lẫn vào chút nào :bực_tức: :bực_tức: :bực_tức:
3471,thoi gian troi nhanh that. Moi do ma da 1 nam ruoi roi
3472,Tại_sao tôi nghe thấy câu we don ' tôi talk anymore = ( ( Tại_sao đoạn rap lại nghe đoạn của RapMon rap trong fire = ( ( ( Có phải tai của tôi bị gì không. okay fine = ( (
3473,sơn tùng cố lên shy luôn_luôn bên tung < 3 < 3
3474,"Anh_em sky, anti rảnh thì vào kênh của mình nghe mình cover bài của Sếp_Tùng nè!!!!!!"
3475,344 ngìn thích disslike 215 - ) ) ). Mv disslike nhiều nhất của nhạc Việt mà tôi gặp - ) )
3476,Cũng cố gặng vào đây cho Chi một cái không thích
3477,bài này giống_hệt we don ' tôi talk anemore. về đoạn rap giống_hệt đoạn ráp bài FIre của Bts
3478,vừa xem pew nói về mv này ms biết dis thích. that kinh_khủng
3479,"Hình_như mình thấy, ST fan gần nhìu nhất mà ghét cũng nhìu nhất: vv"
3480,"Nhiều người cứ bảo Chi_Phu đã rất cố_gắng rất nỗ_lực.. bla bla. Xin_lỗi, âm_nhạc là để nghe. Nỗ_lực kệ mẹ bạn. Bạn hát dở thì người ta chê. Tôi nghe nhạc cứ tôi không vào để xem bạn nỗ_lực. Nói thế những người hát hay như Thu_Minh, Mỹ Tâm thì không nỗ_lực à. Còn Chi_Pu, Hà_Hồ, Đông_Nhi thì nỗ_lực rèn_luyện nên xứng_đáng được khen dù họ hát không hay và bao_nhiêu năm luyện âm vẫn hát không hay nhưng họ có nỗ_lực?"
3481,còn hơn 1 trời views nud là bằng we don ' tôi talk anymore rồj... haha
3482,Nhờ PPA mà giờ bài nào của Chipu nghe cũng hay hơn hẳn: )
3483,Thực_sự mà nói thì Chi_Pu không hợp làm ca_sĩ đâu :mặt_vô_cảm: :mặt_vô_cảm: không thích không giới_hạn lần :không_thích: :không_thích: :không_thích:
3484,hãy thích nếu bây_giờ bạn vẫn còn nghe < 3
3485,"MV đẹp, bài hát hay, gương_mặt đẹp chỉ có giọng hát là không đẹp. Tập_trung làm diễn_viên đi Chi à, 2 năm trước Chi về trường mình hát ở TDT gotlent mà buồn không muốn nghe"
3486,"eo ' quan_tâm dư_luận, ủng_hộ Tùng, Sky cố lên nhé = ) ) ) )"
3487,Giọng chi pu không phải xuất_sắc nhưng nếu tìm đúng bài hát phù_hợp vẫn ok mà. Mv diễn và nhảy đều không đẹp. Chi pu lần sau chọn bài phù_hợp và tìm ekip đạo_diễn ra mv hấp_dẫn hơn nhé. Cố lên!
3488,cũng dể nghe chứ có gì đâu mà không thích dử vậy
3489,"Rất là thích Chi.. nhưng với tư_cách là 1 khán_giả coi 1 mv thì em không_thể phủ_nhận mv này như là 1 mv nhạc Hàn đội_lốt nhạc Việt.. mv đẹp đầu_tư kỹ_lưỡng, nhưng nhạc thì em nghĩ nó không hợp với thị_hiếu âm_nhạc Việt_Nam lắm, nghe nó cứ ngang_ngang không có điểm nhấn, nhạc đậm chất Hàn, nên em nghĩ nó không hợp với_lại rất kén người nghe... đây là ý_kiến của em... vẫn luôn support Chi.. mong Chi luyện_tập thêm và mang đến khán_giả những sp mang bản_sắc riêng của mình chứ đừng theo phong_cách Hàn nữa... chán lắm"
3490,Hero team là nhất rồi rap hay quá còn đội bên kia cũng bình_thường khi nào mà bằng được hero chứ :hai_trái_tim: :trái_tim_đỏ: ️ :trái_tim_đập:
3491,đến tk em mình lớp 5 nó nghe lần đầu còn bảo giống we dont talk any more vãi cả lúa. không cần soi kỹ luôn
3492,""" Một lời chỉ_trích bất công thường là những lời ca_ngợi bị biến_hình vì ghen_tị. Hãy nhớ không ai thèm soi_mói một kẻ tầm_thường "" Dale_Carnegie"
3493,Mặc_dù không thích phong_cách hay tính_cách của MTP nhưng những ca_khúc của MTP ra đều hay về giai_điệu. Bài hát nghe rất hay
3494,còn hơn 20k nữa thì không thích mới bằng thích éc éc = ) )
3495,Cá_nhân tôi thấy bài này hay mà = ) ) ) Đâu đến_nỗi = ) ) ) cái này là do hiệu_ứng xã_hội nè = ) )
3496,Tháng sau buông đôi tay nhau ra và chúng_ta không thuộc ve nhau sẽ trên 50m lượt xem co ai tin không?
3497,"Bài nãy cũng được mà nge vài lần thấy rất vui_tai, vậy_mà thấy facebook làm um xùm nói bài này dở bla bla..... Thua_MXH @ @"
3498,Hay mà chị :cười_toe_toét: Chị cố lên đừng vì những lời nhận_xét tiêu_cực mà làm mình nãng Có học hỏi thì có thành_công thôi chị Cố lên đập lên dư_luận mà sống chị ạ Cố lên chị
3499,Tự_nhiên xem bài này lại được ăn cơm chó
3500,Sao tôi thấy lời bài hát của Hero team được hơn. Nhưng vẫn thích team Free_Fire hơn
3501,ĐỒ YÊU_QUÁI TRÊN NÚI 3 ĐẦU HÃY CHỔNG MÔNG ĐỠ CỦA LÃO TÔN 1 GẬY
3502,Mọi người cày MV này lên 200M Nơi này có anh lên 300M Nhaaaaaa :trái_tim_đỏ: ️
3503,sao chéo sao giống bản_gốc 80tr 3tuan còn đây 45tr lượt xem. Sự khác_biệt về đẳng_cấp có khác. Như rank Vàng so với Thách_Đấu vậy.
3504,TUYỆT_VỜI ANH TÙNG. HÃY RA NHỮNG BÀI HÁT HAY NHƯ BÀI NÀY NHÉ.
3505,Bọn không thích toàn fan con mụ Hương_Tràm các bác ạ...
3506,Nghe mv 3 phút mà cảm_giác như tai bị tra_tấn 3 năm liền
3507,Địt ' s mẹ ' s đạo ' s vãi ' s cả ' s lồn ' s Sơn ' s Tùng ' s Empty ' s Pee ' s: vậy
3508,sản_phẩm đầu_tay như_vậy là tốt rồi. mình thấy bài này khá hay nhưng lời hơi chán. nghe thì có vẻ hơi hồn_nhiên nhí_nhảnh. cố lên nhé chi pu.
3509,"1: 22 bố nào có lời bài hát không, để tôi kêu mấy thằng lớp tôi học để đi casting rap việt nào."
3510,"Lúc đầu thấy Hương_Tràm viết mình nghĩ gì mà nặng_lời thế. Giờ xem mv phải công_nhận HT nói không sai tí nào, dù trc giờ mình rất thích Chi_Pu luôn, từ hồi học cùng trg c 3."
3511,lượt xem CTKTVN tăng cũng khá nhanh rồi mọi người cày đi
3512,". Hay vãi, có cl ý tin người vờ lờ = ) ) ) Súng, pháo, bom, mình, áo_giáp có sẵn hết rồi nhé = ) ) ) Chiến với L với VIP chưa đã gìơ nhảy qua ANH. RỒI. MÀY. Y hihi ok fine = ) ) )"
3513,Chị sim sam rap hay qua. Cô ngân rap do qua
3514,Chi pu hợp diễn hơn là ca_sĩ đó. Chia_sẻ thật lòng
3515,Hay mà. Cá_nhân tôi thấy rất hay. 1 thích nhé 3
3516,"tôi bật bài hát này lên và anh bạn điếc của tôi lần đầu cảm_thấy may_mắn vì mình bị điếc, cảm_ơn anh đã giúp những người không may_mắn lạc_quan hơn :cười_với_trái_tim: :cười_với_trái_tim: :cười_với_trái_tim: :cười_với_trái_tim:"
3517,2021 ai còn xem mv này! Điểm_danh đê mấy ông
3518,"Chị hát thì em nghe thấy vẫn kg được tốt, cũng đúng thôi vì đây kg phải là điểm mạnh, cố_gắng lên"
3519,bài này chúng_ta không thuộc về nhau Sơn tùng hát cả bài_chỉ có vậy
3520,"lần đầu_tiên nghe thấy dở dở, về sau nghe lại nhìu lần cug thấy hay_hay < 3 addicted to this song."
3521,Thưa ngài... tôi đã làm_bạn tôi suýt chết sau khi nghe bài này.
3522,Đã nghe rất nhiêu. Xin_lỗi vì cmt đầu_tiên nhé chị
3523,Tôi không nói là phong có mặc áo hồng rồi đâu
3524,"Lúc_nào cũn Sôi mói, sống ác Quá chết bất_đắc_kỳ_tử dờ"
3525,toi la mot nguoi không may quan tam den ai nhung nghe noi den_son tung dao nhac chac chac la không dao nhac
3526,Thật không_thể hiểu được. Là giác_quan nhạy_bén hay sao mà 2 MV ra_mắt cùng ngày lại có giai_điệu và ý_nghĩa gần_gần nhau như_vậy. Haizzz.!!! Tạo_hoá chăng?
3527,mình không phải sky!! nhưng cũng phải nói là MV này hay!!
3528,Không mời em vào chứ em mà nói là tới 10 ngày mới hết
3529,Á đù! anh Tùng núi cu thúi đã đạt đến đỉnh_cao của thế_giới! chúc_mừng mấy bạn Sky trẫu tre nhé!
3530,hôm_nay thì s?? 6 / 9 / 2017 ai còn xem điểm_danh ik
3531,Nghe chị hát từ lâu rồi.... thấy chị hát cũng được... mak qua bài này thì nghe kì kì... không hiểu bài muốn ns gì
3532,"Yah lên Top nào Hero_Team ơi, quá khét luôn mấy ông ơi."
3533,"thích nhạc, hát, còn trang_phục không được lắm, Chi_Pu cũng xinh mà không thích nhiều thế..."
3534,nếu mỹ dùng bài này để cho người_dân nhật nghe thì nó sẽ là thảm_hoạ tồi_tệ nhất lịch_sử
3535,Chúng_nó có_mặt khặp mọi nơi. Chúng rất đông và hung_hãn - - - - - - - > chỉ có_thể là sky ' ss
3536,"vãi... hồi lúc 3 tiếng trước là 1 triệu mấy lược lượt xem, giờ vào xem_lại là 2 triệu mấy...! cạn_lời"
3537,Hay thật mà ( nhạc như địt vào lỗ tai người nghe )
3538,Cũng đâu có tệ như mọi người thường nói đâu
3539,lại lấy nhạc của người ta để làm thanh_nhạc của mình
3540,Chị Pu àk em là fan của chị nhưng em nói thật em chỉ thich xem chị diễn_xuất thôi còn hát thì tệ quá. nhạc nghe thì chán kinh_khủng. MV chỉ nhìn cho đã mắt thôi.
3541,Em nghe thấy hay. Các bác đừng có cắn hùa nữa... Chưa ddue trình để phán đâu: )
3542,Đỗ_Phú_Quí và chấp niệm Sheesh của anh ấy
3543,300N thích lượt thích cao nhất Việt_Nam lại thêm 1 kỷ_lục mới
3544,Bài này hay mà đâu đến_nỗi mà mọi người cứ chê tội chipu
3545,"Lượt xem tăng chậm voãi.... sky đâu hết rồi nà -. - cố nhên mọi người, hãy cố_gắng vì tùn ạ"
3546,"2 ngày 6 triệu lượt xem, không phải dạng vừa đâu"
3547,"Coi_MV tự phân tich đi bạn, nay cũng nhiều báo nói về Tùng Núi mà: ) )"
3548,fan GIU VEN TÚT chúc anh tùng sớm mặc loại áo sân_nhà của đội: ) ) ) )
3549,Hát như cờ cờ bị bao nhiu ca_sĩ khác nói mà đéo biết nhục
3550,Mọi người cùng bấm thích ủng_hộ cho Chi_Pu cố_gắng hơn_nữa Và Chi_Pu hãy cố_gắng như lời bài hát này nhé. Cố_gắng mạnh_mẽ... cuộc_sống luôn mỉm cười
3551,ủng_hộ lượt xem mạnh vô anh_em ơi.. bbbb đang tăng lượt xem rất nhanh 1ngày 4trăm mấy chục ngàn đó.. coi_chừng nó lên ngang_ngửa lượt xem với bài này đó
3552,"Xin_lỗi Cô Ngân và Mèo_Simmy, tôi đã xem Ma_Gaming rap hay hơn: ) ) ) ) ) ) )"
3553,Chỉ là cái lời bài hát nó chuối quá nên bài hát mới như_vậy chứ beat ổn giọng CP thì cũng ổn vì mình nghe bên GAGA CP hát bài trở về đi nghe không đến nổi nào
3554,"Sao video nhiều không thích thế. Mình thấy có cái hay cái không hay mà. không thick thì đừng không thích thế thay vào đó thích để người ta phát_triển chứ. Nhạc đầu_tư rất nhiều, toàn đồ đắt tiền cho vào video, diễn vũ_đạo cũng kha_khá, không tệ, cốt tuyện gắn liền Tôn_Ngộ_Không ( cái này thick ). Mỗi_tội lời chưa được hay lắm. Mà cái beat hay mà ( FAN EDM ) thôi_thì thích cho CHi_Pu để lần sau phát_triển nhé"
3555,"Cố lên Tùng ơi vẫn còn rất nhiều người ủng_hộ anh, đừng bận_tâm nhé. Em và Sky luôn bên anh và ủng_hộ anh hết_mình."
3556,Hay quá mấy anh_chị rap out trình conmenoroi Rap_Việt éo bằng mấy anh_chị được rồi: ) ) )
3557,"Mình chỉ thích Quần_áo trong MV thôi, chất hơn nước_cất ; )"
3558,"tôi ghi_nhận bài này tuy không hay, nhưng tôi thấy được sự nỗ_lực của một nhạc_sĩ mới nhứ Quí. Cố_gắng để có_thể thành_công hơn nhá"
3559,Fan_Những_Thằng_Đù Thích troll chúc anh thành_công = ) )
3560,Hai hông mười chín # @ i còn nghe lại không
3561,Mấy bọn anti à... Thiêu chất_xám.. Cảm_ơn anti làm tôi thích st hơn chứ trk cũng không qt đến
3562,Vân cảm_ơn tôi đã bị điếc tai bẩm_sinh mà em tôi nghe bài này tôi đang đi học mà_còn phải cúp tiếc bay về nhà để tắc nhạc và từ đó tôi đã nghe thấy mọi thứ :cười_ra_nước_mắt:
3563,Mặc_kệ người khác nói gì hãy cứ sống với ước_mơ của mình nhé chi....... :mắt_trái_tim: :mắt_trái_tim: :mắt_trái_tim: :mắt_trái_tim: :mắt_trái_tim: :mắt_trái_tim:
3564,ôi mới_đây mà hơn 1tr lượt xem rồi sao sếp tuyệt thiệt
3565,Cái này chắc do ổng mún fan quốc_tế biết đến ấy mà. Nhưng chỉ rước thêm anti fan thôi
3566,em xem hoài không chán luôn áh chắc là em bị nghiện rồi áh ♡ ♡ ♡ ♡ ♡ ♡ ♡ ♡ ♡ ♡ ♡0 ♡1 ♡2 ♡3 ♡4 ♡5 ♡6 ♡7
3567,"MV đẹp, beat hay nhưng hơi tiếc phần lời bài hát... btw vẫn ủng_hộ chị, mong chị sẽ trau truốt hơn về chất lg âm_nhạc"
3568,Phải công_nhận nhạc bài này làm chất thật... ước gì nghe mình nhạc thôi Chi_Pu đừng hát... tự_nhiên hát nghe nó giả giả sao sao ấy. còn cái mv nể nhất đoạn mặc bộ quần_áo mà nhảy trông hơi lố. Thích_Chi pu từ 5 s online với vài phim khác nhưng_mà nếu Chi đầu_tư làm cả sĩ mà đầu_tư hàng tỷ đồng cho mv này_nọ này kia thì để trích ra vài đồng ủng_hộ cho miền Trung đang ngập_lụt thì có phải lượng không thích nó không dữ_dội vậy rồi.....
3569,Ngày_mai trường tôi tổ_chức pickleball và sau khi nghe bài này tôi bẽ vợt đốt cầu cha tôi đập điện_thoại mẹ tôi đơ ra luôn ( chỉ joke thoi xin đừng toxic: < )
3570,"Tôi vào để xem KHÔNG THÍCH thôi, chứ nhạc nghe gì, và tôi tin là nhiều thằng vào không thích nên mới nhiều lượt xem. kkkkkkkkkkkkk"
3571,"Chúc_mừng Chi_Pu đã có Music video đầu_tiên, mỗi_một sản_phẩm ra_mắt chúng_ta sẽ có thêm kinh_nghiệm để làm tốt hơn cho những sản_phẩm tiếp_theo. Cố_gắng hơn_nữa nhé ; )"
3572,Lắc_lư theo điệu nhạc Mặc_kệ bọn anti em vẫn ủng_hộ anh :cười_đỏ_má: :cười_đỏ_má: :cười_đỏ_má: :cười_đỏ_má:
3573,Lời bài hát với MV liên_quan không ạ. _. ( Ý_kiến của mình thôi )
3574,Phải kiên_định một điều rằng người_mẫu nước_ngoài đẹp quá
3575,này mà có chế_độ tự_động phát lại thì chắc 100M lâu rồi nhỉ = ) )
3576,mấy hôm_nay đang táo_bón. Xem MV này xong tôi chạy vào nhà_vệ_sinh rặn như súng_liên_thanh vỡ cả bồn_cầu.. Cảm_ơn anh Quý vì 1 MV chữa táo_bón thật tuyệt_vời
3577,Hãy bật bài này trong đám_tang của tôi để mọi người ghen_tị vì tôi là người ở trong quan_tài
3578,Công_nhận Chipu hát không hay nhưng đây chỉ là khởi_đầu đường dài mới biết ngựa hay hãy xem tương_lai cô gái này làm được gì ý_kiến riêng nhé không phải fan
3579,"Việt_nam mà chó hùa nhiều lắm: ) ) tôi xem tôi không thích cũng không không thích. Không thích thì đừng xem, đừng chửi_rủa"
3580,Mấy thánh soi kĩ vãi cả lúa = ) ) ) klq nhưng_mà bài này hay: vậy
3581,2 tiếng tăng gần 1tr lượt xem chắc mỗi sp của sơn tùng ms có sức hút như_vậy
3582,PC hát cũng được mà... sao nhiều người phán như đúng rồi nhỉ. Bà HT cũng xàm quá làm mất cảm_tình với bả luôn: ( (
3583,chắc_chắn sẽ hơn 2tr lượt xem trong 1 ngày... 1 kỉ_lục mà nền âm_nhạc VIỆT_NAM không bao_giờ phá được haha: D
3584,Tôi chỉ hay nghe nhạc_vàng của ca_sĩ hải_ngoại. Nhưng từ khi có Sơn_Tùng tôi cũng hay nghe nhạc của bạn. Tôi có
3585,Mỗi sáng có con gà chi pu báo_thức ae không sợ trễ học
3586,CHắc sáng_mai mới được 10 triệu lượt xem... Đêm nay chắc chưa được
3587,sẽ cố_gắng vượt qua bài bống bống bang bang
3588,chị thảo linh với cô ngân và gao bạc bố người hát rap hay quá đi :trang_trí_trái_tim: :trái_tim_xoay: nhóm bên kia ết :thèm_ăn: quá đi à
3589,Giai_điệu và lời bài háy đều hay mà. Chi pu hát cũng hay à. Mọi người ủng_hộ bạn ấy chứ đừng có thấy một người cầm gạch ném mà cứ ném theo họ.
3590,"Chị đã làm được rất nhiều, rất nhiều hơn hẳn Hương_Tràm. Chị bước chân vào showbiz trước cả khi Hương_Tràm được mọi người biết đến. Không ai có quyền làm chị nhụt trí cả. Đừng chỉ đọc những comment vô_tâm và không có suy_nghĩ, hãy để_ý đến cả những con_người luôn dõi theo chị. Làm_ơn hãy tiêp tục ước_mơ của chị. Mãi yêu < 3"
3591,"Giọng hát của Chi có_vẻ không được hay thật. Nhưng hãy cho Chi thời_gian để chứng_minh sự khổ_luyện của mình. Đây chỉ mới là sản_phẩm đầu_tay, nên “ cơn mưa chê_bai ” cũng là điều dễ hiểu. Nhược_điểm của MV này đã quá nhiều người liệt_kê, nhưng sòng_phẳng mà nói, cũng không đến mức thảm_hoạ, chỉ là không được như kỳ_vọng. Có_lẽ, điều Chi_Pu cần nhất lúc này là thời_gian! Bởi, nếu Chi hát hay từ đầu thì cũng không đến mức cô phải bỏ ra 3 năm ròng để khổ_luyện. :cười_đỏ_má:"
3592,Minh thấy cũng ok mà. không thích thi dung nge. đâu ai ep
3593,"Tùng dạo này qua tới tận Charlie_Puth mượn nhạc lun à, sao vất_vả thế anh: ) )"
3594,Sơn_Tùng đẹp_trai vô_cùng Anh là hạnh_phúc to_đùng của Sky_Anh ngốc Thái_Bình không sai Một người trẻ tuổi tài_năng rạng ngời Giọng hát thì rất tuyệt_vời Vừa độc vừa lạ vừa đầy tiềm_năng Anh lại rất_mực ga_lăng Nấu cơm làm bánh tặng fan của mình Hết_mực yêu_thương gia_đình Làm trọn chữ hiếu chữ tình người con Sky xin nguyện sắt_son Tình_yêu Tùng sẽ chả mòn chả hao.
3595,"Ngày 26 / 11 / 2018 Tò_Mò Vl0g vẫn đang nghe ca_khúc này, ai rãnh ghé kêh mình giao_lưu nhé"
3596,chuyện gì đag xãy ra vậy. tôi vừa vào là không thích ngay và luôn vào xem lượt không thích bây_giờ khôg biết sao ghiền bài này kinh khủg vậy nè Đờ mờ
3597,"Bài hát "" Pickleball "" của Đỗ_Phú_Quí chính_thức ra_mắt 15 tháng 11 năm 2024. Ngay sau khi phát_hành, bài hát đã gây tranh_cãi và nhận được nhiều ý_kiến trái chiều từ cộng_đồng mạng. Một_số khán_giả cho rằng lời ca của bài hát thiếu chiều sâu và không chạm đến cảm_xúc của người nghe, đồng_thời đã có nhiều bình_luận chỉ_trích rằng ca_từ "" nhảm_nhí "" và "" hời_hợt "". Mặc_dù bị chê bài "" Pickleball "" cũng nhanh_chóng trở_thành một trào_lưu trên mạng xã_hội, đặc_biệt trên TikTok, với nhiều phiên_bản chế_nhạo và sáng_tạo từ giai_điệu của bài hát. Điều này cho thấy rằng mặc_dù bài hát không được đón_nhận về mặt nghệ_thuật, nhưng nó vẫn nhận được sự chú_ý lớn từ công_chúng, tạo nên một hiện_tượng mạng."
3598,"Vâng, em đã nghe bản_gốc tiếng anh. Cảm_ơn phần cover nhặng_xị của Sếp ' s... :cười_ra_nước_mắt: :cười_ra_nước_mắt: :cười_ra_nước_mắt:"
3599,5 ' nữa là tròn 20 ngày. 40. 355. 167 lượt xem. Quá đỉnh..... :cười_rạng_rỡ: :cười_rạng_rỡ:
3600,Ai từng là bạn học năm cấp 3 với Tùng đâu điểm_danh
3601,Thực. Sự thì cần viết lại lời nhạc và biên_đạo múa đi chứ nghe như cl ấy
3602,Tiếp_tục ủng_hộ và cày mv nhé skyy.. còn việc không muốn mv khác ăn ké thì tắt chế_độ tự_động phát đi đừng cmt gây war ở mv khác nữa chẳng có lợi gì đâuu: ) )
3603,nhac không có ý nghỉa mà bọn trẻ trâu van cứ thich nghe thích hát
3604,"mọi người cứ hỏi tại_sao sky luôn ủng_hộ TÔI trong mọi trường_hợp, đơn_giản vì chúng_tôi yêu âm_nhạc yêu chính con_người cậu ấy, và sky luôn tin TÔI! Cố lên anh nhé"
3605,ksi chắc chẵn đã hỗ_trợ anh_chàng này :khóc_nức_nở: :khóc_nức_nở: :cầu_nguyện: :cầu_nguyện:
3606,We dont talk anymore phiên_bản king of the copy của gao tùng: ) )
3607,Không hiểu sao tôi thích giai_điệu bài này.... GIỜ rảnh lại hát theo... Ns chung thích
3608,"Nhạc đệm tỉ_lệ giống với Sugar free ( TÔI - Ara ) là 90 %: vậy Đoạn "" ồ... anh "" gì đó na na_ná We_Woo ( Pristin ) Đoạn mở_đầu ban_đầu còn tưởng Whisle ¿ ( Blackpink ) = > Chắc do nhà_sản_xuất Hàn nên na_ná nhau"
3609,Covid à chúng_ta không thuộc về nhau đâu Hãy tránh xa chúng_tôi ra :van_xin: :van_xin: :van_xin: 2 - 9 - 2021
3610,Simmy và Cô Ngân là chính đúng không các bạn :thèm_ăn: :trái_tim_đỏ: :suy_nghĩ:
3611,Hay... Nghiện mẹ nó rồi.... Zay_Ma_Có một lũ hùa theo số đông.
3612,Chúg ta không thuộc về nhau đâu Charile_Puth àk
3613,Không phải do là rap giở đâu mà giọng Bắc rap hay hơn giọng Nam
3614,"Vãi cả ' ' Ô Ố Ô Ồ ' ' :kiên_nhẫn:. Chắc tôi chớt, mà tôi thấy bây nên đem con viết lời mà chửi hơn là chửi CP.!"
3615,Lan dau thay không hay nhung lan sau hay ma. huong tram noi qua roi. khinh người quá ďang
3616,Hương_Tràm đưa tôi đến đây chứ không phải_chi pu
3617,"cảm_ơn quí đã làm một bài hát khiến mẹ mình chửi thẳng mặt mình khiến mình rất tiếc khi phải tắt nó. khi nghe bài hát này cả nhà mình tự_hào về mình, anh_em nể_nang, hàng_xóm khen_ngợi. CẢM_ƠN QUÍ"
3618,nhìn bà_cô già simmy với sammy mà ngứa cả mắt dám chửi cô Ngân người mới mà sao mạnh_mồm thế GÁY SỚM LÀ KHÔNG TỐT ĐÂU! NHỚ NHÉ!
3619,2 trời lượt lượt xem quay đi quay lại đã 2 trời rùi
3620,tôi còn tưởng đang xem mv của thánh áo mới Cà_Mau
3621,giống bài we don ' tôi talk anymore quá minh thích we don ' tôi talk anymore hơn.
3622,"TÔI rất ít thích khi xem video nhưng bài hát hay chipu đẹp chả có vấn_đề gì mà dis nhiều, bọn arua theo, thế_là thích thôi"
3623,"Tôi thực_sự thích bài hát này ngay cả khi nó có_vẻ tương_tự như chúng_ta Đừng_Nói_Nữa, cá_nhân tôi không nghĩ rằng hai bài hát âm_thanh đó giống nhau, nhưng vẫn là một bài hát hay để mọi người không nên ghét quá nhiều"
3624,bật bài này ở bệnh_viện mà ông ngồi xe_lăn đứng dậy tắt nhạc :khóc:
3625,"Vâng chúng_ta không thuộc về nhau, theo 2 năm rồi giờ không thuộc về nhau, cố lên anh mv hay quá"
3626,Chị cố lên có nhiều Không thích nhất VIỆT_NAM thì sẽ được biết đến nhiều đấy! Em cũng không thích cho chị đấy!
3627,Cày lượt xem và nhớ đăg kí kêh của ST nữ nhé: ) ) )
3628,mặc_dù không phải fan nhưng công_nhận bài này hay < 3
3629,không thích ngừg rồi nên tôi chúng_ta phải zo không thích nhìu cho zui
3630,Hay_hay rất rất hay......... Tôi bị cảm nghe xong đã khỏi bệnh chỉ là bị sốt thôi
3631,bài hát hay nhưng sai sai ở cái MV này ) ) )
3632,Em thík chi làm. Nhưng em nói that bài nhạt dữ_dội. Nhấn giọng thì quá giở. Nốt cao cũng lên chưa đến
3633,"Trong cuộc_sống ai cũng vậy thôi, bắt_đầu với một cái gì mới? đều gặp khó_khăn, chả có con đường nào toàn màu hồng cả, MV Chi_Pu với cá_nhân tôi nó rất hay! và cô ấy đã đầu_tư một_cách nghiêm_túc và tôi trân_trọng điều đó!!! còn mọi người đừng quá gay_gắt bạn thích thì bạn xem, còn không thì bạn có_thể không xem? oke... đừng buông lời cay_đắng..., Cố_gắng lên CHI PU, Thời_gian sẽ trả_lời tất_cả!!!"
3634,chị ơi dù chị không làm gì cũng chẳng bị lãng_quên với em đâu
3635,cũng hay mà mọi người chi pu cố lên nhé mọi người đừng ném đá chi pu nữa
3636,Say ôh yeah.. 20: 59 11 / 12 / 2016 lên 86. 011. 359 thật không_thể tin nổi... Cả nhà :nhà: Sky ơ ¡ 100M thẳg tiến
3637,"Cảm_ơn anh, bạn em là người thực_vật nhưng sau khi nghe xong bài này nó đã đứng dậy được và tắt nó đi :chim_cánh_cụt:"
3638,Để tăng lượt xem mọi người đăng xuất tài_khoản youtube rồi xem mv như bình_thường nhé. đăng_nhập tài_khoản youtube xem không được tính lượt xem đâu
3639,chị làm cho nhưng người_yêu chị chứ không làm cho những người ghét chị. ok
3640,"em thấy mv của chị cũng hay nhưng có phần lạm_dụng kĩ_xảo quá, chị thay nhìu bộ_đồ nên nhìn nó có phần rối mắt, nhưng dù_sao em biết chị cũng cố_gắng nhìu.... cố lên chị nhá... chúc chị thành_công.... yêu chị nhìu!"
3641,"Theo mình giọng chi pu rất yếu vì_thế cô ấy chỉ nên làm video để giải_trí cho fan của mình, chi pu không nên đi hát live để kiếm tiền nhé. chắc_chắn tôi nghĩ cô ấy tiếp_xúc với ca_sĩ hàn quồc nên muốn cầm mic là. Bắt nguoi khác gọi là ca_sĩ"
3642,Chó hero tim tự_nhiên bà đặt chơi freefire rồi vô chửi người ta
3643,Nghe con chó nhà tôi sủa còn hay hơn. Con giúp_việc nhà tôi còn hót hay hơn
3644,mv lép_vế mv nước_ngoài nhiều vậy cũng được gần 40tr :không_thích: :không_thích: :không_thích:
3645,Hay cứ thế phát_huy ST ^ ^ lũ anti toàn trẩu anh đừng để_ý
3646,Ai nói gì mặc_kệ = ) ) Tùng cứ là chính Anh đk rồi < 3 Anti thì đăo mượn mb xem clip đăo mà mb cứ xem rồi soi lsao - _ - ngộ nhé: / Ghét thì mb xem clip làm gì rồi soi trời > < '
3647,Chúc_mừng anh tùng vì đã có người xoắn ngôi lượng mv không thích nhiều nhất VIỆT_NAM
3648,Hương_Tràm làm_vậy cũng chỉ muốn PR giúp ChiPu thôi mà: ) ) )
3649,"cái địt: ) bọn sky chúng_mày cứ bảo là người ta, anti ghét tùng người ta săm_soi dìm dập tùng. sản_phẩm nào cũng bị soi. thế sao "" BUÔNG ĐÔI TAY NHAU RA "" hót thế_mà ngta không soi không mói nhiều hả. kể_cả những người ghét hay không thích cũng nhiều người đều khen. nhìn lượng không thích thì biết. ừ thì một sp âm_nhạc tốt chạ ai ngta thèm dìm dập cả. tất_nhiên là những người cực ghét thì sp nào họ cũng ghét dù là sản_phẩm tốt. nhưng số người đó là cực_kì nhỏ. cái gì cũng có lý_do của nó thôi. còn về vấn_đề đạo này đạo nọ thế_nào từ trc đến giờ ai mà chạ biết. chúng_mày cứ bảo là làm thế để cho âm_nhạc việt bay cao bay xa soi_mói ngta làm_gì!? thế tôi hỏi nhà_nước cấm đạo thì ngta mới phản_kháng. dù hay_hay không hay nhưng sống trong cái đất_nước này thì phải theo luật của đất_nước thôi. chúng_mày thích đạo cho_hay đạo cho hót sao không cút mẹ sang nc khác mà ở!?? Ngu vãi chưởng. còn một_số thành_phần so_sánh lượt xem với sp khác thì quả là những tp ngu lol. chúng_mày bảo người khác còn còn chưa được nhiều lượt xem bằng tùng. vâng sky có chiến_lược rất chắc_chắn. ngta mở lên để nghe nhạc cảm_nhận rồi chiêm_ngưỡng Mv chứ không phải cái loại cứ ngồi canh chờ video phát được 1 lúc rồi f5 chạy lại.: ) ATF"
3650,Nghệ_sĩ nhiều tai_tiếng nhất Việt_Nam trước có HKT sau có MTP
3651,Lấy beat người ` ta phổi lại đúng rồi ` bài we don ' tôi talk anymore ra trc ' tết cơ_mà. Tôi nghe từ lúc ms ra album của Charlie rồi `
3652,"We don ' tôi talk anymore, We don ' tôi talk anymore... thích we used to do do... Hey, burn it up jeonbu da taeul Hey, turn it up saebyeogi da gal = ) ) ) ) tôi công_nhận ông này gép 1 đống bài lại giỏi thật"
3653,"Tốt nhất, nên tắt bình_luận để đỡ chửi nhau... Không biết mệt_mỏi à - _ -"
3654,Cũng tò_mò nghe mà tới khúc Ò ó không ò... Tôi out: )
3655,Anh có tài_năng tiềm_ẩn đó giấu mẹ nó đi anh ơi
3656,:vương_miện: Hai Cô Tiên đỉnh cho em xin số điện_thoại không đi
3657,"Tùng ơi Thái_Bình đang bão này Tùng về đi, Tùng ơi!!"
3658,Thương anh :cơ: :cơ: :trái_tim_đỏ: :trái_tim_đỏ: :cơ: :cơ: :cơ: :cơ: :cơ: :cơ: :cơ:0 :cơ:1 :cơ:2 :cơ:3 :cơ:4 :cơ:5 :cơ:6 :cơ:7 :cơ:8 :cơ:9 :trái_tim_đỏ:0 :trái_tim_đỏ:1 :trái_tim_đỏ:2 :trái_tim_đỏ:3 :trái_tim_đỏ:4 :trái_tim_đỏ:5 :trái_tim_đỏ:6 :trái_tim_đỏ:7 :trái_tim_đỏ:8 :trái_tim_đỏ:9 :trái_tim_đỏ:0 :trái_tim_đỏ:1 :trái_tim_đỏ:2 :trái_tim_đỏ:3 :trái_tim_đỏ:4 :trái_tim_đỏ:5 :trái_tim_đỏ:6 :trái_tim_đỏ:7 :trái_tim_đỏ:8 :trái_tim_đỏ:9 :cơ:0 :cơ:1 :cơ:2 :cơ:3 :cơ:4 :cơ:5 :cơ:6 :cơ:7 :cơ:8 Em là BÁCH đến từ Sở Hạ - Ninh_Sở
3659,"Tùng ơi thật_sự rất hay và rất chất < 3 cho_dù ngta có ns gì thì cũng kệ họ thôi, quan_trọng là sky luôn yêu anh, luôn ủng_hộ anh nư vậy là đủ và việc có đạo nhái gì hay không thì bản_thân anh là người nắm chắc nhất nên cũng đừng để_ý đến những người luôn soi_mói anh ^ ^ sky luôn tin_tưởng anh < 3 mãi yêu"
3660,"Chipu đẹp thật, mv cũng đầu_tư nhưng chỉ có_điều hát thì chưa ổn. Lời bài hát nó cứ dị dị sao ấy ạ!"
3661,Cô gái trong CTKTVN giống cô gái trong WDTA thế @ @
3662,Ai ra ca_khúc nào mà tránh được miệng chê của ngta: ) ) ) Chipu thích gì thì làm đó. Chẳng ai được hoàn_hảo như_ý của mấy bạn đâu ạ!
3663,lần đầu xem cứ tưởng bối_cảnh của bài Turn_Me_On của Nicki_Minaj...
3664,Đây là cover We don ' tôi talk anymore bản Việt à: ) ) )
3665,nhờ anti fan mà views tăng :mặt_ranh_mãnh: nhờ scandal mà nổi_tiếng :mặt_ranh_mãnh: thua xa charlie :ok: :không_thích:
3666,nghe lần đầu thì thấy dỡ được cái mv đẹp sau đó tôi bị ám_ảnh rồi phải vô mở coi lại vài lần bây_giờ tôi thấy hát cũng không tệ hahaha
3667,"cái giống gì không hỉu gì hết á. xàm quá không thík, không thík nhạc việt_nam"
3668,"Thấy bài này là hay nhất của Sơn_Tùng, bài thứ hai là Âm_thầm bên em"
3669,Nghe cũng được Nhưng phát_huy độ rap nhanh hơn tí nữa là ok
3670,"Được_cái beat hay đấy, nhưng hát quá dở và dở, này đi live không bt sao. Nên cho chị 1 không thích nhé!"
3671,Adzzzzzz. STMTP _ sơn tùng mượn tác_phẩm. Anh đã hiểu ý chú. Ra là vậy
3672,sự kết_hợp giữa tropical house và rap rất hay chúc MÀY - TP ngày_càng có những sản_phẩm hay hơn_nữa... HAPPY
3673,Để cho chi pu của tôi nổi xíu đi. Dìm quá mấy thánh ơi
3674,"đây là vietsub của bài "" we don ' tôi talk anymore "" à"
3675,hát như cái lz hát như con cặc đéo = bạn tôi nói nhảm đa_số mọi ngừoi vô đây để nghe xem nó tệ đến mức nào: ) xin_lỗi vì đã nói lời thô_tục: 3 ~
3676,mấy bạn ơi mấy bạn tắt chế đọ tự_động phát tiếp_theo ik nếu không là bài_bông bông bang bang nó tăng lên đây tại vì bài đó nằm trên đầu nếu_mà không tắt nghe xong bài này nó hát toeeps theo bài đó là nó tăng đấy
3677,Tôi thấy hay. Tôi hay nghe. Và tôi làm tăng lượt xem. Có thế thôi
3678,Căng tai ra mới nghe được. sao hát tông khó vào vậy
3679,Thấy hay mà Không thích thì đừng có vào xem công_sức người ta bỏ ra làm MV nếu thấy dì không hay thì góp_ý có văn_hoá xíu.
3680,hơi thất_vọng nhe lalala soobin thấy hay hơn bài này
3681,"Bài này sẽ hay nếu không bt nghĩa vì quá nhảm, quá xàm vô_nghĩa được cái giọng hay :nhăn_răng:"
3682,Mình thấy mọi người dislik nhiều quá thật không_thể hiểu nổi. Mọi người đừng nghe ai cả mà hảy xem mv mà đánh_giá. Mình thấy chị ấy củng rất cố_gắng ấy chứ
3683,Nghe cũng không đến nổi thảm_hoạ như Lệ_Rơi mà không thích nhiều thế. Mấy chú nào không thích cho ý_kiến xem
3684,bạn tôi đang bị liệt_giường tôi mở nhạc này lên luôn xog bạn tôi đã đứng dậy và tắt tv cảm_ơn tác_giả vì bạn tôi đã khỏi liệt_giường
3685,để xem 1 mv mà tùng hát gõ được bao nhiuu dấu. :cười_ra_nước_mắt: :cười_ra_nước_mắt:
3686,"TÔI vừa lừa đứa tôi ghét nghe bài này, tôi thật khốn_nạn :khóc:"
3687,TÔI xem TV bài này được 1s thì tự_nhiên thấy cái tv bị vỡ!
3688,"Hồi trước lúc chiến_tranh Mỹ - VietNam, tụi Mỹ nó dùng bài này tra_tấn thì sợ là chung ta đã khai ra mọi thứ"
3689,anh cu viec sang tac con đám người ngoài kia đê sky lo
3690,Hater càng nhiều ChiPu càng thành_công trong âm_nhạc = ) )
3691,tk bạn tôi bị gãy cu từ nhỏ với_lại té liệt hết mẹ tứ_chi xong rồi nghe xong bài này nó biết quay tay xong đứng dậy tắt nhạc luôn còn về tôi thì tôi bị táo_bón nghe xong ỉa mượt như cây súng
3692,"Cuối_cùng cũng 100tr, sức_mạnh của Sky kinh_khủng thật: 3"
3693,Có ai đag xem mà tự nhiêu nó chuyển sag BỐNG BỐNG BANG BANG không hè
3694,1 tuần nữa cố lên 144 triệu views nhé bài này lôi_cuốn quá
3695,Càng soi càng xem... càng xem càng tăng lượt xem thôi: vậy
3696,"Mới_đây mà đã 7 năm rồi, thời_gian trôi như một cơn gió. Mới_đây tôi chập_chững bước chân vào cánh cửa trường THCS mà giờ đã là tân sinh_viên đại_học rồi. Thật_sự rất nhớ, trân_trọng :trái_tim_đỏ:"
3697,"Bác gấu hát dữ quá, hát không nổi mà vấn cứ hát"
3698,MV Đẹp có đầu_tư cũng rất cuốn_hút nhưng lời bài hát chưa hay vũ_đạo cũng còn hơi cứng. Ý_kiến cá_nhân thôi. Vẫn thích cho MV này nhé. Mong chi sẽ hoàn_thiện hơn.
3699,"Làm gì mà ghê vậy, không xem thì không thích và out chứ ở lại rồi chửi làm gì?"
3700,Cố_gắng lên các bạn Sắp được 300k không thích rồi kìa
3701,Chỉnh_sửa giọng nhiều quá... Giọng Chi mỏng nên dùng nhiều về phần hình_ảnh chắc sẽ tốt hơn. Bài đầu_tiên nếu thành hit thì live cũng khó. Vấn_đề là thời_gian thôi :trái_tim_đỏ: ️
3702,bài hát gì mà hát mỗi câu chúng_ta không thuộc về nhau hài
3703,Không giọng hay ấy chứ Nhưng điệu đi xuống hơi kì tí thôi
3704,"Từ 1 người bị liệt_dương, con kiu của tôi đã tự ngóc đầu dậy để tắt bài này. Thật_sự rất biết_ơn anh"
3705,nhiều bình_luận của người nước_ngoài khen Tùn quá :mắt_trái_tim:
3706,Có ai từ chúng_ta của tương_lai qua đây không ạ
3707,Vừa_mới debut khởi_đầu thế_này là ổn lắm rồi: ) cả MV không_chỉ riêng 1 mình CHIPU mà cả 1 tập_thể nên hãy nhìn theo nhiều khía_cạnh ; ) chúc bạn thành_công trong tương_lai: D PS: bạn gì gì tràm chắc thấy EGM chững lượt xem muốn nhắc mọi người xem đấy: D xàm
3708,Toi không the hieu stung làm nhung dieu do de lam gi. Nhung nen nho rang am nhac nghe thuat luon can su sang tôi chu không can nhung nguoi tho kheo tay de che bien lai. vay thoi
3709,Không phải ai cũng hát được. Chi cứ chụp ảnh thôi chứ đừng lấn_sân nữa.
3710,"mấy bạn thu không thích lại đi là vừa_rồi, giờ chi đã tiến_bộ hơn - > luôn ủng_hộ chi ♡ ♡ :cơ_bắp: :cơ_bắp: :trái_tim_đỏ: :trái_tim_đỏ:"
3711,Đọc cmt mà chỉ thấy của người nước_ngoài. Hãnh_diện :cười_dịu_dàng: ️ :cười_dịu_dàng: ️ :cười_dịu_dàng: ️ :cười_dịu_dàng: ️
3712,tôi thật_sự rất cảm_ơn. thằng bạn tôi sau mỗi lần bị tai_nạn đã kiến cho nó phải sống người thực_vật và tôi đã mở bài hát này lên để cho nó nghe nhưng nó liền bật dậy và tắt bbài hát này đi. Thật_sự rất cảm_ơn :khóc_nức_nở:
3713,Trả có đứa nào gọi là vạ_lây cả. Lên nhớ không tư nhiện bọn KOE review không công cả :say: :say: :say:
3714,không thích thì thôi đừng xem sao phải xoắn nhể
3715,lượt thích bỏ xa không thích rồi = ) ).. Sức_mạnh của Sờ ' s kay ' s :mặt_ranh_mãnh:
3716,tôi có đứa bạn lúc_nào cũng facebook đang ngủ nó cứ nhắn_tin tinh_tinh làm tôi không ngủ được từ lúc tôi mở nó nghe bài hát này thì no không còn dám on facebook và làm_phiền tôi nữa cảm_ơn tác_giả ĐỔ PHÚ_QUÍ mà bài hát nó ra sao vậy nghe được đoạn đầu thì tôi không nghe thấy gì nữa là sao vậy :suy_nghĩ: :suy_nghĩ:
3717,không hiểu sao hari won hát không hay tý nào mà đk đón_nhận. Mà chipu lại bị dè_bỉu
3718,"hahaha, đây là ca_sĩ hả, đây là âm_nhạc á. Giọng hát quá kém, dưới cả mức trung_bình, lời bài hát vô_nghĩa.... Thảm_hoạ"
3719,don gian thoi nhe. ai thich thi vo nghe.. không thi thoi sao phai phien :cười_ra_nước_mắt: :cười_ra_nước_mắt: :cười_ra_nước_mắt:
3720,:mắt_trái_tim: :cười_với_trái_tim: :mắt_trái_tim: :cười_với_trái_tim: Em yêu chị Sami và anh Phong cận và chị simmy và kairon
3721,"Chi nên làm hotgirl, là đi event, chụp photoshoot hoặc làm ads... Chi không nên diễn, vì Chi diễn rất nhạt, không có thần_thái lẫn biểu_cảm. Chi có giải, nhưng đó là giải ' ' 1 mình 1 sân ' '. Chuyện Chi thắng là bình_thường. Chi không nên làm ca_sĩ, vì Chi không hát được. Đấy là sự_thật. Đồng_ý là Chi muốn thử_thách nhiều lĩnh_vực nhưng rõ_ràng, không có kết_quả nào cả. Về bài hát, giai_điệu vừa vào rất bắt tai... trong vòng 3s. Và nó bị huỷ_hoại bởi giọng hát lẫn lời bài hát. Mỗi thứ một_ít không bao_giờ hiệu_quả Chi ơi"
3722,Tương_lai là bản s của linh ka.. nhưng mình thích chipu
3723,Wow.... Nghe y_hệt we don ' tôi talk anymore. Tài_năng của bác giỏi đấy :mặt_ranh_mãnh: :mặt_ranh_mãnh: :mặt_ranh_mãnh:
3724,Hồi xưa bố cháu cứ bật bài này vào ngày Tết xog hát. Tết này lại phải bật = ) ) )
3725,là người Việt cứ soi_mói người Việt rồi đi ủng_hộ người nước_ngoài... s jong bọn VT vậy.
3726,bạn mình bị bệnh về tai không nghe được gì mình mở nhạc thì nó nghe và nó chạy tắt nhạc :cười_với_trái_tim: :cười_với_trái_tim: :cười_với_trái_tim: :cười_với_trái_tim:
3727,Dứ lai cô ngân củng bằng mèo xim mi nửa
3728,we don ' tôi talk anymore lên hơn 12tr lượt xem rồi và số không thích kém xa chúng_ta không thuộc về nhau
3729,"không phụ lòng của sky đâu Tùng ạ, hay lắm, không phải dạng vừa đâu: - )"
3730,Tình về nơi đâu cô_đơn đôi chân lạc trôi giữa bầu_trời
3731,mà nói thật với tụi mày.. gia_đình tụi mày lo được gì chưa mà nhiều đứa tôi thấy hâm_mộ đến điên_dại.. nói thật og bà_già tụi mày biết chắc cũng buồn lắm nhỉ.. cái gì cũng có giớ hạn thôi.. = ) )
3732,Ai cũng có lúc chưa thật đủ năng_lực! Sẽ vấp_ngã rồi anh tin em cũng sẽ thành_công thôi! Kệ họ nói gì em cứ cố_gắng hết kn là được!
3733,mong mv này vượt xa mv của we don ' tôi talk anymore quá < 3
3734,"Sau khi nghe xong "" last night "" thì tôi đã đi nghe bài này để rửa tai lẫn não bộ thật cảm_ơn tác_giả vì đã tạo ra 1 bài hát có_thể thanh_lọc tà_ma"
3735,haha không thích 36k. thử_hỏi vpop có ai tung mv rồi bị dis nhiều như_vậy không: vậy
3736,Mọi người đang hướng vào các công_ti nhưng tôi đang thắc_mắc là bộ vệ_sinh an_toàn thực_phẩm khúc này thì ở đâu nhỉ :cười_toát_mồ_hôi:
3737,Với Chị mèo simmy với Chị Sammy với Chị Hà_Thảo_Linh đẹp gái
3738,ừ Không hay ừ Không_Ai thich ke ho di chi song la dam me moi thu dan dan se tot nhieu ca si nhun dong nhi Bao thi minh hang truoc moi Hat_Cung nhu vay gio ho cung thanh Sao hang ANH roi mien sao Không_Khoe_Thân_Bán Thịt_Tren_San_Khấu Nhu ai Kia_La được hat hay nhung ma.... cung deo tot dep gi
3739,"mình không theo phe ai hết, nếu mày. người không thích thì đừng nghe rồi soi_mói, mv hay = ) )"
3740,"không cần biết copy hay gì đó.... nhạc hay thì nghe, trai đẹp thì xem."
3741,"We don ' tôi talk anymore đã được lồng_tiếng việt rồi, hay quá ^ ^"
3742,Sao có cái tựa ca đi ca lại vậy chài? Nhay như cô_dâu 8 tuổi.
3743,Chị chi ơi mv đẹp thì có đẹp đấy nhưng_mà hát không hay không có lên_xuống tông giọng thì 1 màu chị chắc không làm ca_sĩ đk đâu.... em rất thích vẻ đẹp của chị nhưng chị làm mẫu chụp ảnh đẹp hơn
3744,chúng_ta không thuộc về nhau :chỉ_lên: :chỉ_lên: tăq độq đêm khya lun
3745,Ghét chi pu Ai là antifan chi pu giơ tay
3746,Sky đồng lồng cày thì 200m sớm hay muộn thôi
3747,Mặc_dù không là fan Chi pu nhưng vẫn thấy thích bài này lắm luôn
3748,"sao đoạn rap anh không mời thêm cameo hỡi xếp ' ss. Thíu người chạy vào rap cùng kìa xếp ' ss ơi, ahihi đồ ' ss ngốc ' ss"
3749,cứ có câu chúq ta không thuộc về nhau hát quài nghe 1 lần là không dám nghe lần sau
3750,"Rap hay quá em rất thích đoạn của anh phong cận, gai bạc, cô ngân, Sammy"
3751,"Thấy nhạc cũng hay, MV cũng đẹp này. Cần nâng cao thanh_nhạc nữa là được chị ạ. Đừng có cố phủ_nhận mọi cố_gắng của chị Chi chứ."
3752,"giống bài Friday của Rebecca_Black ở khoản màu_mè, không nội_lực, trống_rỗng ý_nghĩa nên bị không thích không kém: vậy"
3753,may vãi cả lúa là dẹp mẹ táo_quân cho 2026 không chắc táo_quân kéo_dài hết tết cũng chưa xong
3754,https: / / www. youtube. com / watch? vậy = qGRU3sRbaYw có ai xem FAPTv không. cái này hay lawmsnef. https: / / www. youtube. com / watch? vậy = qGRU3sRbaYw
3755,mới 2 ngày mà 9M views :ok: :ok: :ok:. Not simple! lun ủng_hộ Tùng!!! Càng nghe càng ghiền lun í hjhj :ôm: :ôm: :ôm:
3756,một ngày nghe khoảng 50 lần mới đã tai!!!
3757,"Siro à không chào anh sao cứ ngước mắt em muốn tươi_cười hay là vẽ bức tranh TỪ "" NƯỚC_ĐÁI: ) ) ) ) ) ) ) ) """
3758,Học_Korea mà Chi_Pu không có diễn suất và nhảy đẹp Người Hàn đào_tạo từ nhỏ
3759,""" Hát như đấm vào tai "" Sao các bạn cứ bình_luận theo phong_trào thế nhỉ Bài này cũng hay mà Mình bắt_đầu nghiện luôn rồi Chipu dễ_thương MV và giọng hát cũng dthuong luôn nè"
3760,tuyệt lắm. chúc_mừng ca_sĩ Chi_Pu. tụi em sẽ luôn bên cạnh và ủng_hộ các sản_phẩm của chị
3761,Bất_ngờ vì trong mv có người đẹp Hà_Thảo_Linh :thèm_ăn:
3762,EM THẤY ANH PHONG CẬN ĐẸP GHÊ VÀ CHỊ SAMMY NHƯNG_MÀ TẤT_NHIÊN ANH ĐỘI_TRƯỞNG MISTES VỊT PHẢI NGẦU HƠN VÀ ĐẸP_TRAI HƠN RỒI
3763,""" Chung ta không thuộc về nhau "" mới nghe giống với "" không phải dạng vừa đâu "" ha. nghe được mỗi câu đó thôi.: ) ) ) ) )"
3764,Sky_Sky_Sky đâu điểm_danh cái coi nà = ) ) ) ) ) ) ) ) ) ) )
3765,15h ngày 19 - 2 mv sẽ cán mốc 100. 000. 000 trời hihi
3766,22k thích nữa chúng_ta lại có thêm 1 mv 1m lke
3767,100M lượt xem rồi đó Skyyyyyyyyyyyy ơiii!! Ai đang nghe thì DƠ TAYYY = ) )
3768,2017 vẫn xem.... = ) ) ) 112. 896. 894 rồi Sếp ơi < 3 # Mãi _ iu # Team _ đâu _ òy
3769,"Hat hay quá nhói hết cả tai, tụt luôn cả quần"
3770,Tôi thấy Chi_Pu không hợp ngành âm_nhạc này đâu
3771,chúng_ta không luộc được rau: ) ) ) ( We don ' tôi talk any more ) ú ú u ú: ) )
3772,học_hỏi đó đừng nghĩ bậy nhá... ahaha nhớ vào ná học_hỏi na
3773,Bị bố_mẹ mắng vào phòng đóng_cửa xong mở bài này lên bạn sẽ thấy nó càng tồi_tệ hơn.
3774,Anti_Tùng_Núi chúc anh vữg bc trên con đg lầy: 3 -. -
3775,MV này hay ở đâu vậy: ) ) ) ) ) ) ) dis thích vượt mặt thích: ) ) ) )
3776,"Cho MV này lên Tab 1 thịnh_hành được không ạ, hay thế_mà!!!"
3777,Tự_Nhiên Nghe Được Bài_Này_Bên_Tik Tok_Nên_Qua: ) ) )
3778,Ai xây_dựng nội_dung nhỉ? Kém gì video cuaeK pop đâu
3779,Hai thế_lực anh_hùng đang gây_chiến Một bên là Iron_Một bên là Captain_Vietnam_Ai sẽ là người thắng cuộc :thích: :cười_ra_nước_mắt: :cười_ra_nước_mắt:
3780,Trái_tim không thuộc về nhau Giấc mơ không là của nhau Xoá câu ca buồn ngày mưa Anh lỡ xoá lun kỉ_niệm ngày_xưa CHÚNG_TA KHÔNG THUỘC VỀ NHAU :khóc: :khóc: :khóc:
3781,Chỉ đã rất cố gắn rồi cố lên chị oi loveee puuu :chu_môi:
3782,Chị Sammy_Đào_Đã_Xinh Gái Mà Lên Đây_Là_Ngầu_Quá Trời_ƠI
3783,Hát như_vậy là quá hay rồi... chúc_mừng chi pu.
3784,Địt_mẹ mới xoá thích với không thích tối hôm_qua sáng đã tăng vùn_vụt = ) ) Anti nguy_hiểm vãi cả lúa
3785,Rất hay.. Hay và cứ nge không phán_xét nhiều
3786,"Thế mấy bố lệ rơi tùng sơn hát chắc không sỉ_nhục chả là fan ai nhưng thấy chipu hát đâu đến_nỗi mỗi bố mấy mẹ cứ gió chiều nào xoay chiều ấy, thấy bên nào mạnh thì bênh, làm được như ngta thì nói, để nói chi pu hât sỉ_nhục người nghe thì nên khám lại tai đi, sao thằng tùng sơn như đấm vào đít thì chúng_mày tung_hô ghê thế Cắn theo bầy đàn"
3787,"Mục_Report sao lại không có "" ăn_cắp bản_quyền của người khác ""?"
3788,Chị hát mấy bài nhạc tâm_trạng và buồn thì chắc hợp hơn đấy :cười_toe_toét:
3789,Miệng thì nói không hay nhưng tôi đảm_bảo lời các mày đã thuộc hết cmnr! :cười_ra_nước_mắt:
3790,Sau ai không khen SImmy và Cô Ngân rap hay hết vậy ta
3791,"Em thuộc luôn, nhưng em thích anh Siro ráp và chị samy :ôm: :ôm: :trái_tim_đỏ: ️ :trái_tim_đỏ: ️"
3792,hay. tốt nhất mấy bạn không yêu thích sơn tùng thì đừng nghe để rồi bl khó nghe
3793,Không phải anti nhưng vẫn phải công_nhận là không hay
3794,Ai đi y fest về vào nghe lại điểm_danh cái
3795,bọn antifan như * cờ cờ * phụ_đề chế sai lời bài hát: 3
3796,Video của bé Bảo_An đang có 125tr lượt xem kìa
3797,Em chủ_yếu vào đây để Không thích cái MV nỳ thoi ý ạ: ) ) )
3798,Chipu ra luôn bản tiếng hàn đi khéo lại hot
3799,we don ' tôi talk anymore phiên_bản tiếng Việt - bản cover hay nhất mình từng nghe: ) ) )
3800,"Có_lẽ đây là nhạc báo_thức tuyệt_vời nhất, vì nó giúp tôi có_thể dậy sớm hơn để tắt cái bài nhạc này, và từ đó tôi không bao_giờ bị mẹ mắng vì đi học muộn nx, cảm_ơn tác_giả: ) ) )"
3801,bài hát nội_thương làm cho các chủ sân píc cờ bôn phải khóc sướt_mướt đóng_cửa suốt mấy ngày liền :mặt_tan_chảy: :mặt_tan_chảy: :mặt_tan_chảy: vì anh mà sân píc cờ bôn chúng_tôi lỗ âm mấy ngày trời
3802,Ờ thì 3 năm rồi đó thì nó mới hot và thành trend: ) ) ) ) )
3803,"Chúng_Ta Đàng_Lạc về Đầu, toàn coment của người nước_ngoài hạnh_phúc vãi.."
3804,"Nhân cơ_hội này đổi nghệ_danh thành Charlie_Tùng luôn đi, Tùng Núi ATM nghe quê quê dễ_sợ: vậy"
3805,sao mấy bạn kì quá dị mấy bạn hát hay như người ta không mà nói đừng so_sánh người ta như_vậy chứ thứ kì_cục mv hay như_vậy mà chê không biết hưởng thức âm_nhạc gì hết cố lên chi pu
3806,Bạn Chi_Pu cố lên. bà Huong_Tram không biết bag ai ma cu da xeo người khac.
3807,Anti vào soi hoài nghe nhiều lần riết nghiện luôn: ) ) )
3808,"mọi người ơi hãy lo tập_trung cày chỉ bài chung ta không thuoc ve nhau thôi đừng qa bên mấy bài kia xem lượt nghe nữa lỡ nó tăng nhah hơn s, cứ mà tò_mò là qa tình lượt nghe lien"
3809,Đờ mờ sơn tùng max trẻ trâu thế_mà bọn nó cứ thick nhỉ?
3810,Bài hát cứ bình bình nên nghe hơi chán. Dù_sao cũng cố_gắng hơn_nữa nhé CHỊ. < 3
3811,xao mjh nghe ma không thay tăng lượt vay may bạn
3812,"bài hát sâu_sắc nghe quài không chán, chị hát rất cảm_xúc, giọng ca đầy nội_lực, sunny mãi yêu chị < 3"
3813,"tôi bật nhạc này cho đứa em 6 tuổi của tôi, nó ngủ rất ngon, bây_giờ nó ngủ được 40 tiếng rồi"
3814,Âm_thầm bên em rồi bỗng_nhiên em buông đôi tay nhau ra với lí_do là chúng_ta không thuộc về nhau thật_sự thì em không còn là em của ngày hôm_qua nữa!!: vậy
3815,"Liên_hệ người hoà_âm hỏi xem cs bắt_chước We don ' tôi talk anymore không nhé, chứ đừng đi chửi anh TÙng nhé, TÙng không có lỗi, lỗi tại anti :phát: ️ Sáng_tác / Composer: Son_Tung_MÀY - TP :phát: ️ Hoà_âm phối_khí / Music_Producer: Tripple_D :phát: ️ Đạo_diễn / Director: Dinh_Ha_Uyen_Thu :phát: ️ Hoạ_sĩ thiết_kế / Production designer: Do Bố Ty :phát: ️ Giám_đốc hình_ảnh / D. KHÔNG. P: Tung_Bui ️0 ️1 Hậu kỳ / Post production: MR. BLUE ️2 ️3 Giám_đốc sản_xuất / Executive_Producer: Nguyen_Quang_Huy"
3816,Bài hát gây nghiện quá! KHÔNG phải fan của Sơn_Tùng nhưng không hiểu sao cứ mở xem nghe hoài_!
3817,mình thấy bài này rất hay và ý_nghĩa nữa....
3818,Tìm bài We_Don ' tôi Talk_Anymore mà nó nhảy qua đây đéo mày Youtube xài lâu quá không cập_nhật hay sao mà nó hư tìm sai kết_quả thế_này: /
3819,Không hiểu sao lại không thích MV hay như thế_này
3820,Tôi bật bài này cho bạn thân Tôi nghe nó đuổi mồ sống vậy nó tắt cái bài này luôn đó tụi bay tin không
3821,Cảm_ơn người tác_giả đã tạo ra bài nhạc này để giúp rất nhiều người thoát khỏi môn big chị boy
3822,ae thấy St đẹp zai không? Tôi thấy ST đẹp zai còn hát hay nữa. Thích nhiều zô!!!!!!!!!!!!!!!!!!!!
3823,"Cùng tuổi nhưng lần đầu tôi ngưỡng_mộ một ca_sĩ ở Việt_Nam: D Bay xa nhé Tùng, đừng dừng ở chỉ Việt_Nam. Đừng nhảy theo điệu nhạc và thả trôi tâm_hồn của mình ở một sân_khấu nhỏ như Việt_Nam."
3824,xem ik xem lai bai nay hay day chu :hôn_gió: :hôn_gió: :hôn_gió: :hôn_gió: :hôn_gió: :hôn_gió: giai dieu la nghe vui_tai..... zay mak :không_thích: nhiu quá..... ung ho chipu.... hat hay lam chị :trái_tim_đỏ: :trái_tim_đỏ: :trái_tim_đỏ:
3825,Nghe bài này lúc nấu cơm thì cơm sẽ hay bị khê anh_em nhé: ) )
3826,Cảm_ơn bài hát này nhờ nó mà tôi đã có lí_do để bố_mẹ mua máy ms cho tôi :mỉm_cười: :mỉm_cười:
3827,"em thề chị đừng hát nhạc thị_trường chị ơi: ( chị có_thể bắt_đầu bằng những bài hát thực_sự có ý_nghĩa, thực_sự là nhạc được không chị... tại_sao lại chọn bài này..... 1 cách bắt_đầu sai_lầm!"
3828,Chị Simmy ơi có đưa sao_chép ban quuyên kià
3829,. ủa ddisslike theo phong trài à: ) ) mấy người thử hát lại bài này xem rồi so_sánh lại đi: ) ) ai hay hơn ai mà cứ chửi vậy: ) ) suxvat à
3830,Cũng hay mà có tệ lắm đâu Không thích đa_số fan HT ạ Tra đơn_giản lướt cái nguyên ảnh HT luôn
3831,"wow! anh V95 rap đỉnh quá!!! mãi là fan anh V95, dù anh có ngoại_tình với 100 đứa nữa thì em vẫn là fan anh!!!!!!!"
3832,càng nghe càng hay ( tuỳ từng người nghe hay không nhé từ đầu mày. người nói là hát dở nhưng mình thấy hay mà )
3833,gần 2025 rồi mà nghe vẫn thấy hay đúng là sống với thời_gian :tiệc: :tiệc:
3834,nghe đi nghe lại mà vẫn không chán st là số 1 việt_nam. có_thể nói st là ca_sỹ mang tầm_cỡ quốc_tế
3835,Hai chị giọng của hai chị hay quá đi mất :cười_với_trái_tim: :mắt_trái_tim:
3836,Trái_đất hình_vuông nhá. Bảo sao tại_sao nhiều đis thế
3837,19: 59 Ngày 25 / 9 / 2020 vẫn đang nghe Thích nếu bạn thấy cmt này
3838,"HƯƠNG TRÀM CÒN THUA CHIPU NHIỀU THỨ LẮM! Đầu_tiên là đạo_đức,... CỐ LÊN CHIPU NHÉ!"
3839,Vãi thật... Bống bống gần lên 80triệu rồi Thật không_thể tin được
3840,"Thực_sự thành_công ở đây là lượng lượt xem hay về chất_lượng một bài nhạc, nói về lượng lượt xem thì sky rất đông, rồi anti cũng đông, vào xem vì tò_mò cũng đông, nên lượng lượt xem cao. còn về âm_nhạc nói thật không có gì mới_mẻ, giai_điệu nhàm_chán, ca_từ cũng vậy, tôi không phải là fan cũng không anti, nhưng tôi thích những bài lúc trước, càng về sau nghe càng chán."
3841,Sơn_Tùng xăm miếng dán trên cổ nhìn giống anh Vi_Cá
3842,Cám_ơn vì sự chê_bai của mọi người mà bài hát đạt hơn triệu lượt xem rồi đó. Vừa_lòng mọi người chưa haha. Nói thật lòng nghe xong như_ai lấy cây đập vô đầu luôn á trời.
3843,đi đâu cũng nghe vang vảng bên tai tên bài hát này
3844,"Chi pu cố lên! Đừng quan_tâm lũ anti độc_địa làm gì. Chi cơ_bản hát vậy là được rồi, mv được bài hát cũng dễ nghe nhưng cần cố_gắng nhiều hơn_nữa. Mình tin Chi sẽ ngày_càng cải_thiện. Cố lên nhé Chi!"
3845,"Chi đã cố_gắng nhiều rồi, yêu chi. Còn về bài hát thì mình cũng thấy khá hay mà!! Cố lên nhé Chi"
3846,oh. sệt 2 tháng 67. 288. 422 lượt xem vâng. rất_chi_là anh Tùng
3847,giờ lục lại video cũ thấy chị Hà_Thảo_Linh: ) )
3848,Hay hơn Thao_túng tâm_trí của coser nào đó
3849,bài này sao nhiều không thích thế!! hát có phần rất phá_cách! nghe hay mà!!!!!! bài này nghe hay đó chứ!!!!! < 3
3850,Chị Timmy rap hay thật Sim_Sam_Phong cận Kamui_Kairon_Siro Mr. Vịt cũng vậy HERO TEAM LÀ NHẤT!!!
3851,"Vào nghe xog lại load lại để ngắm lượt xem thôi: ) ) ST cứ_việc ra mv, việc tăng lượt xem cứ để Fan + antiFan lo: 3: D"
3852,Hát hay mà. còn hơn con_người giả_tạo mà da vẻ mình thanh_cao
3853,tại_sao mình nghe we dont talk anymore nhiều rồi mà không thấy khớp nhau gì cả
3854,trong mv này sơn tùng làm búp_bê tình_dục à ae?
3855,"Mình thấy có nhiều bạn bảo bài này giống bài we don ' tôi talk anymore, giống giống cái củ_cải, nhạc là do Tripple_D phối, còn nữa nếu mv CTKTVN giống we don ' tôi talk anymore thật í, thì chưa đầy 1 phút là mv bị gỡ rồi đơn giảmn là vì youtube rất gắt_gao trong việc bản_quyền, vậy đi hen. ANH còn nữa tôi 25 tuổi rồi thức tới giờ này để hoàn_thành công_việc ở công_ty là chuyện bình_thường nên đừng có comment cái kiểu như sky còn thức hay sky đi học về gì hết nhé."
3856,mặc_kệ bọn anti nói gì. tình_hình là nghiện bài này rồi. Sky đâu???
3857,Mọi người vẫn nghe nhạc của Tùng chứ ạ!!! Cảm_ơn mọi người đã luôn ủng_hộ Tùng!!! Đăng_kí kênh youtube này để theo_dõi Tùng nhé!!! Cảm_ơn rất nhiều :cười_đỏ_má: :cười_đỏ_má: :cười_đỏ_má:
3858,có gì đó sai sai??? tại_sao bây_giờ mới có 150. 320. 534 lượt xem??? rõ_ràng lần trước xem là 155M lượt xem???
3859,"Thảo_nào hồi xưa ăn phải cái thứ này xong bị đau bụng, cứ nghĩ cơ_thể dị_ứng với pate nên không ăn nữa"
3860,sao nghe thiên_hạ chửi_bới mà tôi nghe mv này thấy thích thế. Đờ mờ tụi bây chê hùa hay chê vì ghanh ghét.
3861,"Mình chỉ có một thắc_mắc thôi, bg làm ca_sĩ vậy có đi diễn nữa không Chi ơi? Ngày_xưa bảo là đam_mê diễn_xuất lắm mà, quyết theo_đuổi chứng_minh sự nghiêm_túc với nghề, bg chán rồi bay qua hát_hò à? Mình rất thích bạn, thích sự nỗ_lực của bạn nhưng giờ cảm_thấy rất thất_vọng, không phải vì bạn hát không hay, diễn không hay mà là vì bạn quá kiêu_ngạo và tham_lam. Tự phong mình là diễn_viên, xong giờ bắt mọi người gọi mình "" ca_sĩ "", tham_lam quá Chi ạ. Mặc_dù "" ca_sĩ "" chỉ là tên 1 nghề nhưng nó cần sự công_nhận của quần_chúng chứ không phải tự phong mà được. Đang tự hỏi năm sau năm sau nữa có_khi "" Hãy gọi mình là dancer, rapper "" hay bla bla gì nữa cho thoã cái tham_vọng "" nghệ_sĩ đa_tài "". Đừng dùng từ "" nghệ_sĩ "" một_cách dễ_dãi như_vậy, bạn mãi chỉ là MỘT HOT GIRL mà thôi."
3862,Darling đến ủng_hộ anh Quí đâyyyyy Nhạc siêu hay lun ạaaaaa
3863,"Mv này thật_sự rất hay, lời bài hát quá đỉnh, thương tùng muốn xỉu luôn vậy đó_hà"
3864,Mình thấy hát_hò đỡ hơn con MLee đấy chứ
3865,Mình vẫn là fan sơn tùng nhưng anh đã copy ý_tưởng rất nhiều người như đoạn đọc rap rồi cái lúc anh cần cái gì để phun sơn nữa rồi cái viên kẹo chữ love đẩy xuống bồn_tắm quan_trọng nhất là we don tôi talk anymore rất giống bài này có nghĩa anh ăn_theo. mấy fan st đừng chửi mình nhé vì mình cũng là fan đừng nghĩ mình là anti.
3866,"Mọi người ns chi hát không hay, đo chỉ la cm nhận riêg của mỗi người, riêg toii, chipu hát rất được, cô lên chi nhé, hãy hát cho bon em nhé, yêu chi nhìu :hôn_nhắm_mắt:"
3867,nghe bai nay chi nghe được chung ta không thuoc ve nhau không_anh
3868,ST rất có tài_năng không phải sky hay anti nhé.. đem phong_trào thời_trang làm MV mình rất thích..
3869,công_nhận hót. tôi mới tối 9h xem 4tr nói tếu mà giờ 6tr500
3870,ms không qua 21triệu hun nay 31triệu omg hãnh_diện khi lam sky quá ^ ^
3871,Hey từng đêm qua cơn mưa bao_vây chia dần đôi ta...!
3872,Nể phục tinh_thần thép dám phát_hành bài hát này luôn á
3873,Các bạn không thích Chi_Pu cũng được gì đâu thôi thích lại đi Chi_Pu đã cố_gắng lắm rồi đấy. = ) )
3874,showbiz lâu_nay không có chuyện gì.. bỗng_nhiên!!!!!!!!: ) ) ) ) ) ) ) ) ) ) ) ) ) ) ) ) ) ) ) )
3875,Mong MV sớm đạt mốc 100tr lượt xem. Yêu: *: *: *
3876,"trời ạ, bài mà mình đang nghe hangg ngày đây sao"
3877,Không phải do chuyện HT mà mày. người mới có ý_kiến đâu: ) ) Nếu chị nói dành tặng riêng fan của chị thay câu cho khán_giả là hay rồi
3878,Phải diễn_tả ntn mới nói hết nhạc của anh nhỉ quá hay quá tuyệt_vời :trái_tim_đỏ:
3879,Mv và bài hát đều hay nhé chúc_mừng Chi_Pu_Team noo
3880,"Thề nghe lúc đầu dị phết, nghe 1 hồi mới biết mình nghiện cmnr: ) ) )"
3881,Nghien bai nay oy hay day chu. Sao chu thich dim người khac nv
3882,La ò ó không ò như bị chịch vậy. Hát như loz á tôi không biết mày hát hay rống. Nhưng tôi nghĩ màu rống hát như con cặt cứ hát ó ó cái L
3883,tôi thấy hay thì xem thích. không hay thì disslike. thế thôi nói nhìu làm_gì
3884,Theo mình xem MV này thì không tệ nhưng_mà mấy cái câu em sẽ luôn tươi_cười mấy câu cuối hát cao lên có_lẽ không bị không thích nhiều vậy dau
3885,cảm_ơn anh Quí vì em của em nó chơi phai phai quá nhiều em bật pickerball lên nó đập mẹ nó luôn cái iphone 16 của em
3886,Beat hay mỗi_tội giọng hát nhiều auto tun quá
3887,thỉnh_thoảng vô coi lượt lượt xem. xem cmt: ) ) ) có ai như tôi không
3888,hay lắm chị chi pu ơi!. chúc chị ngày_càng thành_công hơn_nữa nhé < 3 mãi yêu
3889,Không thích cái con_mẹ tụi mày thích thì thích đéo thích thì cút
3890,Bạn có tài_năng ẩn tốt nhất bạn nên giấu mẹ nó đi :mỉm_cười:
3891,Cá_nhân mình thấy Chi_Pu hát cũng ok mà... Không tới mức mà dư_luận phải phản_bác.. Chỉ là do cách chọn ca_khúc để phù_hợp hơn thôi.
3892,bản mashup của We don ' tôi talk anymore và Fire bằng tiếng việt của GD hay vậy ~ lìn
3893,Hãy cmt và nhìn_nhận bằng sự công_bằng... đừng hùa và nhìn_nhận thiển_cận về vấn_đề
3894,500ae đang xem điểm_danh??? Chúng_ta không phải dạng vừa đâu!!!
3895,"Càng soi lượt xem càng tăng. Nhạc_Sơn_Tùng nổi_tiếng một phần cung nhờ anti. Lúc đâu_đây còn chả biết cái mẹt Sơn_Tùng, vì đi đâu cũng nghe chửi Sơn_Tùng nên mò vô xem mẹt với nghe nhạc riết rùi yêu lun"
3896,"Em chỉ vào để không thích :không_thích:. Chính_thức mất cảm_tình với chipu. Làm_ơn đừng rẻ ngang khi mà "" tài_năng "" ( tài là có tài, năng là năng_khiếu ). Nghe nhạc cứ như đấm vào tai, hát thì kiểu hụt hơi. Cảm_thấy đọc vội theo nhạc... :vỗ_tay: :cầu_nguyện:. Thân."
3897,"Lượng không thích khủng thật, ăn_ở sao để ngta dislik3 nhiều vậy :cười_híp_mắt: :cười_híp_mắt: :cười_híp_mắt: :cười_híp_mắt: :cười_híp_mắt: :cười_híp_mắt:"
3898,BBBB đăng trước CTKTVN hơn 1 tháng lận. Nên lượt xem nhìu hơn có 5tr thoii cũng đâu có gì.
3899,Nghe xong bài này xong có cảm_giác mới bi cuong buc xong
3900,"Clip so_sánh sự giống nhau: MV "" Chúng_ta không thuộc về nhau "" với những MV của Âu - Mỹ và Hàn_Quốc Bang_BangBang"
3901,"Nếu em là bạn của anh, anh chỉ muốn nói với em rằng "" Có những thứ không_thể cứ học là được. Đôi_khi người là năng_khiếu cần có sẵn. Học_hành chỉ để phát_huy "". Ngày còn ở 5S đã thấy em có 1 chất giọng thảm_hoạ: ("
3902,"Mặc_dù mình rất hâm_mộ chi pu nhưng mình thấy chi pu hát không hay, chưa có nhiều cảm_xúc, hát khiến người nghe đau_đầu vì ồn_ào."
3903,mấy con ế show muốn dìm hàng chị Chi_Pu đây Mà + Chi_Phu hát hay mà nghĩ sao chê_bai chữi bới vậy trời Ủng_hộ chi pu
3904,"Thật lòng mà nói bài này cũng hay đấy nhưng không bằng "" tất_cả đứng im "" = ) ) ) ) )"
3905,"Video rất hay, chipu cố lên đừng để_ý đến nhưng lời dèm pha bên ngoài,"
3906,Very good good.... Bài này em rất thích rất hay chất..
3907,có thấy bị vấn_đề gì đâu mà mấy ông pà không thích nhìu vậy
3908,Mọi người chú_ý khi xem thì tắt bỏ phát tự_động nếu không lượt xem của bống bống bang bang sẽ tăng lên nhé: ) ) )
3909,Báo mạng zalo facebook đã đưa tôi đến đây = ) )
3910,gần 5 triệu lượt xem rồi.. cố_gắng cày lượt xem nhar skyy..
3911,"Nói thật chứ nể thằng Edit với Camera dã_man, cuộc_sống mưu_sinh vì đồng_tiền phải nhắm_mắt :khỉ_bịt_mắt: bịt tai :khỉ_bịt_tai: ngậm_miệng :khỉ_bịt_miệng: để ra sản_phẩm."
3912,Thick of it của KSI còn thua với Pickleball của Phú_Quí :nói: :nói: :nói: :nói:
3913,lượt xem tăng kinh khung cứ vào hóng lượt xem hoa cả mắt
3914,"Sẽ thành_công nếu em không bỏ_cuộc, mỗi người một phong_cách, ai nói gì mặc họ."
3915,không phải anti nhưng cũng phải sky nhưng rất tự_hào quê lúa có 1 người dám nghĩ dám làm như chú Tùng. cố lên em! người ta nghĩ ntn cũng được mình cứ làm miễn_là không hổ_thẹn với lương_tâm là được.
3916,Cho cháu hỏi ai là người viết nhạc và lời vậy ạ?
3917,không biết sao nhma thấy cũng catchy mà mọi người: ) hay do mình tôi thấy hay nhỉ. Lời bài hát hơi... tí nhma khúc anh hẹn em pickleball nghe vừa hài vừa hay: )
3918,em xin loi_son tung em biet anh an cap nhac bae my
3919,Tại thời_điểm 21: 45 CTKTVN hơn WDTA 100. 000 views = ) ) )
3920,Nghe song không hiểu bài hát này nói gì luôn. Bài hát tệ qua. Mv kéo cũng không lên nổi.
3921,Sao tôi thấy bình_thường mà ta.... nghe cũng được mv cũng được mà.... chứ có gì đâu mà đến_nỗi tệ ghê dạy... hay chỉ là hùa theo hiệu_ứng đám đông
3922,chị chipu để tóc xoã nhìn xinh gái không tả được mãi ủng_hộ chij: ) Mà ai hôm_nay 30 - 11 còn xem không nhở
3923,Định không thích nhưng thôi theo phong_trào. Xem chùa: )
3924,Cảm_ơn anh này nhiều lắm :chào: :chào:. Thằng bạn của em nó bị liệt toàn_thân mà em bắt nhạc này cho nó nghe mà nó đã đứng lên rồi tắt nhạc.
3925,Hương tràm đưa mình tới đây. Mình đồng_tình với bả
3926,Rap phần đầu giống như bài fire của BTS nhỉ
3927,Đỉnh nhất ở khúc simmy rap tới Hà_Thảo_Linh í hay vaiz ( ykr )
3928,Con_người ta rất thích hùa theo đám đông... ví_dụ em cũng có coi 1 số clip khác.. chưa coi clip mà đọc comment.. nếu comment tốt thì coi MV càng thấy hay.. còn bình_luận không hay_ho... thì cứ tự_động cảm_thấy có 1 chút không thích dù chưa coi... còn MV của chị_em thấy hát hay... dù không phải là fan.. vậy thôi
3929,Nhạc trẽ giờ hát nghe sao kì kì... vậy_mà giới trẽ mê ghê thiệt... ghé qua coi thữ... thôi qua dương hồng loan nghe đây..
3930,Nói thật không gét chipu nhưng hát méo gì mà như búa đấm vào tai. hát không hợp với em đâu.
3931,Nhiều cái gần giống bài we don ' tôi talk anymore Điều này mình không thích: (
3932,"We don ' tôi talk anymore, We don ' tôi talk anymore à ờ sr em vào nhầm MV: ) )"
3933,"đoạn đầu giống we don ' tôi talk anymore.. à không cả bài luôn.. cái đoạn "" chúng_ta không thuộc về nhau "" hát y_hệt "" we don ' tôi talk anymore"
3934,Hát cũng hay :mỉm_cười: Mà ai sáng_tác bài Dở thật :không_miệng: :mặt_vô_cảm:
3935,bạn mình bị điếc bẩm_sinh sau khi nghe xong thì có_thể đi_lại để tắc loa.
3936,"Giọng chị hay mà sao mọi người chê vậy ta, mv này riêng mình thấy thì cái bài này không hay chút nào chứ giọng chị cũng ổn, đâu đến_nỗi để bị mọi người ném đá vậy chứ"
3937,"Giờ em mới hiểu ý_nghĩa của MV Chúng_Ta Không_Thuộc_Về_Nhau Tạo ra ĐÔI TAY thì bị chính dôi tay ấy XÔ NGÃ Tạo ra ĐÔI MÔI thì đôi môi ấy suối ngày CÃI_VÃ Tạo ra ĐÔI MẮT thì đôi mắt ấy CHỈ BIẾT KHÓC Tạo ra ĐÔI CHÂN thì đôi chân ấy luôn BỎ ĐI... Đến lúc hiểu chỉ cần có MỘT TRÁI_TIM là đủ, thì đã quá muộn_màng... Kịch_bản quá xuất_sắc và hợp_lí luôn < 3"
3938,Beat hay vãi cả lúa hát cũng hay nữa. Ns chung HAY vãi cả lúa
3939,ai còn nghe dựa vào đây để phát_triển là còn ủng_hộ ST :chỉ_xuống: :chỉ_xuống: :chỉ_xuống: :chỉ_xuống:
3940,bọn óc vât vào cmt vào video của charlie giờ bạn người nc ngoài cmt vào đây
3941,"Nghe có_vẻ cũng sáng_tạo đấy chứ, đâu đến_nỗi phải không thích nhỉ"
3942,"ban quền người ta chưa có ý_kiến gì mà mấy bạn cứ làm ầm lên, mình chẳng fan ai cã, đơn giãn nhạc hay thì nghe.. nghe mùi gato nặng nặng hay sao ý"
3943,từ hôm_nay Chi nên ngừng hát fell thích ohhh. từ hôm_nay Chi chỉ nên mặc áo_quần đẹp rồi đi chộp ảnh fell thích ohh :nháy_mắt: :nháy_mắt:
3944,Sự_thật thì luôn_luôn mất_lòng. Chi hát như kiểu trả_bài ý. chấp_nhận đi em.
3945,"dở ói, làm nghề bao_nhiêu năm không nổi lên được là có lí_do cả"
3946,Khai nhanh Mọi người vào đây không phải để nghe nhạc Mà là để đọc cmt tấu hề đúng không? :mắt: :miệng: :mắt:
3947,Thích trước... mắc kệ nó giống ai.. hay thì nghe mà thíc là thích :cười_đỏ_má: :cười_đỏ_má:
3948,đoạn rap giai diệu giống phần rap của Rap_Monster ( BTS ) trong bài Fire. không còn gì để ns
3949,Tôi nghe là bài này we don ' tôi talk anymore nó là tiếng việt được sơn tùng chế ra chúng_ta không thuộc về nhau thật là hay trùng_hợp :trái_tim_đỏ: thích thích :thích: :thích:
3950,còn 2tr nữa thôi sky ơi cố cày xog mv này rồi còn lạc trôi với nơi này có anh nữa :nháy_mắt: :nháy_mắt: :nháy_mắt:
3951,Ít thích nhung hay và nhiều người đang kí nên tôi thích và đang kí
3952,chúng_ta không thuộc về nhau rất hay nhưng chưa sung
3953,"Anh hẹn em Pickleball :bóng_bàn: :ngôi_sao_lấp_lánh: Ta vờn nhau Pickleball :tiệc: :trái_tim_lấp_lánh: Tay_vợt bên dưới hông :bóng_ném: ‍ :nam_giới: ️ :giày_thể_thao: Anh đập banh, đập banh :nổ: :ngôi_sao_lấp_lánh:0 :ngôi_sao_lấp_lánh:1 :ngôi_sao_lấp_lánh:2 :ngôi_sao_lấp_lánh:3 Đến em mạnh vào :ngôi_sao_lấp_lánh:4 :ngôi_sao_lấp_lánh:5 Ta chỉ chơi Pickleball :ngôi_sao_lấp_lánh:6 :ngôi_sao_lấp_lánh:7 Không nên vượt mức Pickleball :ngôi_sao_lấp_lánh:8 :ngôi_sao_lấp_lánh:9 Đưa vợt anh tiếp banh :tiệc:0 :tiệc:1 High and low :tiệc:2 :tiệc:3 Từ thấp đến trên cao :tiệc:4 :tiệc:5 Ta chỉ gặp chơi Pickleball. :tiệc:6 :tiệc:7"
3954,lượt wiews we đon tắc anh ny mô sắp vượt ctktvn rồi
3955,"Chỉnh tốc_độ 1. 5 nghe đi mọi người, nghe max phiêu: 3"
3956,Kamui “ 1m7 ” kìa chứ không phải “ 1m5 ” đâu nhé :tiệc_tùng:
3957,đọc cmt bên nơi này có anh sky kêu_gọi sag CTKTVN cày lượt xem thế_là tôi sag đây cày nè
3958,Nói thì CP buồn nhưng xem xong cảm_thấy HT nói đúng
3959,Nghe lấy tinh_thần để năm nay đón 3 MV mới chứ :đeo_kính_mát:
3960,có ai để_ý hình xăm trên cổ anh_sơn tùng không
3961,chag pit co dao hay không mien la nhac hay thi nghe thôi. neu ai kug nghi được nhu mjh thi tot
3962,Mình cảm_thấy bài hát này rất hay mak! Tại_sao mọi người lại không thích chị vậy?
3963,"Không biết_mấy người sao chứ tôi nghe thấy bình_thường, thêm phần hình_ảnh đẹp nữa nên 1 thích cho Chipu"
3964,hero Team rac hai quá còn đội cai rac quá dở quá
3965,"lượt nghe tăng không phải do hay mà là do mấy hôm_nay báo mạng quá_trời. tôi cũng như người khác thôi. vào nghe xem thử tại_sao bị Hương tràm, tóc_tiên chỉ_trích"
3966,"Mình thấy lỗi làm cho bài hát giảm đi giá_trị là MV, bài hát nghe nhiều cũng bắt tai. Phân cảnh không: 19 là "" lỗi "" nhất. Chi_Pu rất đẹp. Mình nghe nhiều lời_nói thì muối vào xem thử, không thật_sự tệ như mọi người nghĩ mà, ai cũng vấp_ngã, đau nhưng nhớ. Chúc bạn tìm được con đường của mình và thành_công < 3."
3967,CHỊ HÀ THẢO LINH CỦA EMMMMMMMMMMMMMMMMM EM LÀ IDOL CHỊ HÀ THẢO LINH
3968,"Bài hát cũng đâu là quá tệ, MV đẹp, Chipu nhảy cũng đẹp hơn trước rất nhiều Chai_Yooooo"
3969,"hay, chắc_chắn không lâu nữa đâu, sẻ được 100 trời thôi"
3970,giọng hay mv đẹp nhưng đồ lỗi_thời rồi con_nít thời nay chỉ thích đồ chất sành_điệu chị ak màu_son không hợp nếu chị bận trang_phục trang_điểm kiểu tóc hồn_nhiên giống trong mv buông đôi tay nhau ra thì không thích không nhìu vậy đâu chị ak nói_gì_thì nói các bạn cũng cho nh ta 1 thích động_viên chưa gì thấy không thích nhiều cũng bấm theo mấy bạn mấy anh mấy chị mấy ông_bà nội hát hay như người ta đi rồi hẳn nói hát không bằng 1 góc người ta mà đòi làm anh_hùng bàn_phím
3971,Bài hát như_vậy ma chipu cũng cho ra_mắt được. KHÔNG phải chê nhưng phải nói là quá dở. KHÔNG pit chipu nghĩ gì.
3972,ây gu.. nghe đi nghe lạichỉ thấy mỗi câu chúng_ta không thuộc về nhau.. ôi da nâu 2: vậy
3973,Có người vượt mặt lượt không thích của chị rồi :đảo_mắt:
3974,nghe cũng ổn mà sao nhiều người không thích thế: vậy
3975,mộj ngừoj có pí tatoo đọc là gì không là tha thu á
3976,"Cày lượt xem CTKTVN đi nhé trc sản_phẩm Lạc_Trôi ra_đời. Mà cũng đừng ghét 365 nhé, họ có đụng cham gì đến mình đâu!"
3977,"Mới có 3 ngày mà đã 7, 8 Trời lượt xem, Sơn_Tùng đã vươn tầm thế_giới rồi"
3978,mình thấy bình_thường mà.... gạch_đá cái wtf gì vậy? @ @
3979,Ngày này tháng sau không 50tr tự_nguyện chặt chym!!!
3980,báo_cáo video có nội dụng phản_cảm ở đâu vậy
3981,"Nghe lần đầu không hay, nghe lần 2 và nghiện rồi, cả ngày ồ ố ô ồ: )"
3982,đoạn đọc rap.. từ đầu_tiên bắt_nhịp sao giống trong đoạn rap của Bài_Fire của BTS vậy.. của mọi người.. Fan_Sơn_Tùng
3983,em thích đội hero team tại vì hero team nhạc rap hay nhất :cầu_vồng: :trái_tim_lấp_lánh: :trái_tim_lấp_lánh: :trái_tim_lấp_lánh: :trái_tim_lấp_lánh:
3984,"chỉ 1 từ thôi, quá kinh_khủng, như con khùng"
3985,"Youtube: woa rap hay quá :trái_tim_đỏ: :trái_tim_đỏ: Tiktok: rap gắt quá, gắt như cạp: )"
3986,:cười_ra_nước_mắt: :cười_ra_nước_mắt: :cười_ra_nước_mắt: Chê kệ moẹ chúng_mày. Tau thích nhé nhà_kinh_doanh Buffet tôi mở quài
3987,"Mình thấy bài này giọng Chi_Pu cũng khá tốt, chưa đến mức sắc xảo như mấy ca_sĩ khác nhưng_mà đây là ca_khúc debut thì cũng có_thể bỏ_qua. Nhưng_mà mình thấy bài này không phù_hợp cho lắm để làm ca_khúc "" chào sân "". Cái giai_điệu nghe được nhưng thực_sự mà nói thì lời Việt quá......... tệ. 1 câu lặp hơi nhiều từ thành_ra nghe nó cứ thấy khó hiểu. Lyriclist hình_như vẫn chưa có khả_năng để làm songwriter. Vì_thế nghe bài hát nó rất vô_nghĩa mặc_dù ca_sĩ có tiềm_năng."
3988,ANH siro đúng kiểu rap nhanh lun ak ai thấy thế không???
3989,vừa biết người_yêu phản_bội mình nghe bài này cảm_giác đỡ hơn nhiều. Không buồn rơi lệ nhưng vẫn hiểu rằng chúng_ta không thuộc về nhau
3990,"hey burn it up.. hey turn it up, ANH. RỒI. MÀY. Y đâu, khinh voãi"
3991,Bà_cô ngân lượng và mạng xã_hội chủ_trì cuộc_đời sống của bà đi
3992,không thích cái éo. Tùng thuyết_minh thay vietsub thôi mà = ) ) )
3993,"Thằng bạn mình nó bị liệt_dương, nghe bài này xong nó điền đi qua đêm với mấy emm, xin cám_ơn bài hát đầy ý_nghĩa"
3994,fan lê_võ ngọc hân chúc sếp tùng thành_công
3995,Phong_cách video và nhạc nhìn có_vẻ đang bắt trước Sơn_Tùng_MTP
3996,Bài hay thế_mà mấy bọn này không thích: ) chắc bọn này đang tưởng nút tải xuống :chu_môi: mãi ủng_hộ chị
3997,Chú sơn tùng ơi cháu là fan của chú đây :tiệc:
3998,6rftegtrhuutghrhh không_thể bán được nhiều tiền hơn tôi không có biết Fygtgtvhhy
3999,sợ thật hơn gần 2 tháng rồi mà 2 ngày lên triệu lượt xem
4000,Cảm_ơn bài hát pickleball vì tôi ra mộ ông tôi mở bài này tự_nhiên cả họ nhà tôi đội mộ sống dậy thi nhau đòi tắt cảm_ơn vì đã hồi_sinh ông nội và dòng_họ tôi và tôi bây_giờ sẽ ngao_du thiên_hạ để hồi_sinh các con_người đã khuất bằng cách bật pickleball
4001,Nghe hơi lạ_tai 1 tí nhưng vẫn sẽ ủg hộ con đườg của chiiiiii
4002,"Nắng ấm xa dần rồi chỉ còn những Cơn mưa ngang qua, anh tự hỏi rằng Bình_yên nơi đâu và bây_giờ không còn là Em của ngày hôm_qua, anh đã từng nói sẽ Âm_thầm bên em và Làm người luôn yêu em. Nhưng em muốn anh bước qua nếu em không hạnh_phúc và bây_giờ chúng_ta lại Buông đôi tay nhau ra. Có những lúc anh vẫn ngĩ rằng Chắc ai đó sẽ về và sẽ mãi yêu em. Nhưng thưc sự giờ_đây Em đang đi bên ai đó. Không phải là anh, có_lẽ Khuôn_mặt đáng thương này sẽ không được Như ngày hôm_qua và cuối_cùng anh chợt nhận ra là "" Chúng_Ta Không_Thuộc_Về_Nhau """
4003,antifan cút hết nhé bọn mày rảnh nhờ không thích thì next ai khiến bọn mày xem với cmt. Và CHI Pu yên_tâm bọn em luôn ủng ộ chị và bên chị dù ntn đi_nữa xD!! ca_sĩ CHI PU 5ting = )
4004,sao âm_điệu giống i don ' tôi talk anymore thế: 3: 3
4005,Ns thật hay hơn we don ' tôi talk anmore nhìu..... Ý_kiến riêng nhé.
4006,Hồi mới nghe thì không hay thấy buồn cuời giờ nghe lại thấy hay mà ta.. ai thấy giống mình không????
4007,"Có_thể bạn chưa biết vịt là loài động_vật gia_cầm đẻ trứng, nó có_thể bơi được trên nước, đi được trên cạn, nhưng nó không biết bay..."
4008,Nghe bài hát này tôi thấy jack là 1 ca_sĩ tuyệt_vời.
4009,MV này khá đấy nhỉ. Sôi_Động còn về giọng hát có chất riêng. Chắc bọn kia gặp vấn_đề lỗ tai nhỉ
4010,"nghe lại vẫn chất, nhạc của Tùng không phải nhất_thời, Nghe vẫn rất đã tai. Câu từ tốt"
4011,MV tùng 1 tuần mà lượt xem gần bằng Lượt xem MV Noo_Phước_Thịnh 1 thắng = Đẳng_cấp của Noo đấy à. Thua xa. Nhục
4012,nghe xong bài này tôi cảm_thấy nên đề_xuất tạo riêng tầng địa_ngục thứ 19 cho nó
4013,thay_mặt tập_kích việt_nam chúc tùng thành_công
4014,Cô ngân dẽ thương và mèo sim cũng dễ_thương
4015,thịt thối thì mua về phải xử_lý hoá_chất. nghĩa_là phải_biết trước mình đang nhập thịt thối để mà nghiên_cứu cách xử_lý + tìm nhập nguồn hoá_chất trước đó rồi chứ càng đợi thì nó càng thối làm ra thành_phẩm sao đánh_lừa khách_hàng được
4016,"Tuần trc tôi ms đi thăm bệnh 1 người bạn bị tngt, khi đang ngồi bên. tôi ấn nhầm nút bật âm_thanh khi đang lướt trúng video này. Bỗng đứa bạn bị câm, điếc của tôi mở_miệng ra bắt_đầu * "" chửi "" * cái lời bài hát này. Con bạn đang trong tình_trạng người thực_vật của tôi bật dậy vì khúm_núm. Ông cụ giường bên cũng qus sock mà lên_cơn tim. Cô y_tá gần đó chạy đến hoảng Hốt, bị cái giai_điệu này làm cho điếc. Bà lão vừa ms die đang được các bác_sĩ đẩy đi. Bà bật dậy đi từng bước đến tắc chiếc máy đó. Tôi thật_sự vô_cùng hạnh_phúc khi vô_tình chịu chung số_phận với cô y_tá sẽ không phải nghe cái giai_điệu này 1 lần nào nữa."
4017,"chipu ở 5s online thấy ngowy thơ còn thích chứ bây_giờ làm kiêu này, wtf bị sao ý xem đoạn đầu đéo cần xem đoạn không thích luôn cho chipu trở_lại ngây_thơ 5s mọi người à..."
4018,Thấy bt đâu đên nỗi đâu mà các vị quăng gạch ghê thế
4019,có thím nào là ARMY như tôi lạc trôi ở ây không :cười_ra_nước_mắt:
4020,"6. 7tr so với 67tr lượt xem, chi pu tuổi lol sánh_vai với em_gái mưa à? lượt không thích thì sơn tùng cũng phải gọi chi pu = bà = ) )"
4021,"Nhạc thì dở, vừa cũ vừa quê, lời thì sáo_rỗng, nông_cạn. Hát được bài này hỏi sao sự_nghiệp flop quài"
4022,"Nghe đến lần 2 nghiện luôn = ) ) ai giống mình không ạ = ) ) ) ) ) hay mà, giai_điệu bắt tai"
4023,Nên trách thang dao diễn kia diva thah lam oi. Hat vậy ma che không hieu s lun. Hat nhu lệ roi ma noi tieng. Hat vậy ma chê con me gì
4024,"Chiều hôm đầu có 1, 7tr mà giờ đã hơn 8tr rồi hay quá sếp ơi"
4025,anti không thjx nhưg cứ vào xem ùi cmt Xin_lỗi vậy :tức_giận: :tức_giận: :tức_giận:
4026,"Mình thấy mv này hay đấy chứ, chắc các bạn không thích theo phong_trào"
4027,Mình cũng là Fan của Chi nhưng thật_sự là mình thấy bài này như cứt vậy Chi ạ: ( ( ( (
4028,hát chán quá được mỗi_cái kỹ_thuật quay_phim và dựng cảnh
4029,85trieu rồi gần bằng em của ngày hôm_qua còn kém 2 triệu wiew thôi...? Nhưng thật_sự thì em của ngay hà_nội ngày ấy mà không bị gỡ xuống thì mất bao_nhiêu wiew giờ này cũng hơn trăm rồi còn đâu :cười_ra_nước_mắt: :cười_ra_nước_mắt: :cười_ra_nước_mắt:
4030,"Đang bị táo_bón mấy năm chx đi được, nhờ có bài này mà iax sập bồn rồi. Cảm_ơn nhiều nhé :trái_tim_đỏ: :trái_tim_đỏ:"
4031,Bên kia sập Lượt xem có ai quay về đây nghe không
4032,"fan trấn thành, fan one piece chúc anh Tùng thành_công"
4033,Copy hay không cũng được miễn_sao có nhạc nghe được rồi: ) ) ) )
4034,"Beat hay, đồ đẹp. Hết. Chờ Chipu sẽ có nhiều bài hát hay và ý_nghĩa hơn, nghe xong không hiểu thông_điệp là gì: ) Giọng hát thì em không nhận_xét ^ ^! EM không cảm_nhận được gì hết kiểu không cảm_xúc ấy, mấy ca_sĩ tự_do hát ở GAGA còn có cảm_xúc hơn. Love U. Fighting"
4035,MV + Giọng như_vậy mà mấy đàn Anh đàn chị còn chê sao... Cái bài Em_gái mưa nghe trả ra sao mà sao nó lại hót đến vậy. Muốn xem hát live thì xem giọng ải giọng ai tập 4 đi rồi biết xem chipu hát có hay không.
4036,Ai còn nghe không Công nhânh sếp ngày_xưa đẹp zai thật
4037,Ngoài cô Ngân ra đứa nào dám ngầu hơn cả team hero :hôn_gió: :hôn_gió: :trái_tim_đập: :trái_tim_đập: :mắt_ngôi_sao: :le_lưỡi: :le_lưỡi_nhắm_mắt: :nháy_mắt_le_lưỡi: :nháy_mắt: :cười_ra_nước_mắt:
4038,hay quá chipu mong_đợi những sản_phẩm tiếp_theo của bạn < 3
4039,em nghĩ chị cứ nên là 1 diễn_viên để giữ hình_tượng trog mắt em và mọi người chị nhá
4040,Không phải đẹp là hát hay: ) ) ) làm_ơn những_ai gọi bả là YÊU phiên_bản Việt_Nam thì ngưng đi nhé: ) ) đừng lôi bé Sen nhà tôi giống với BÌNH HOA DI_ĐỘNG này nhé.
4041,"Cũng không đến_nỗi như mọi người chê mà. Tiếc mỗi cái là chưa đọng lại được hình_ảnh chính bản_thân em. Xem có cảm_giác nhiều ca_sĩ khác gộp lại. Mỗi người nhặt 1 tí. Hy_vọng em sẽ tìm được hình_ảnh, phong_cách rõ nét cho mình. Và rèn_luyện giọng hát nhiều hơn_nữa. Chúc_mừng và chờ_đợi sự khác_biệt hơn_nữa."
4042,Sơn tùng hát tiếng việt chứ có phải Hàn_quốc đâu
4043,xin 1 phiếu solo với tất_cả các rapper trên
4044,Có ai như tuii không trời..... Sắp hết năm 2019 rồi nè anh_em ơi
4045,""" thấy phong lại muốn hiện luôn "" câu đấy hay thật"
4046,Cả VIỆT_NAM cung không bang bai hat nay Charlie_Ruth - We_Don ' tôi Talk
4047,ca_sĩ nay tên gì vậy.. s thay cmt ghi núi núi là s ay nhỉ
4048,nhạc này mà đem đi làm báo_thức là bao dậy luôn :một_trăm_điểm:
4049,Bọn anti ngưng soi_mói đi - _ - Càng soi càng sáng thôi... Mê mấy thằng hàn xẻng thì làm được mẹ dì???
4050,haha. thế_nào mà cứ đến đoạn Chi không hát mình lại thấy hay nhỉ? :cười_ra_nước_mắt: :cười_ra_nước_mắt: :cười_ra_nước_mắt:
4051,"thật khâm phụ 5 triệu người nghe, bọn họ đã lấy động_lực ở đâu để nghe vậy?"
4052,Ban_đầu nghe xong lạnh sống_lưng vì nó ' gì. anh. y '. Nhưng sau khi nghe vài bản phối lại và nghe lại bản_gốc thì nghe lại hay hẳn. Có ai giống tôi thì thích :cười_toát_mồ_hôi:: )
4053,Thý chị hát hay mờ chỉ có đìu nội duq bài hát không hỉu xíu hou :cười_ra_nước_mắt: :cười_ra_nước_mắt:
4054,Ai thấy bài này hay hơn bài anh ơi ở lại thì cho mình 1 thích
4055,"không hay còn tuỳ vào bài hát nữa, giọng hát không đến_nỗi để không thích đâu"
4056,"hay mà, nghe lại lần nữa kết_hợp với việc thu nhà_cửa thấy làm_việc cũng nhanh hơn, có_thể mọi người mải chê quá nên chưa cảm_nhận kĩ lời bài hát, chị có_thể hát kiểu mấy bài giống như ' ' Trở về đi "" ạ, em thấy chị hát như_vậy hay, chị cứ cố_gắng ra sản_phẩm ạ, thấy chị càng_ngày_càng giống ca_sĩ thực_thụ rồi ạ, giờ làm cho nó dày nên nữa ạ, em luôn theo_dõi chị, động_lực cho em làm được nhiều việc ạ,: )"
4057,": > Bài nghe khá bắt tai, mỗi_tội nhảy đôi_lúc như con_đin vậy: vậy ( ý_kiến riêng )"
4058,200 nghìn nữa là tròn 50tr views cố lên sky cố tròn 1 tháng đạt 50tr views đi sky đâu rồi cày đê
4059,"giờ này nghe đa phê, lại kang phê phê quá......."
4060,"Bài này hay mà. Sếp em là nhứt. Đề_nghị mấy bạn anti fan câm mồm dùm, không làm được như người khác nên ghen_tị hả? Chỉ theo phong_trào hay sao? người VIỆT_NAM mà không có văn_hoá, người nước_ngoài vào đây họ xem có nói như_thế đâu? Nghe cả hai bài không được sao?"
4061,"Có nhiều bạn hát không hay vẫn cầm mic hát đó thôi, sao các bạn không nói.... Chi_Pu hát cũng hay mà sao mọi người lại chê nhỉ. Mình không phải fan của Chi nhưng nghe Chi hát cũng hay"
4062,người ta ra mv âu ăn hết của nhà mấy bạn mừ nhắn_tin chi pu dữ vậy? tôi không phải fan nhưng theo ý_kiến
4063,Chị simmy chị sammy với anh phong và anh vịt và anh siro
4064,fan maria ozawa chúc_mừng ST.. bài hát rất hay: 3
4065,Có ae nào đang nghe không điểm_danh chém gió tý nhề hj Ae ghé kênh mình nghe thơ chế 18 + nhé
4066,Từ thời nói_dối với HKT lâu rồi VIỆT_NAM không có sản_phẩm âm_nhạc cười. :cười_toe_toét:
4067,Người ngoài nc vào nghe nhieu thế? Hiểu gì không
4068,"Bài nhạc này chất quá, sang quá! - Sang_chấn tâm_lý, chất_thải - :đầu_lâu: :đầu_lâu: :đầu_lâu: :đầu_lâu: :đầu_lâu: :đầu_lâu:"
4069,"bài này chắc MVP rồi, tỷ_số không thích gần = tỷ_số thích lun rồi: vậy"
4070,"Omg đứa bạn của tôi là một người điếc khi nghe bài này bạn tôi đã nghe lại được và tắt ngay bài này và bảo, tôi muốn điếc lại từ đầu! thứ này là một điều_kinh khủng nhất lịch_sử nhân_loại aaa Ôi trời cảm_ơn anh zai nhiều vì cho bạn tôi từ người bị điếc trở_lại bình_thường thank you very much anh zai!"
4071,Dù Bbbb qua cũng cày nhé Biết_đâu qua rồi nó không thèm cày nx
4072,Càng_ngày_càng thấy ST càng nhạt. Cko ra những Sản_phẩm không còn hay như trước nữa. Bài này nghe toàn là câu chúng_ta không thuộc về nhau không hà. 1 chữ thôi. Nó dỡ lắm. ( làm Fan mất thần_tượng of mình )
4073,BÀY_ĐẶT LÀM MV GIỜ THÀNH DƯ_LUẬN CỦA ĐẤT_NƯỚC
4074,định_mệnh. 11 triệu lượt lượt xem rồi. 3 ngày. kinh_khủng
4075,Wow. 10h đêm qua mới có 11tr9 sáng mở đã 13tr9 rồi. Hot quá: ) )
4076,"Bài này giảm ác hết_nổi rồi giờ chờ Sếp hát lại hoặc ra bài mới, mới lên lại thôi"
4077,trời xanh rộng bao_la anh lê_dôi chân mình
4078,"Đù, chưa gì lượt lượt xem sắp bằng mv "" chắc ai đó sẽ về "" rồi: ) ) )."
4079,"Lượng thích và không thích gần ngang nhau, ghê thật chúng_ta không luộc được rau: ) )"
4080,"cảm_ơn vietsub bài "" we don ' tôi talk any more "" công_nhận lời việt nghe hay hơn. mình rất thích bài này i love Tùng"
4081,"EM sẽ hưng hờ... xa mờ... Nhưng âm có chữ "" ơ "" nghe không ra 1 cái gì hết. Quá tệ. Công_nhận sư đa_năng của bạn nhưng Làm cái gì cũng trong khả_năng của bạn thôi. Đưng_Làm nhung điêu gì minh không_thể. Có thê minh ns hơi nặng_lời nhung mày là khán_giả là người trực_tiếp lắng_nghe sản_phẩm âm_nhạc được ns lên quan_điểm của minh "" một sản_phẩm âm_nhạc quá tệ ""."
4082,"em coi mv này chủ_yếu là nhìn môi tùng thôi, nhìn đẹp sao sao ấy trời :hôn_gió: :nháy_mắt: :trái_tim_đỏ: :trái_tim_đỏ: :trái_tim_đỏ: :trái_tim_đỏ: :trái_tim_đỏ: :trái_tim_đỏ: :trái_tim_đỏ: :trái_tim_đỏ:"
4083,thật_sự nhìn phong_cách quái rất giống TÔI. KHÔNG. P còn đoạn đầu giống MV sacota của bigdaddy á... nhưng vẫn ủng_hộ tùng
4084,"Chị đã làm được rất nhiều, rất nhiều hơn hẳn Hương_Tràm. Chị bước chân vào showbiz trước cả khi Hương_Tràm được mọi người biết đến. Không ai có quyền làm chị nhụt trí cả. Đừng chỉ đọc những comment vô_tâm và không có suy_nghĩ, hãy để_ý đến cả những con_người luôn dõi theo chị. Làm_ơn hãy tiêp tục ước_mơ của chị. Mãi yêu < 3"
4085,nhạc hay MV chất Anh Tùg đẹp_trai.. mặc_dù tôi không phãi sky
4086,"Khoảng 10 giờ trước còn 4 triệu, 1 lượt xem. Còn bài we don ' tôi talk anymore 4 triệu lượt xem chẳng, bây_giờ thì bài we don ' tôi talk anymore thì 9 triệu lượt xem ròi bên này mới 8 triệu < < < < Sky nghe và Ủng_Hộ nhìu zo cho TÙNG Nhé"
4087,mình xem 15 lần. hy_vọng ST ra nhiều bài hát hơn nhé.
4088,nge lại mx bài hip củ hay vãi cả lúa cánh_tay âu ht rồi ạ say or yes
4089,Nốt săm giống giống TY trong MV Fantastic_Baby! Giống giống Sober! Giống_GD vãi: ) ) P / s: Đập vào mắt sau 1 lần xem MV thôi! còn nhạc và lời thì không thích lắm: ( có_lẽ bài này không lên hit được rùi!!!
4090,Tôi thấy hay mà sao các mày không thích nhiều quá vậy = _ =
4091,Không hề có ý chê_bai gì nhưng mình nghĩ chi pu lên tập chung cho diễn_xuất thì hơn
4092,"Hồi sáng vào thấy 29, 400, 500 gì đấy. 3 tiếng sau quay lại đã 29, 670, 110 rồi"
4093,tôi bị táo_bón mấy ngày nay nghe xong tôi iar rất mượt
4094,Cảm ơm anti làm bài hát này thêm hot.... Bố mình cũng tìm xem: ) ) )
4095,ahjhj. nếu không hay thì khỏi xem. ai thần_tượng ai thì kệ nhé. sky love sếp. cày tiếp.
4096,Từ MV mới của LinhKa qua đây Nhạc_Chipu hay hơn Nhưng_mà nhạc Chipu chỉ nên nghe MV không nên nghe hát live :cười_rơi_nước_mắt: :cười_rơi_nước_mắt:
4097,"chị hương tràm nói đúng đấy, chị nên làm người_mẫu thôi chơ hát quá tệ ; )"
4098,ô year lời bai hát éó hỉu con_mẹ gì lunn... chỉ nge được mỗi câu chúng_ta không thuoc về nhau kkkkkkk
4099,Vâng tôi đang làm đám_tang cho bạn tôi thì lỡ bật nhầm bài hát này và khi thằng bạn tôi nghe được thì nó đã bật dậy và tắt bài nhạc ( lí_do mất của bạn tôi là sục nhiều quá nên hết trung tình và chetttt ) nó tên tâm ( tắng )
4100,tôi xin rút lại câu nói “ thick of it tệ vãi cả lúa ” vì có một nhà vô_địch mới_rồi
4101,"chiêu trò để thu_hút sự chú_ý chắc rồi. về mặt tích_cực thì giọng bạn này không đến_nỗi, bề_ngoài nhìn cũng sáng để xem sau khi được mày. người để_ý rồi thì bài hát tiếp_theo sẽ như nào."
4102,dễ gây nghiện. sơn tùng rất thông mình khi chọn giai_điệu.
4103,Một tựa game không tôn_trọng người chơi tới mức không_thể mướng một ca_sĩ đàng hoàn để cho người chơi hảnh diện về tựa game mình yêu thích mà lửa rác lại lo cho sự nổi_tiếng về mình bằng cách kết_hợp những người hát như cờ cờ lại với nhau để tạo tiếng van chưa minh. Vậy tựa gme này có đáng chơi?
4104,hay lắm ạ.... hơn 11tr lượt xem rồi Cố lên ST
4105,Hat_THI_DỠ_MV THI QUAY KIÊU GHEP 10nam TRUOC TAI VI ĐỠ CHI_PHÍ.
4106,Thấy bài này hay mà. Cái điệu nhạc cũng hay mờ.. KHÔNG hiểu lý_do mọi người lại không thích nhờ.
4107,nhạc thì tạm tạm còn phần MV thì như mới chơi lá đu_đủ mặt ngáo quá
4108,"Wow bài hát hay vaiz, cứ mỗi lần tôi nghe là tôi nhớ moẹ cả cái bài hát, vâng nghe nhiều đến_nỗi tôi ám_ảnh nên nên trân_trọng cho bay cái bài hát, vâng cảm_ơn :trái_tim_đỏ:"
4109,bài hát giúp tôi từ 1 đứa mất tay sau khi nghe tay tôi bất_ngờ tay mọc lại đẻ đập tv
4110,Cha Vai_Rít chê bài này dở mà nhìn bài của cha viết cho Thì Chy có 11M lượt xem trong khi của người tar 22M lượt xem mà lúc ra còn # 1 kkk giỏi nói không à tới lúc làm thì làm như sh * tôi nói thì ai mà nói không được làm được mới khó nhe ANH Vai_Rít :bắt_chéo_ngón: 🏿
4111,cai cảnh st mtp sơn tường la dạo của bố tôi bố tôi làm thợ_hồ
4112,"Mình không phải là anti hay_là sky. nhưng_mà mình có ý_kiến thế_này: ai thích nghe thì nghe, ai không thích thì không nghe. Việc gì phải chửi nhau như_thế."
4113,"Giai_điệu khá bắt tai, màu_sắc rất trẻ_trung đầy sức_sống thích"
4114,Fan charlie đâu tập_trung lại chửi chết mẹ thằng Tùng
4115,"tôi đang nghe cái đéo gì đây, chỉ vì tò_mò mà vào nghe thử, dám phát_hành cũng nể thật"
4116,"Cá_nhân mình thấy bài này không có tệ tới mức để bị không thích nhiều đến thế. Beat thật_sự nghe rất hay, ngoài_ra thì không có gì đặc_sắc. Tuy_nhiên, thật_sự là CP gần như không có khả_năng luyến, và đã autotune quá nhiều, lời nhạc cực_kỳ vô_nghĩa. CP bị không thích là vì trước đó đăng lên bảo mọi người hãy gọi mình là ca_sỹ trong khi giong hát còn rất yếu. Chưa kể cách đây 1 - 2 năm CP còn bảo là mình không hề có ý_định làm ca_sỹ chỉ muốn làm diễn_viên, trong khi nghề diễn_viên đóng vẫn rất tệ xong giờ CP lại đòi thành ca_sỹ. Qua cái dự_án âm_nhạc này thì cũng biết được phần_nào tính_cách của CP. CP là một người cực_kỳ tham_vọng nhưng đam_mê và tài_năng cho 1 lĩnh_vực nghệ_thuật là không nhiều. Nếu CP định_nghĩa sở_thích diễn_viên hay âm_nhạc của mình là đam_mê thì thật định_nghĩa của CP quá dễ_dãi, hay đó là đam_mê danh_vọng hơn là nghệ_thuật. CP trước làm_tiền nhờ mẫu ảnh, xong qua đóng mấy phim cũng không có gì đặc_sắc, xong giờ có đủ tiền thì thuê producer nổi_tiếng Hàn_quốc, thuê ekip PR, rồi đi hát kiếm tiền tiếp. Noo, Đông_Nhi, Hà_Hồ hát live yếu nhưng cái nghề ca_sỹ là cái nghề đầu_tiên họ chọn khi vào showbiz, họ dành thời_gian rất nhiều cho việc luyện thanh để cải_thiện. CP bảo là dành ra 3 năm luyện thanh, nhưng nói thật, CP hát quá yếu, 3 năm không bao_giờ là đủ. Hương_Tràm bản_thân đã hát hay còn giành ra cả gần chục năm luyện thành. Ngay cả Sơn_Tùng dù hát live yếu, nhưng ST đã dần_dần cải_thiện, và sự_thật là ST sáng_tác rất giỏi. Những ca_sỹ hát hay sáng_tác giỏi như VCT, Soobin thì chắc_chắn phải dành rất rất nhiều thời_gian cho âm_nhạc. Ngoài_ra còn có rất nhiều ca_sỹ hát hay như Hà_Anh_Tuấn không kiếm được nhạc_sỹ, phải mất 1 thời_gian rất dài mới nổi_tiếng. Giờ CP chỉ dùng tiền, danh_tiếng sẵn có để mua nhạc, để PR, rồi tự hát kiếm tiền. Cái dự_án âm_nhạc của CP mà thành_công thì đời là bất_công cho rất nhiều ca_sỹ. Cá_nhân mình là 1 người rất ghét sự bất_công. Mình chỉ nói vậy thôi."
4117,nge cả ngày chưa chán :cười_toát_mồ_hôi: nge hoài nhàm_tai mà chưa chán ai giống tôi
4118,Sơn_Tùng_MÀY - TP = STMTP = Sáng_Tác Mượn_Tác_Phẩm: ) )
4119,Mặc_dù bạn hát chả ra cái gì nhưng thôi cứ tặng bạn 1 lượt coi.. chúc bạn thất_bại nhé. Cứ càng bị chê càng nhìu người nghe kiếm tiền nhanh lắm
4120,Hãy xét bài hát này qua tổng thích và không thích.
4121,"Sao em thay co hình_bóng của GD vay nhỉ,"
4122,chi pu hát hay quá đi vừa xinh nữa chứ hâm_mộ quá :mây: :cười_đỏ_má: :mây: :mây: :cười_đỏ_má: :mây: :cười_toe_toét: :mây: :mây: :cười_đỏ_má: :cười_đỏ_má:0 :cười_đỏ_má:1 :cười_đỏ_má:2 :cười_đỏ_má:3 :cười_đỏ_má:4 :cười_đỏ_má:5 :cười_đỏ_má:6 :cười_đỏ_má:7 :cười_đỏ_má:8 :cười_đỏ_má:9 :mây:0 :mây:1 :mây:2 :mây:3 :mây:4 :mây:5 :mây:6 :mây:7 :mây:8 :mây:9 :mây:0 :mây:1 :mây:2 :mây:3 :mây:4 :mây:5 :mây:6 :mây:7 :mây:8 :mây:9 :cười_đỏ_má:0
4123,mới phát có 2 ngày mà 4tr lượt xem kinh vãi ~ ~ ~ ~ ~ ~ ~ ~
4124,"nói thật là fan BIGBANG từ trước giờ cũng không ghét và cũng thường nghe nhạc ST, nhưng vì nghiện we don ' tôi talk anymore, 1 thời làm nhạc chuông, giờ nghe bài này thật quá thất_vọng. Qúa lộ_liễu luôn."
4125,đấy rồi hỏi sao người ta chọn đồ ngoại nhiều hơn rồi bảo xướng ngoại
4126,Xoá cmt của anti fan: vậy tôi viết 45 cái cmt 1 là khen giả 44 cái chê mv * 44 cái biến mất * còn 1 cái khen giả thì tồn_tại: 3
4127,bài này nghe như bản Việt của we dont talk anymore
4128,fan Charlie_Puth chúc anh_sơn tùng thành_công: vậy
4129,"Đờ mờ coi bên "" we dont talk anymore "" tan thấy cmt của bọn anti với sky không"
4130,"ngoài ĐẸP ra thì không còn gì để khen. Giọng hát nhạt_nhẽo, ca_từ vô_nghĩa, nhạc nghe chối tai, diễn_xuất đơ... Nên biết mình phù_hợp với vị_trí nào, đừng cái gì cũng lấn_sân kiểu nửa_vời nhé Chi, tệ quá_trời."
4131,thôi mb à là người Việt thì ủng_hộ Vpop xíu đi :cười_dịu_dàng: mặc_dù không ưa ST lắm: < mới_đầu nghe bài này cũng thấy ghét ST hơn :bối_rối: nhưng nghĩ kĩ thì ờ dù anh ta có đạo nhạc có khó ưa thì sao ~ kệ người ta đi chứ ~ trên đời này cái quái gì cũng có_thể xảy ra :cười_dịu_dàng:
4132,Tôi tò_mò nên vào nghe vừa nghe vừa đọc cmt nhưng tôi vẫn chưa hiểu mọi người đang nói về cái gì trong bài hát ai giải_thích cho tôi được không :suy_nghĩ:
4133,chắc chắc mv này sẽ qua_mặt em của ngày hôm_qua. chất
4134,say oh yeahh chúng_ta không phải dạng vừa đâu
4135,"Thích nhất đoạn rap của chị Simmy, Hà_Thảo_Linh"
4136,"dạo này mấy bài nhạc của TÔI tăng đều quá, vui thật_sự ạ"
4137,31k rồi tôi nói thật sếp ra bài ms bài này 1M9 / tháng
4138,Bài này nghe rất sôi_động mà.. Ai nghe nhạc KHÔNG - pop nhìu ckắc ckắn nghe bài này rất hay lun..!
4139,hay như_vậy còn chê. nhiều người chẳng thi_thố gì cũng nổi_tiếng đấy thôi
4140,mấy mẹ càng anti càng thêm lượt xem chứ được gì đâu
4141,"Cảm_ơn Đỗ_Phú_Quí và ban sản_xuất bài nhạc này ạ, lỗ tai tôi từ lãng thành ung_thư giai_đoạn cuối."
4142,em đã cố nghe bố bốn lần nhưng thiệt không thích nổi. xin_lỗi nhé. Dở quá
4143,rất tốt. ai fan sdt gluu 0979562498. mình không phú thiện gllll
4144,bí_quyết của bài hát là 1. nghĩ tên bài hát 2. tìm beat xong mix lại tí 3. bật beat lên 4. hát đi hát lại một câu ( tên bài hát ) 5. thêm vài tiếng ú u ú ù....
4145,"giọng khá được, mặt khá xinh tuy_vậy nhưng cần bớt điên đi xíu: ) ) )"
4146,Éo thể tin nổi. = ) ) sẽ đến một ngày số_lượng không thích sẽ gấp đôi lượng thích = ) )
4147,Không hay nhưng vẫn ủng_hộ để ra nhưng sản_phẩm sau hay hơn_nữa
4148,anh ấy cần một vụ kiện để bước ra ngoài thị_trường thế_giới mà không cần tiền PR à! Anh Tùng người giờ á i - người gì u y ê người chị â y!
4149,Những MV đầu_tay của chị: thể_hiện chị là một người đã rất tài_năng rồi tuy dù giọng hát chị cũng không được hay cho lắm nhưng chị có_thể luyện giọng lại là được mà? những cmt chỉ_trích cũng không được gì đâu. thay_vì hãy ũng hộ chị cố lên chứ? = ) ) cố lên chị_em ủng_hộ ^ ^
4150,Trước mình thích chị Chi pu lắm nhưng từ khi xem mấy cái mv nhảm_nhí như này thì hết rồi. Tạm_biệt giọng hát dở_ẹc
4151,We_Don ' tôi Talk_Anymore 3K diss thích Chúng_Ta Không_Thuộc_Về_Nhau - 60k diss thích
4152,"Bọn hâm. Tôi thấy chị ấy hát hay mà! Chẳng_qua đạo_cụ hơi đau mắt! Đầu_tư ít thôi Đờ mờ chị Pu, ghét!"
4153,"Một lời chỉ_trích bất công thường là những lời ca_ngợi bị biến_hình vì ghen_tị. Hãy nhớ, không ai thèm soi_mói vì một kẻ tầm_thường: ) )"
4154,Tuy em không phải fan của chị nhưng em thấy MV đầu mà như_vậy là hay lắm òi mà không hiểu s không thích lại nhìu đến vậy luôn. EM ủng_hộ chị :cơ:
4155,"Chắc mới cào nghề nên còn non!!! Chị lên luyện thanh hằng ngày ạ!!! Em không có ý là chê chị hát dở, chỉ nói là_hơi kém về giọng hát tí, còn hình_ảnh âm_thanh thì tuyệt_vời, chỉ cần giọng lên 1 tông vào những điệp_khúc cao_trào, hát cao hơn sẽ hay, và cũng phô được giọng hát nữa!!!"
4156,Thề lần đầu nghe không hay đâu. nghe lần 2 rồi đến thứ 4 thì bắt tai dã_man = ) ) ) ) thuộc gần hết roi ý. Nghe cũng được mà. Nghe rất vui. Thực_sự phải cho người ta cơ_hội chứ mọi người toàn dìm bẹp người ta. Người ta không có tài_năng thì thời_gian sẽ chứng min thôi = ) ) ) đoạn điệp_khúc nghe nhiều hay dã_man. Mình lúc_nào cũng hát câu đó
4157,"Sky ơi, mai là Chủ_Nhật rồi, ráng cày lượt xem nhé, quyết_tâm phải được > 75. 000. 000 lượt xem nhé, yêu Sky nhiều < 3"
4158,"unlike đi tụi bây, bữa_nay còn thêm cái hình xăm của taeyang nữa... quỳ"
4159,"Hát cũng tạm ổn, đâu đến mức phải thảm_hoạ âm_nhạc đâu mà tôi thấy mấy bá cứ chê ngta như kiểu hùa theo ấy nhỉ!!!!!!"
4160,Dù là nam hay nữ chúng_ta không thuộc về nhau :chỉ_phải: :giơ_tay: ‍ :nam_giới: ️ :giơ_tay:
4161,"hãy thích, Việt_nam mình cứ mãi khổ thôi, sao cứ phải dìm nhau thay_vì kéo nhau lên"
4162,"Mặc_dù bài này đã cũ nhưng vẫn rất hay, nhạc của sơn tùng mtp là đỉnh nhất :trái_tim_đỏ: :trái_tim_đỏ:"
4163,"Hãy hát We don ' tôi talk anymore ngay đoạn "" Chúng_ta không thuộc về nhau ""... Vâng nhiệm màu vler: ) ).."
4164,Bài này khiến cho thằng quậy và nghịch nhất lớp tôi cũng phải im_lặng khi nghe bài này :tiệc: :tiệc: :tiệc: :cười_ra_nước_mắt: :cười_ra_nước_mắt: :cười_ra_nước_mắt: :cười_ra_nước_mắt:
4165,Vitas là ông cố nội sư_phụ Chi_Pu chứ đâu
4166,"Mv và lyricist lq gì đến nhau vậy. Lại còn xa "" mợ "", hững "" hợ "", mong "" chợ "". Đéo hiểu phát_âm kiểu của_nợ gì. Lần đầu_tiên không thích vì lyricist chả có nghĩa mẹ gì, xàm vãi cả lúa. Trang_Pháp viết lời có khác, cao_siêu vãi chưởng."
4167,Mê nhất_là đoạn của Sammy với Phong_Cận luôn đó :trái_tim_đỏ: :trái_tim_đỏ: :trái_tim_đỏ: :trái_tim_đỏ:
4168,"đây sẽ là một HIT của Sơn_Tùng nếu bài "" we don ' tôi talk anymore "" chưa bao_giờ tồn_tại"
4169,We don ' tôi thuộc về nhau oke fine vào đây ấn cái nút ngón tay chỉ ngược xong ra ý mà. = ) ) ) )
4170,Nghe bi nghiện trời.... nếu hát live mà y_như zaj thi quá ok.
4171,"Đề_nghị trả em về hành_tinh của em đi, bay xuống trái_đất làm_chi vậy mẹ..."
4172,anh cố lên nhé làm hết_mình là được đừg để_ý người ngoài ns gì :thích:
4173,tùng đệp trai.. hát hay quá < 3 lớp diu mtp
4174,Em cảm_ơn anh vì đã phát_hành sản_phẩm ý_nghĩa này Nhờ nó mà em xả dễ_dàng
4175,Yêu chị........ chúc chị thành_công :hôn_gió: :hôn_gió: :hôn_gió: :hôn_gió:........ Likey
4176,chi auy hat hay ma sao moi nguoi cu che chi ay vay nhi
4177,anh Tùng ơi sao không lên thanh_sơn chỉ ở trên thái_bình tí thôi
4178,Tôi là 1 người thắng tính nói_thẳng ra bài này như chị
4179,mình hs thật chứ mấy bạn chửi anh tùng zui lắm hả riêng mình mình rất zui ahjhj :mặt_thiên_thần: :mặt_thiên_thần: :mặt_thiên_thần:
4180,Ủa thấy cũng ổn mà? Không xuất_sắc tới nỗi được khen nhưng cũng không tệ tới nỗi bị chê. Người ta có tài_năng và có tham_vọng phấn_đấu vì sự_nghiệp thì người ta làm thôi. Cũng không phải ra hàng kém chất_lượng mà mấy bạn chê và bảo ngta không nên lấn_sân. Hãy học cách tôn_trọng thành_quả lao_động của người khác đi ^ ^ ~ ~
4181,"Giai_điệu hay, bắt tai nhưng lời thì như shit vậy. Gãy vd"
4182,Chủ_yếu vô đây để nghe câu của mèo simmy
4183,Chia buồn. Mong chị tập_trung làm tốt thế mạnh của mình. Thử vậy là đủ rùi.
4184,ae giúp anh_sơn tùng lên 10tr lượng đăng_kí đi được nút play kim_cương
4185,Thãm hoạ_âm nhạc Việt_Nam! Cứ ó ó ồ lời thì ngắn hát thì như gà
4186,Mình không hiểu mấy anh_chị hero nói gì nhất là siro rap mad như đọc á dỡ quá nhất dỡ siro thứ hai tim
4187,Thế_này thì sếp Tùng dư gách để xây vài cái biệt thực rồi
4188,fan Hữu_Tín ( xpro ) chúc MV Sơn_Tùng_MTP thành_công! :trái_tim_đỏ: :thích: :thích: :hôn_gió: :hôn_gió: :hôn_mỉm_cười: :hôn_mỉm_cười:
4189,tai đang ổn_định nghe bài này ù tai luôn :cười_toát_mồ_hôi:
4190,"Mình thấy bài này hay mà, sao mọi người không thích nhiều vậy?"
4191,31 / 03 / 2020 ai còn nghe dơ cánh_tay lên và nói tôiiiiiiiiiii
4192,mình không phải là fan của st....... mình không thích bài này vì nghe lần đầu rồi nghiện luôn... vì lời và nhạc quá hay.... hihi
4193,"Em biết là sẽ không một ai thích việc mình bị chửi hay bị mắng, đặc_biệt với người nghệ_sĩ khi ra một sp âm_nhạc đều mong đứa con của mình được đón_nhận thay_vì những lời chê_bai từ khán_giả. Em khá mong_chờ vào bài hát này vì em bt anh Quí cũng ms đây thôi, em cũng muốn anh được mọi người bt tới và yêu_mến nhiều hơn. Đối_với em thì giai_điệu bài hát không pk là dở tệ nhg về phần lời thì thật_sự em cũng chưa hiểu lắm :khóc: có_thể chi_phí đầu_tư phần hình_ảnh không nhiều nhg về phần nhạc nên có sự đầu_tư chỉn_chu hơn anh ạ."
4194,khiếp. nghe giọng này có_thể giúp tiêu_tan táo_bón đấy nhở
4195,anh triple D lên_tiếng rồi kìa! sky. ra đấy mà any more
4196,địt_mẹ chưa bao_giờ tôi nghĩ_lại có 1 cái MV rác_rưởi như thế_này: )
4197,Cháy quá :lửa: :lửa: :lửa: Hay quá :vỗ_tay: Cày lượt xem ê :tay_máy: Gút chọp ông nậu :trái_tim_đỏ: ️ :trái_tim_đỏ: ️ :lửa:
4198,Có anh TÔI - Gamming_Nữa hihi em Pan cứng của TÔI - Gamming
4199,"Chị xinh, mv đẹp, nhạc hay nhưng chị phá tan cả bài hát"
4200,1 tháng 9 triệu lượt xem rồi anh_em ạ. Thế_là hơn khối người thích thể_hiện bằng_cấp nội_lực trường cấp này_nọ. oai đao_to_búa_lớn nhưng được mấy lượt nghe.
4201,sao có nhiều người nước_ngoài vào xem thế nhỉ? lướt cmt thấy toàn là người nước_ngoài
4202,"chị cứ hát thoải_mái em ủng_hộ chị người ta nói gì thì mặc họ mình không làm sai, làm những gì mình thích... em luôn ủng_hộ chị ca_hát"
4203,Chị ấy hát thì bình thương nếu các bạn chê Chị hát bài này là thảm_hoạ thì các bạn đã nghe những bài Chị ấy chưa Lời bài hát bài này không phù_hợp với Chị ấy thôi
4204,"Thật_ra tò_mò nên vào đây xem vì sao lại rầm_rộ trên báo mấy nay dữ vậy, có thật_sự tệ đến thế không. Vào xem thì... cảm_nhận là không có gì đặc_biệt. Nếu_như Chi là người bình_thường có_lẽ cũng không bị ném đá tới vậy. 1 dân nghiệp_dư cũng có_thể hát được như trên. Do Chi nổi_tiếng quá nên mọi người kì_vọng Chi sẽ làm tốt hơn như_thế nhiều. Thật_sự Chi không có năng_khiếu trong lĩnh_vực này. Chỉ để giải_trí thôi_thì OK còn lấn sâu hơn thì phải xem_lại."
4205,"Dạo này lên cơ_quan cứ "" Chúng_ta không thuộc về nhau "".. mấy ông anh kêu ai thèm mày mà thuộc thuộc cái beep!"
4206,Hương_Tràm đưa tôi đến đây. Và HT nói quá đúng.
4207,"chang ra cai gi tai sao nhieu nguoi thich xem vay nhi, minh thay nhieu nguoi xem thi xem thu xem, minh cam thay chang có gi ca, chac do minh không hieu ve the loai nhac nay nen không thay hay"
4208,"​ ​ Anh hẹn em Pickleball :bóng_bàn: :ngôi_sao_lấp_lánh: Ta vờn nhau Pickleball :tiệc: :trái_tim_lấp_lánh: Tay_vợt bên dưới hông :bóng_ném: ‍ :nam_giới: :giày_thể_thao: Anh đập banh, đập banh ​0 ​1 ​2 ​3 Đến em mạnh vào ​4 ​5 Ta chỉ chơi Pickleball ​6 ​7 Không nên vượt mức Pickleball ​8 ​9"
4209,thang khung dao nhac lam dat nuoc viet nam nhuc nhã truoc mat xa hoi
4210,Phải như này mới hay da đây thằng nào cu to nhất ra đây đứng trước cu tôi nhé còn đoạn sau thì nhìn PHONG cu thẳng không biết có thật không nhưng thấy PHONG là thấy cu cong ok :cười_ra_nước_mắt: :cười_ra_nước_mắt: :cười_ra_nước_mắt: :cười_ra_nước_mắt: :cười_ra_nước_mắt:
4211,Xin_lỗi Chi_Pu vì phải nói sự_thật. Một MV nhảm chưa từng thấy về tất_cả mọi mặt. P / s: Đây là cmt đầu_tiên của mình trên youtube: ) )
4212,Sáng giờ mẹ tôi nghe CTKVN hơn 10 lần rồi nhé :cười_toát_mồ_hôi: :cười_toát_mồ_hôi:
4213,Ns thiệt lúc mà ò ó không ò i con gà nứng tình
4214,ngta hát hay vậy_mà các bác chê và không thích là thế éo nào nào các bác hát hay có tiền ra mv như ngta đi rồi hả vô mà chê các kiểu mv đầu_tiên thế_này thì hay lắm rồi còn rảnh nữa không ai chê thì qua mv linh ka đó mà dis với chả thích :cười_đỏ_má:
4215,Đúng là 1 kịch_bản hoàn_hảo tạo ra đôi tay. đôi tay ay chi bk sô đây tạo ra đôi môi. đôi môi ay chi bk cai vã tạo ra đôi mat. đôi mat chi bk khóc tạo ra đôi chân. đôi chân ay lai bo ik đến khi tạo ra trái_tim thi da muộn_màng
4216,Thành_quả của 3 năm luyện thanh. Rất tuyệt_vời. Có triển_vọng đó chị Chi yêu_dấu
4217,hayyyy qué. Tôi thick nhất_là đoạn của anh siro rất hay rất hay cho 10000000 điểm luôn
4218,"chắc_chắn đây là lần đầu_tiên tôi cảm_thấy qc nó tuyệt_vời đến thế nó giúp tôi có thời_gian thoát khỏi bài nhạc "" hay "" nhất mọi thời_đại đến bây_giờ này nó khiến tôi cảm_nhận được rằng thời_gian quý_giá đến cở nào cảm_ơn tác_giả đã làm ra bài nhạc khiến tôi và toàn_thể mọi người hiểu được giá_trị của thời_gian và bt trân_trọng nó xin cảm_ơn tác_giả lần nữa bài hát quá "" hay """
4219,Liệu có đuổi kịp Bống_Bống_Bang_Bang?. -.
4220,MTP đã thay_đổi cách nghĩ của ae fan ANH / MÀY về việc biến gái 2D thành gái 3D
4221,Quá hay quá tuyệt_vời :trái_tim_đỏ: ️ Tùng núi không phải dạng vừa đâu...
4222,Chỉ_Vào_Nghe_Nhạc Và Cày_Lượt xem? KHÔNG quan_tâm chuyện bên dứoi
4223,Sao giống như học từ trước vậy chứ không phải là tự nghĩ ra flow nhề
4224,"5 6 năm về trước đài_loan đã cảnh_báo rồi nhưng bưng_bít thông_tin rồi tiếp_tục sản_xuất, đúng ác vì tiền bất_chấp tính_mạng đồng_loại thua loài thú. Tụi bây tự_tin giàu để làm gì mà bản tánh thua con thú nữa, thiên_lôi sẽ dòm_ngó tụi bây"
4225,Tùng giờ không thuộc về chúng_ta Tùng giờ không thuộc về chúng_ta Tùng giờ không thuộc về chúng_ta Tùng giờ không thuộc về chúng_ta Tùng giờ không thuộc về chúng_ta
4226,sau khi biết được ý_nghĩa mv xem mãi không bt chán là cái chi
4227,Xin_lỗi chị nhưnh em nói_thẳng là em không hiểu em mv chị nói cái gì nó chả liên_quan đến lời bài hát gì cả
4228,"ôi cái kiểu tóc huyền_thoại của Xiumin và Suho, bộ áo quyền thọi của Kai trong "" Call me baby "" = ) ) ) ) cái bàn trắng của Monster = ) ) ) ) khúc rap của Rap_Monster ( BTS ) trong "" Fire "" = ) ) ) ) đây là bản cover "" We don ' tôi talk anymore "" hay nhất em từng được nghe = ) ) ) ) ) ) ) ) Chúng_ta không được luộc rau ~ ~ ~"
4229,ráng lên mấy pạn Sky oiiiii.. lập kỉ_lục ik
4230,Team nào có toàn tây tôi nghĩ không thua nỗi: ) )
4231,"Có ai ở đây đón mv lên 1 trời như tôi không nhỉ, hóng quá"
4232,Phải nói là nhờ Sơn_Tùng mà Mv của Charlie_Puth mới đạt được lượng lượt xem cao hơn...
4233,tuyệt_vời lắm chàng trai của tôi à. chúng_tôi lun tin_tưởng không cậu. pải cố lên vì thói_đời luôn bất_công và đầy phức_tạp lắm Tùng à :ok: :ok: :ok:
4234,bài hát này rất hay. MV cũng rất hay. thanks Tùng. Sẽ mãi ủng_hộ Tùng.
4235,noi that nghe Chang co gì hay ca... không hieu tai sao lai noi tieng.. nham
4236,lên xem lần thứ hai vì nhớ ra chưa không thích :cười_dịu_dàng: :cười_dịu_dàng:
4237,bộ quan ao mau trang trong mv hình_như kai của exo đã mặc.
4238,cái bài xàm ln nhất tôi từng nghe của sơn tùng
4239,"em thấy bài này hay mà, sao mà mày. người cứ mổ_xẻ nó thế, mày. người phải bt thông_cảm cho chị CHI PU chủ"
4240,"nó thực_sự đã đánh_bại "" thick of it "" của KSI nếu nó được toàn_cầu_hoá :đầu_lâu:"
4241,"Thích trước, xem sau: ) ) ) Công_nhận mới chưa đầy 2 ngày đã hơn 4 triệu views! Lượt thích và không thích kinh_khủng"
4242,"các cậu kém vờ lờ, âm_nhạc hiện_đại đi trước thế_hệ phải như thế_này!"
4243,Chẳng hỉu đầu MV cái mặt biểu_cảm gì nua. Chẳng giống ai. Mặt thi đơ đơ. :cười_ra_nước_mắt: :cười_ra_nước_mắt:.
4244,"Sơn tùng là người có tài_năng. Cố lên em, anh thấy MV rất hay và lời bài hát cũng rất ok đấy: )"
4245,Ghê quá_trời hero team về Garena điều ngầu quá đi :đeo_kính_mát: :đeo_kính_mát:
4246,đây là nx của mình hay lắm chị ơi chị ra mv mới đi
4247,Nhiều lượt xem nhưng mấy chục ngàn không thích cũng vậy thôi = ) )
4248,không: 24 We don ' tôi talk anymore không: 58 Empty - WINNER + 1 chút của Loser - BIGBANG 1: 41: Fire - BTS ( Khúc rap ) 2: 13 Sober - BIGBANG Khúc nhảy Background của GD trong One_Of_ANH_Kind 3: 10 Loser - BIGBANG ( Khúc ngã xuống bồn_tắm của GD )
4249,"SKY ƠI, SKY CÒN NGHE KHÔNG VẬY, HÃY ĐĂNG_KÍ VÀ THÍCH THAT NHÌU KHI NGHE NHÉ SKY NHƯ_VẬY TĂNG NHAH HƠN ĐẤY"
4250,"Giống 1 bản cover thôi mà, có cần cãi nhau đến thế không?"
4251,lượt xem lên chậm quá ban_đầu thậm_chí còn hơn bây_giờ chỉ còn có = 1 nửa của WDTAM
4252,"Ò Ó KHÔNG Ò, ĐOẠN NÀY CÀI NHẠC CHUÔNG BÁO_THỨC THÌ TỈNH CMNL KHỎI PHẢI NGỦ: VẬY"
4253,mv rất hay. rất thích chipu. chipu cố lên về giog hát để lên đẳng_cấp mới nhé. cảm_ơn chipu là ca_sĩ để có_thể thường_xuyên được thấy chipu.
4254,Tùng ơi em yêu anh nhiều lắm anh nghe không???
4255,Ô Mày_Chuối: vGần 60. 000. 000 wiêu rồiLiệu Tháng Sau có_thể Hơn cả mv Em Của Này_Hôm_Qua??????
4256,Nước_ngoài họ khen ầm_ầm về MV này trong khi bọn antifan Sơn_Tùng là người VIỆT_NAM tìm mọi cách soi_mói chữi những người yêu Tùng.. Bó_Tay...
4257,Gần 8 triệu rồi. đỉnh quá. cảm_ơn sự góp_mặt của antifan.
4258,mv đaq giảm lượt xem rồi :bối_rối: :bối_rối: :bối_rối: sao mà giảm vậy ta ụ tụi sky âu sao mv lại dảm vậy toa
4259,"Sau bao_nhiêu bài, bài này vẫn hay nhất"
4260,"224 thích, 237 không thích! OMG... EM là cánh_tay thứ 225"
4261,tôi muốn bài nhạc này sẽ được chơi ở đám_tang của tôi để cho khách dự ước rằng người trong quan_tài là họ chứ không phải tôi.
4262,Đã nghe 3 4 lần nhưng vẫn không hiểu bài này nói gì hahaha không_thể tập_trung nghe nội_dung được
4263,"Đã_Xem và thích mv! Không phải thích MV mà cho Chi thêm động_lực để ra thêm sản_phẩm khác, kỳ_vọng lần sau sẽ tốt hơn. Love!"
4264,Mẹ nge lần đầu chán.. nge miếc nghiện mẹ rồi
4265,Cày hết tốc_lực nên 100triệu lượt xem đê anh_em đê
4266,chưa đầy 1 tiếng có thêm 1tr lượt xem. sợ
4267,"Thật lòng mà nói Chi hát ok, không phải tệ như 1 số người nói, vẫn khá hơn rất nhiều ca_sĩ mà tôi từng nghe. Đây thật_sự là 1 đánh_giá khách_quan. Và nhất_là tôi tôn_trọng ai làm nghệ_thuật 1 cách nghiêm_túc. MV cho thấy bạn là người có đầu_tư cho MV của mình chỉn_chu. Thật_sự nhiều người cho mình cái quyền phán_xét vì cứ so_sánh mình là diva hay ca_sĩ giọng tốt gì đó mà chà_đạp người khác là không nên. Ai cũng có quyền hát, quyền tự_do của bản_thân, bạn cũng không có quyền phán_xét hay nói ngta áp_bức âm_nhạc. Cơ_bản âm_nhạc nó ra_đời là dành cho tất_cả mọi người không_chỉ riêng người hát hay. Nếu không cho người khác cơ_hội có_lẽ âm_nhạc hiện_đại đã không có bước_tiến như bây_giờ. Nói_chung ai cũng có quyền hát, được hát, nếu không ủng_hộ cũng xin đừng nói những lời nhục mẹ người khác vì bạn không có quyền làm điều đó. Nếu ông trời sinh ra bạn có sẵn giọng hát tốt thì bạn hạnh_phúc vì điều đó và nên lắng_nghe cả những người hát không tốt. Ngay cả Lệ_Rơi anh ta còn có quyền hát thì ai có_thể cấm được người làm sản_phẩm âm_nhạc chân_chính chứ. Thay_vì chỉ_trích, phê_phán thì nên góp_ý sao cho ngta có_thể làm tốt hơn"
4268,"Giọng còn yếu ở lúc lên cao, hát phải có điểm nhấn này hát âm ngang nhiều quá. Vũ_đạo còn qá thô nói_chung chỉ có 1 cái phát_âm tiếng anh cũng khá ok nếu khắc_phục được mấy điểm kia lại thì MV tiếp_theo chắc sẽ ổn thôi"
4269,"MV đầu_tư kĩ_lưỡng, hình_ảnh khỏi chê. Phong_cách lung_linh như Kpop. Nhạc thì... tạm. Mà, sao khúc 3: 35 rất quen: ) ) Quen ơi_là quen, quen lắm luôn á nhé. Ai vào đính_chính dùm phát."
4270,Hay đấy nhưng nút thích bị liệt lên ấn Không thích vậy thôi: ) )
4271,"đã tăng 2 trời lượt xem nhờ "" trôi lạc "" sang đây"
4272,nx giống anh viruss cũng không lên chê ngta lgi mình đã hơn được ngta đâu mà chêbai
4273,"thằng chuyên đi ăn_cắp nhạc của người khác, làm bẩn nền âm_nhạc Việt, còn fan thì đa_số là 1 lũ RÁC_RƯỞI Toàn đi cắn người khác"
4274,Mới từ hôm_qua thôi mà hơn 2tr lượt xem rồi < 3
4275,"Nói thật thì em thấy MV này của chị không có gì hay và để lại ấn_tượng cả, giọng chị còn yếu quá. Nhưng nếu đây là đam_mê với ước_mơ của chị thì chị hãy cố_gắng trau_dồi thêm kinh_nghiệm, hoàn_thiện giọng hát mình hơn và cho ra thêm những sản_phẩm chất_lượng hơn nhé. Chị còn phải cố_gắng thêm nhiều nữa đó và chứng_minh cho những người cmt phía dưới họ đã sai khi nói rằng chị không_thể hát hay chỉ là bình hoa di_động chị nhé. Không ai cản được ước_mơ của mình ngoài chính mình ra cả ; ) Dù em không phải fan chị nhưng chúc chị thành_công với những dự_án sắp tới của mình < 3"
4276,Bạn tôi bị thực_vật 2 năm nhưng khi tôi mở nhạc pickball lên thì bạn tôi đã có_thể đi_tắt được :cười_toát_mồ_hôi:
4277,sky ơi cứ mặc_kệ lũ anti không óc đó đi :cười_đỏ_má: đừng bânn tâm chúng_ta nên cảm_ơn bọn nó đã vào soi để tăng lượt views :mặt_ranh_mãnh: :mặt_ranh_mãnh:
4278,"AE tắt chế_độ "" Tự_động phát tiếp "" đi nhé. Không cái MV chùa Bống bống bang bang được tăng lượt xem lây đấy: vậy"
4279,"em đi bắt Pokemon lạt zô đây cmnr..... Nhưng dù_sao cũng khen Tùng, Bài hát hay, MV Chất, Việt_nam âu ai làm được, mà cứ chửi = ) )"
4280,Ơ.. thấy ai cũng chê bài dỡ nên không xem.. giờ mới vào xem thấy nhạc hay mà.. CP hát không đặc_sắc lắm nhưng đâu có dỡ như mọi người chê hay tai mình khác.
4281,Người ta đam_mê người ta có_thể thực_hiện được đam_mê là hơn người rồi. không phải fan Chi pu nhưng thấy bài này nghe để giải_trí cũng ok chứ có gì mà thảm_hoạ. nhiều ca_sĩ việt hát cũng có hay đâu. Chi_Pu từ hot girl rồi diễn_viên rồi sản_xuất phim rồi thiết_kế bây_giờ lại qua ca_sĩ cô ấy có_thể làm được nhiều việc mà nhiều người không_thể làm được đâu: vv
4282,"Em định Thích cho chị, nhưng thôi đành sống thật, em không thích thôi, cố làm những bài hát hay hơn nhé chị, Cố_Lên!!!"
4283,tội :cười_ra_nước_mắt: đợi mẽ ra MV xog không thích :cười_ra_nước_mắt: beat rất hay rất giống bản_gốc anh ạ hihi :hôn_gió: :hôn_gió: lời thì chả đâu vào đâu :mặt_ranh_mãnh: :mặt_ranh_mãnh:
4284,Sao BBBB nó tăng lượt xem nhanh thế mọi người oi??? :kiệt_sức: :kiệt_sức: :kiệt_sức:
4285,4 năm rồi vẫn còn hay nhỉ? Đúng là chất nhạc xuyên mọi thời_đại
4286,"Không biết ở nơi khác ntn, chứ người HP như mình thì ra cột đèn mua pate làm ngay chứ không dùng đồ_hộp"
4287,Đọc xong cmt mới biết việt_nam mình có rất nhiều người đánh_giá âm_nhạc như người có chuyên_môn
4288,Lượt xem đã dần chậm lại rồi mí bạn Sky đâu cày tiếp đi ahihi
4289,tôi mở bài này đảm_bảo trường mở chuông khủng_bố mất
4290,"Nghe con quảng_cáo hay lắm mẹ, chạy vào xem - tổn_thọ"
4291,mình đoán là mv này sẽ nằm trong những bài hát hay nhất thế_giới :cười_đỏ_má: :cười_đỏ_má: :cười_đỏ_má:
4292,"Bài ' ss mới ' ss của ' ss sếp ' ss thật ' ss là ' ss trất ' ss quá ' ss đi ' ss, quá ' ss "" "" "" "" "" "" "" Trất ' ss "" "" "" "" "" "" "" "" "" """
4293,Bạn tôi là bị bệnh ung_thư giai_đoạn cúi nhưng khi mới bật bài này lên thì bạn chạy thật nhanh về cái điện_thoại và đập nó
4294,sơn tùng giỏi thật đẹp_trai cũng tài nhạc khiến người ta muốn nghe 1000lần :trái_tim_đỏ: :thích: :ôm: :thư_giãn: 🇻 🇳
4295,"không phải sky nhưng vẫn nghe nhạc và luôn ủng_hộ anh, chắc mình sẽ sớm gia_nhập gia_đình sky thôi ; ) )"
4296,"' - ' Quay rất là tệ. Còn có lúc ChiPu mặc áo xanh tím với quần đỏ rất đẹp, nhưng lúc thực_hiện động_tác sexy nhất bài không thấy sexy đâu cả, mình cảm_thấy bộ_đồ đó rất vướng để thực_hiện động_tác đó. ' - ' Mình xem video Dance_Practice chỉ thích mỗi động_tác đó mà MV này thì không.: vậy Chủ_yếu là camera, ' - ' quay không chuyên_nghiệp gì hết, quá tệ luôn ấy."
4297,"Tổng_thể thì MV đẹp, màu_sắc lạ_lạ, chất_lượng :ok: đọc dưới phần thông_tin giới_thiệu producer khi nghe bài hát thì mày thấy thất_vọng, giọng Chi_Pu bị sửa nhiều hát không cảm_xúc, nghe nhiều đoạn thấy tào_lao không bắt tai lắm"
4298,Ước gì youtube có chức_năng dịch như facebook thì tốt: ) )
4299,Thế_này hay thế_mà chúg mày ném đá kinh thế???? :mặt_chán:
4300,Từ lúc nghe bài này thấy rất hay nhưng thấy ít người thích quá nên mình cũng không dám nhận là fan mà chỉ nghe thôi nhưng bây_giờ đã khác dám nhận mình là fan chính hịu của chị Mọi người cũng đều thấy được sự_cố gắng của chi Fighting_Fighting ( Cũng là một bài hát của chị ) Yêu chị nhìu
4301,Mình cảm_thấy Chi hát cũng đâu đến nổi nhưng chất giọng chị ấy không đủ để làm ca_sĩ :lo_âu:
4302,"Ae quá đẳng_cấp, cấp_tốc nhấc chân chạy nhanh ae ạ"
4303,OMG! 100. 313. 965 Lượt xem mất roài chời. Khâm_phục tùng.
4304,Bài này nghe với chơi game là phải win thôi
4305,mấy anh rap hay quas cộng_đồng firefire vô đối
4306,"tôi rất khâm_phục về người tạo ra bài hát này, không phải vì hay đâu.... Vì Anh Quí rất dũng_cảm để đăng cho Netizen xemm :ôm: :ôm: :ôm:"
4307,người việt bênh người việt tí đi. nghe bài kung kung kung nhạc phim she was pretty chưa. nó chả gióng cái bài gì của việt_nam được sáng_tác lâu rồi sao không thấy ai nói gì. như kiểu chúng bani muốn việt_nam cứ mãi chìm_nghỉm ý. tôi nghe que dont talk any more với bài bày có thấy giống cái mẹ gì đâu. và tôi cũng chả phải fan MTP
4308,hay quá em nghe cả trăm lần vẫn chưa chán anh Tùng bình_thường ơi
4309,Tôi mở nó vào giao_thừa trên con loa 10 củ
4310,Mv này là của riêng Sơn_Tùng không của ai hết Chấm_hết!
4311,Simmy nói là mp3 kia sai rui nói mp5 mới đúng
4312,chưa được 2 ngày mà 4. 533. 602 lượt xem rồi: vậy
4313,Thích đoạn á_à anh anh anh á nghe như hát_ru bắc_bộ
4314,98. 955. 562 lượt xem Ai đang nghe điểm ranh đi: D 16 - 02 - 2017
4315,Vẫn thíc nghe Tha_Thu_Remix của MTP hơn hhhhh
4316,Hên quá nhà nghèo toàn ăn mì tôm không chứ không có mua top ping này_nọ :cười_toát_mồ_hôi: :cười_toát_mồ_hôi: :cười_toát_mồ_hôi:
4317,Sky ơi để anti tự diễn với nhau đi... Đừng quan_tâm họ nói gì.. Miễn lsao để mv này hot nhất từ trc ts giờ of Vpop
4318,Ai còn nghe bài này mới là sky chân_chính!
4319,Thật cảm_ơn DPQ vì nhờ anh mà tôi bị liệt cũng đứng dậy đạp gãy cửa chạy ra tắt bài này :trái_tim_đỏ: vì anh mà tôi hết bị liệt chân :trái_tim_đỏ:
4320,"Nge lúc đầu hơi lạ chứ nge lần thứ hai và nhiều lần hợ dễ nghiện quá, đi đẩu cũng hát nhẩm trong miệng"
4321,Hay qua chi co_son tung thoi bai nay hay nhat Hay hơn we don ' tôi talk anymore
4322,"Top 2 rồi mọi người, cố cày lên top 1 cho heroteam"
4323,cô ngân làm_sao mà bằng simmy cô ngân chỉ đi ăn_bám simmy thôi
4324,"Ngày_trước, tôi hỏi cha tại_sao đồ_vật không có tại Sau_này mới biết là chúng xem bài ' PICKLEBALL ' ĐỖ PHÚ_QUÍ"
4325,tận hơn 270k dis thích. tiếc qua. đây là sản_phẩm đầu_tiên 100tr trong sự_nghiệp của tùng và cũng nhiều lùm xùm nhất
4326,Ai bảo chi pu không bt hát hơi nhầm đấy kkk
4327,càng nghe càng hay. mới_đầu không có cảm_xúc lắm nhưng bây_giờ bi nghiện rồi
4328,Cảm_ơn bạn đã giúp đường tiêu_hoá của tôi tốt hơn khi cho ra mv này :cầu_nguyện:
4329,"À đúng rồi, em là fan mới của hero team nè."
4330,không phải sky nhưng mình rất thích ý_tưởng của mv. bài hát nghe thì nghe nhìêu mới thấy hay.
4331,Thích đoạn của CÔ NGÂN × SIMMY HÀ THẢO LINH × TIMMY
4332,"Xin góp_ý: MV tốt, giọng hay, vũ_đạo thì ok, lời thì khó nghe không tạo ấn_tượng"
4333,Coá ai để_ý không 1 ngày là 1 trời lượt xem á mọi người
4334,Chữa lành :dấu_x: Tra_tấn lỗ tai :dấu_tích_xanh: Giúp người khuyết_tật :dấu_tích_xanh:
4335,Đọc báo thấy MV cán mốc 100tr lượt xem em vào xem liền. Đã thấy hơn 100tr rồi. :cười_ra_nước_mắt: :cười_ra_nước_mắt:
4336,không biêť st có đoc mâý comment này không ta??
4337,ngay khuc ế ê ề ánh mắt sơn tùng quyết_tâm thật nhin sao sao ấy
4338,Dù_sao thì em vẫn thích we don ' tôi talk anymore hơn.
4339,"Chị cho em 100k, à không 80k thôi, mà chưa được, 80k vẫn đắt, 10k thôi, để em bấm nút live vớt_vát danh_dự cho chị: > # 5sonline"
4340,Hãy chứng mình cho mọi người cùng thấy nhé chị Chi. Cố lên nào!!! This is what I feel thích TỪ HÔM_NAY EM SẼ CHẲNG MONG_CHỜ NHỮNG VẤN_VƯƠNG XA MỜ... CUỘC_SỐNG HÔM_NAY EM SẼ LUÔN MỈM CƯỜI < 3
4341,Anh có tiềm_năng đó dấu mẹ tiềm_năng đi anh ơi :cười_toát_mồ_hôi:
4342,dở thì có dở thật nhưng hãy nhìn gương của đông nhi hay hà lộn đi. 2 người đó cũng xuất_phát từ giọng hát còn dở hơn chipu bây_giờ
4343,đây gọi là sự sáng_tạo chứ không phải là copy. Biến cái hay của người khác để thành cái riêng_biệt của mình.
4344,Mình thấy nó cũng hay mà sao nhiều người không thích quá vậy?? Hùa theo không thích à???
4345,"gì vậy trời Anh cô_đơn quá "" "" "" "" "" "" "" "" hay vê lờ anh đây hàng hiếm đừng có tiềm kiếm"
4346,35k không thích đều là fans của Hương_Tràm. Tôi thấy fans Hương_Tràm trẻ trâu quá
4347,"người nước_ngoài vào khen, còn mấy thành_phần anti dân mình thì bày_đặt lên google dịch dịch sang tiếng anh để chửi. thật buồn_cười."
4348,nói_gì_thì nói vẫn nghe thấy cuốn và khá hay: 3
4349,Moẹ dở vãi thằng bạn tôi đang trong hòm ngồi dậy tán tôi :tức_giận:
4350,Nhắm mătz ơ thờ anh không muốn lạc vào trong nỗi đau này
4351,Mấy bạn thấy dở?? Đúng thật!! Nhưng đem chipu đi so_sánh với HT là sai quá sai = ) ) ) ) ) ) ) )
4352,"Chi_Pu hát không hay ai cũng công_nhận. KHÔNG phải cái gì cũng cố_gắng là được, 1 phần_phụ thuộc vào năng_khiếu nữa. Còn khán_giả họ bỏ tiền trả cho các dịch_vụ giải_trí nuôi sống nghệ_sĩ nên họ có quyền được nhận_xét, ok! Gửi tới Chi_Pu: Vui thôi đừng vui quá, hát cho vui thì được chứ hát để làm ca_sĩ thì khác xa lắm nhé Chi. Chi nói muốn hướng đến hình_ảnh 1 nghệ_sĩ đa_năng nhưng Chi không biết được rằng lĩnh_vực nào Chi cũng làm chưa tới. Thay_vì làm nhiều cái thì hãy chọn 1 cái hợp với mình rồi cố_gắng làm tốt nó thôi. Và hơn hết không nên ảo_tưởng về năng_lực của bản_thân!"
4353,"Chả_là hôm_nay em buồn ỉa quá mà mãi không ỉa được. Tình_cờ thế_nào, duyên_phận đã đưa em đến với Pickle ball của anh. Em chưa hề nghe danh anh từ trước, nhưng khi em vô_tình nghe phải ca_khúc này, đít em đã tự_động ỉa đến tắc cống mà mình không hay. Cảm_ơn anh Phú_Quí nhiều :trái_tim_đỏ: :trái_tim_đỏ: :trái_tim_đỏ:"
4354,cảm_ơn anh rồi nhiều mà nhờ anh mà em đã có động_lực ik tìm cái điều_khiển để tắt nó ik
4355,có mỗi việc ghi nguồn copy thôi mà sao khó_khăn thế hả sếp
4356,"Hát hay, chỉ là hát cho mọi người nghe thôi có cần phải chê_bai này_nọ không nhỉ?"
4357,Thấy bảo dở này_nọ nhưng nghe có đến_nỗi nào đâu nhỉ? Càng nghe càng nghiện ấy chứ: ) ) mấy bạn diss hùa sống lỗi quá: ) ) ) )
4358,Tôi không hiểu chị Chi_Pu hát cũng được mà s mọi người lạ không thích
4359,CHÉO SUB NHÉ MỌI NGƯỜI 100 % TRONG VÒNG 24h TÔI SẼ SUB LẠI
4360,"Nói thật ở Việt_Nam ít có ai làm được như Sơn_Tùng... từ cái MV chất theo kiểu âu, cách diễn_xuất hay nữa. Nói_chung là đều thích we don ' tôi talk anymore và chúng_ta không thuộc về nhau. Hay thì cứ thưởng_thức thôi, so_sánh cũng chả để làm cái gì cả, tốn thời_gian, mất hay!!!"
4361,"mới có 2 ngày mà đã có 5tr lượt xem rồi, kinh vậy ~"
4362,Nghe thế_giới của tôi - nữ_thần xong nhớ tới từ hôm_nay của chi pu nên lại nhảy vào đây
4363,Ai chê chi pu hát không hay thì nghỉ đi nghe bài Trở_Về_Đi của Chi chưa mà nói Xin_lỗi thế :cười_ra_nước_mắt: :cười_toe_toét: :cười_toe_toét:
4364,Linh ka nhiều không thích hơn sơn tùng kìa mà linh ka ra trước mà nhiều không thích :cười_ra_nước_mắt:
4365,"Sang Chạy_Ngay_Đi nhé mọi người, bên đó tăng chậm quá"
4366,Tôi thấy soái nhi hát còn dở hơn mà sao chúng_mày không chê
4367,thế đéo * * nào mà nghe mãi vẫn không hiểu bài hát về cái gì
4368,Thằng bạn tôi bị liệt 17 năm bác_sĩ nói nó không đi_lại được nữa nhưng nghe bài này nó đứng dậy mà tắt :sợ_hãi: :sợ_hãi:
4369,Bài hát được mấy từ còn đâu là oh oh không à: ) )
4370,Sky chúc anh thành_công hơn!! MV chất và hay lắm! Mãi yêu và ủng_hộ Tùng :mắt_trái_tim: :mắt_trái_tim: :mắt_trái_tim: :mắt_trái_tim: :hôn_gió: :hôn_gió: :hôn_gió: :hôn_gió: :hôn_nhắm_mắt: :hôn_nhắm_mắt: :mắt_trái_tim:0 :mắt_trái_tim:1 :mắt_trái_tim:2 :mắt_trái_tim:3 :mắt_trái_tim:4 :mắt_trái_tim:5 :mắt_trái_tim:6 :mắt_trái_tim:7 :mắt_trái_tim:8 :mắt_trái_tim:9
4371,30tr lun i sky ơi. Xoá cmt 2 lần ùi. Cố lên mặc_kệ anti fan
4372,"Sau khi nghe xong bài này, George_Floyd đã có được hơi thở đầu_tiên của mình sau 4 năm ngưng thở"
4373,bài này đang chìm xuống rồi à.. dạo này không thấy ngoài đường nghe nữa... trước mới ra nghe thấy suốt....
4374,Lạc_Trôi đưa tôi đến đay cảm_giác ngộ vậy ta! có ai như_vậy không ạ...
4375,"Rất hay! Mv đẹp, nhạc hay, hát nghiền, mọi thứ thật tuyệt_vời :mắt_trái_tim: :mắt_trái_tim: :mắt_trái_tim: :mắt_trái_tim: 1 thích và 1 subscribe thôi nào"
4376,Đúng là 1 sản_phẩm dù có hay hoặc dở thì chỉ cần bi anh tốt thì nó sẽ thành hót
4377,Đùa chứ mới nghe thấy lạ_tai mà càng nghe lại càng thấy hay mới chết chứ ủng_hộ chị cố lên :trái_tim_đỏ: ️
4378,"bé ơi bé có vẽ bắt_chước ghê ik nhé! Chuỵ không thích nhae, cố_gắng nhae đừng bắt_chước nhé không thích, phán rằng không thích"
4379,Hát như loz bày_đặt hát. tôi vào chỉ để không thích.
4380,nè bạn nào mà bảo chị mèo simmy và cô ngân rap dở ế thì mấy bạn có rap được không mà bảo người khác đung không các bạn fan
4381,Cũng không thích sơn tùng mấy. Ít nghe nhạc sơn tùng nhưng lại rất thích MV này
4382,"tên thật cuả ST là Nguyễn_Thanh_Tùng nhé ae. MÀY - TP là music, tài_năng và phong_cách ^ ^!"
4383,chỉ công_nhận tài copy nhạc của nó ^ ^ còn lại thì cờ cờ :cười_ra_nước_mắt: :cười_ra_nước_mắt:
4384,: ) đây là mv rất bom tấn nhưng đối_với tôi là thảm_hoạ của rap ; - ;
4385,"Đờ mờ nguyên bài_chỉ nghe: "" chúng ' s ta ' s đéo ' s thuộc ' s về ' s nhau ' s "" như cờ cờ"
4386,"beat là của 3D hình_ảnh là của Quang_Huy_Vậy tại_sao cứ đem thằng Tùng ra chửi vậy, nó chỉ viết lời thôi mà Người Việt_Nam sao nhìu thành_phần chưa nghĩ đã bấm quá vậy??"
4387,không hiểu gì về nhạc nhưng nghe công_nhận giống thiệt.
4388,Cô lên chị ơi... de nhưng người koi thuog chị fai gah ti với chị
4389,Tôi nói thật chứ. Giọng Sơn_Tùng đéo hơn Chipu là bạn đâu. Chả qua Sơn_Tùng được bài hát nó lấn_át đi giọng hát. Còn Chipu lần này thất_bại chả qua bài hát thực_sự không phù_hợp tí nào. Nhận_xét giai_điệu bài hát thôi chứ đừng có đánh_giá giọng hát làm_gì
4390,Ủa sao ai cũng nói Phong cong không vậy?
4391,co moi cau chung ta không thoc ve nhau nhac di nhac lai het ca bai hat. con lai doc được 1 it rap. the la thanh sieu pham
4392,Nhạc của chị rất hay cố lên nhé em ủng_hộ chị
4393,Vẫn là không nên hát thì hơn. :thư_giãn: đây là yk cá Nhân của mình thôi. :thư_giãn: :thư_giãn:
4394,đề_nghị liên_hợp_quốc xoá MV này đi vì MV này thuộc loại_hình_thức tra_tấn tinh_thần và lỗ tai
4395,fire ớ ồ ế ồ: ) ) ) ) HEY BURN IT UP jeonbu da taeul geot gachi HEY TURN IT UP saebyeogi da gal ttaekkaji = ] ] ]
4396,MV cũng đầu_tư. xem cũng không hay lắm. hát thì dở. hát không có giọng. diễn cũng kém. tốt nhất đừng tham_gia vào showbiz nữa. nên đi làm người_mẫu ảnh thì tốt hơn. nghỉ làm ca_sĩ đi. đừng ra MV gì nữa nghe chán lắm. thế nhé. làm hỏng hết nét đẹp của nhạc Việt
4397,6: 23 12 / 01 / 2017: 92. 083. 843!!! Tết 100tr nka mày. người!: )
4398,"Vũ_đạo, nền, phong_cách, tới nhạc rất hay... nhưng hãy tạo ra 1 thể_loại nhạc đậm chất Việt_nam, mình thấy nhạc Việt toàn có_vẻ theo phong_cách Hàn"
4399,"TÔI thấy beat cuốn nhưng lời vo tri, phải ổng viết lời lại là okela lun á: ) ) )"
4400,we don ' tôi talk anymore được biết đến ở VIỆT_NAM nhiều hnhư nhờ bài này thì phải...
4401,Cảnh quay rất đặc_sắc giọng hát đang yêu vẫn giống như nân công_chúa trong 5s online. :cười_đỏ_má: tên bài hát và lời bài hát đều hay. :thích: :thích:
4402,tụi mày nghe nhạc thì nghe chứ cày lượt xem làm ji... có tiền thì cũng ráng cày ak
4403,FAN AI KỆ. NHƯNG FAN CHI THÌ ĐI TỚI. TEAM CHI PU ĐIỂM_DANH
4404,"Cô ấy hát không hay nhưng cũng đâu đến_nỗi dở tệ, sao mọi người chê dữ vậy"
4405,"Để mình tính thế hay nhé, mỗi ngày 3tr lượt xem, cày liên_tục 1 tháng thì mv này được khoảng 90 trời lượt xem, ngjĩ đến thôi mà thấy sug sài_gòn ghê cơ"
4406,Lâu_lâu nghe lại bài này cuốn thực_sự < 3
4407,hát dở quá vậy mẹ :buồn_cúi_đầu: diễn đã không ra_hồn giờ còn đi hát: ) ) lên facebook mà coi cả thế_giới đang nói về mv của mẹ kìa: ) nhớ đọc thật kỉ cmt nhé... mãi yêu
4408,"Toàn bọn óc thời khủng_long.... - _ - bài hay, lạ, chất mà"
4409,"Mình thấy cũng được. Nghe cũng hay đó. Nghe 2, 3 lần mới thấy hay"
4410,nghe mà đau hết đầu vẫn chỉ thich con mua ngang qua
4411,Chúng_ta không thuộc về nhau. We don ' tôi talk anymore
4412,"sự nổi_tiếng, độ hit của ST MTP nói lên tất_cả, không cần nói nhiều, không phải phủ_nhận thành_công của anh ấy, nhìn vào thực_tế đi antifan"
4413,chi pu lần đầu hát mà mày bạn cay_nghiệt quá
4414,ghen_tị là một tính_cách đáng sợ nhất. hahaha
4415,Bài này nghe đến bây_giờ mà vẫn thấy hay beat hay quá không_thể chán nổi
4416,Ai xem thấy tại_sao không thích nhìu :không_thích: vại??? Why??? Nge cũg được mà
4417,Mỗi người 1 sn đâu phải sinh ra là hoàn_hảo ts bạn biết cố_gắng trở_thành người hoàn_hảo trong khi người khác cố_gắng thì lại vung ra biết_bao lời ác_ý vậy? Kể cũng ngộ
4418,"mình thấy giọng của Chi hay mà, nhạc nó cũng bắt_tay, mỗi_tội nội_dung không được rõ lắm thôi"
4419,"- ) ) không cảm_xúc. _. Thích thì nghe, không đừng chửi = > có chửi thì hãy chửi lịch_sự - ) vì chúng_ta đều là người văn_minh :ok: 🏻"
4420,Cố lên nào lượt thích sắp đuổi kịp lượt không thích rồi
4421,"có ai tới phần rap, rap Hey burn it up không = ) )"
4422,Một ngày tầm 30k thì ít quá nhỉ. Lâu lên 200M lắm luôn
4423,ai có link nhạc không lời không? nhạc cũng hay phết
4424,"nhạc gì HAY dễ_sợ, càng nghe càng thấy như con... Nể phát dám phát_hành và đơn_vị nhận phát_hành :cười_ra_nước_mắt:"
4425,Có câu oh oh oh giống ò ó không nên hơi kì thôi à! còn lại hay mà.
4426,"Hơi bị dị cái đoạn hững hoooờ, cườiiiiii, tuyệt vờiiiiiii. Nghê cảm_thấy buồn_cười"
4427,Hat do ma cung doi lam ca si ho phan anh la dung the ma 50 % con hat nhep
4428,Tem hero hát giỡ quá chỉ có anh phong cận và sam mi thôi
4429,"khét thế thích đoạn của sammy, cá_mập sát_thủ đây,"
4430,"Mọi người nên tập_trung stream 4 bài: nơi này có anh, hãy trao cho anh, đừng làm trái_tim anh đau và chúng_ta của tương_lai nhé. Đặc_biệt là hãy trao cho anh, bài này tăng chậm hơn tiến_độ dự_định rồi …"
4431,"TÔI thấy hay mà, nghe lần đầu đoạn điệp khá bắt tai. nghe thêm mấy lần thì kết luôn. Mình thì cứ hùa theo số đông rồi chê này chê nọ"
4432,Không thích chỉ có_thể là fan Hương_Tràm hoặc anti Chipu :cười_ra_nước_mắt: nhiều đứa chó hùa cũng_nên
4433,We don ' tôi talk anymore chúng_ta không được luộc rau: ( (
4434,"Vâng, tối_qua sếp Tùng up cái MV này lên và hôm_nay đã có rất nhiều người nói là sếp Tùng đã đạo. EM phải công_nhận sếp Tùng là Gao_Tùng: vậy"
4435,thấy cũg được. không tới nỗi bị chửi như_vậy... người ta muốn thực_hiện ước_mơ thì hãy cho ngta 1 cơ_hội để có_thể hoàn_thiện hơn!!
4436,Hoàn_hảo: ) ) ) đó là sau khi chỉnh_sửa. Nghe chị hát live như lone ý :mặt_ranh_mãnh: :mặt_ranh_mãnh: :mặt_ranh_mãnh: :mặt_ranh_mãnh:
4437,Chuẩn_bị đi học 18. 418. 545 Lượt xem: 3 Về thấy 20. 248. 293 Lượt xem: vậy vãi đái
4438,Hay lắm rep cả trăm lần mà không ngán ánh_sáng đẹp tùng đẹp_trai hát hay khỏi chê yêu anh < 3
4439,"- bên We don ' tôi talk anymore thấy cả cmt tiếng Việt, chắc nhờ MV này. Chúng_ta không thuộc về nhau chứ đâu phải Chúng_ta đừng nói chưa nữa đâu nhờ :cười_híp_mắt: :cười_híp_mắt: :cười_híp_mắt:"
4440,Điểm_danh ai đã xem từ 4 năm trước đến 2020
4441,Không có ý gì nhưng thật_sự nó giống we dont talk anymore.
4442,Đít mẹ hay vãi anh có tài_năng đó giấu mẹ nó ik_anh
4443,"Câu từ lộn_xộn em không cảm_nhận được, chắc yếu nghề :cười_toát_mồ_hôi:"
4444,. này là cá_nhân mình nhé. Nếu ai là fan trẩu của chị Chi_Pu thì cứ táp. Đoạn đầu giốq với video của Blackpink đoạn sau giốq với video cuả 4 minutes. Ý_kiến riêq nhé cấm cmt chửi
4445,BBBB hơn CTKTVN rồi hôm bữa giờ lượt xem lên chậm Quá 1 Ngày 1 người xem 2 hoặc 3 lần là Được Rồi Sky ơi cố lên
4446,"Nhìn như ngáo đá, lời hát thì chả có giá_trị :mặt_ranh_mãnh: :mặt_ranh_mãnh: :mặt_ranh_mãnh:"
4447,hay quá anh ơi em yêu anh idol của em = ) ) ).. anh cần cố_gắng nhiều hơn anh nhé em yêu anh tug heo ơi
4448,"chúng_ta không thuộc về nhau = kẹo sữa được làm từ sữa, nhây vãi"
4449,"hay, được cái beat hay: ) ) còn lại như cố diễn, còn hát thì vẫn nghe được nhưng không có gì gọi là đặc_sắc để trở_thành 1 ca_sĩ chuyên_nghiệp, còn nếu CP chỉ cho ra clip giải_trí thì ok, vẫn có tính giải_trí: ) ) nhưng đề_nghị không nên đi hát dài_lâu, hát vui thì được: >"
4450,tôi không thích anh_sơn tùng nhưng không phải là ghét. tôi thua nhận sự thành con của anh.. anh quá giỏi
4451,"bài hát rất hay, cảm_ơn anh tùng đã tạo ra sản_phẩm tuyệt_vời mang âm_nhạc việt_nam đến gần với thế_giới < 3"
4452,nghe cả trăm lần rồi vẫn hay tôi nghe từ năm trước rồi cơ
4453,1: 10 ảo quá man ( Từ dưới nước trồi lên mà bông_tai thẳng_băng )
4454,Trời ủi bạn tôi nghe xong đó đờ 1 tuần lun cái trường xây cái chỗ chơi pickleballs xong nó thấy chỗ đó là chạy mất hehe có chỗ sợ khỏi bị bạn ăn ké rủi :cười_ra_nước_mắt: :cười_ra_nước_mắt:
4455,Tôi sẽ chờ 1 mv của Chipu với sức ảnh_hưởng lớn cho nền âm_nhạc Việt_Nam
4456,không thích với thích gần bằng nhau luôn... mà thôi kệ quan_trọng là_lượt lượt xem tăng lên là được :hôn_nhắm_mắt: :hôn_nhắm_mắt: :hôn_nhắm_mắt:
4457,cái này thì khác gì nói thật mấy bài trước có_thể chấp_nhận còn bài này thì không_thể được
4458,Mình thấy Chipu hát cũng được mà tại_sao mọi người lại ném đá nhiều thế?
4459,Fan chipu ý_kiến! Chipu hợp làm diễn_viên và người_mẫu hơn là làm ca_sĩ. Chất giọng của chị chipu không được hay lắm!
4460,Chúc_mừng tùng đã bị ghét từ việt_nam đến Mỹ
4461,Em chỉ đẹp khi đứng và Cười... còn khi cất lời thì nhạt lắm luôn ^ ^
4462,"Trời_ơi em mê quá anh ưi, nghe quài mà nó cứ cuốn quài"
4463,tung tai ghê ha. làm được mv thập_cẩm lun. GHÊ THIỆT
4464,bài hát hay MV đẹp. xem mãi không thấy chán.. hay quá Tùng ơi..
4465,bài hát We_Don ' tôi Talk_Anymore với bài này. hình_như nghe...
4466,mấy đứa anti thì vô cmt chi rảnh vãi cl
4467,Sơn tùng mtp 1 cái tên quen_thuộc với 1 phong_cách ĐIÊN_KHÙNG
4468,"Hay thì tôi thích, tôi xem. TÔI vẫn ủng_hộ Tùng. Cứ thấy hay_là tôi ủng_hộ. TÔI cứ cmt vì tôi thấy hay. éo lquan ts ai."
4469,Hay đấy chứ sao mọi người chê kinh quá: ) )
4470,"Cuối_MV, Tùng cầm cái gì vậy nhỉ? Xem_lại mấy lần vẫn không hiểu."
4471,"- Hay mà sao cmt chê kinh vậy? Chi pu muốn làm ca_sĩ thì không động_viên đã_đành lại còn bảo nghỉ làm ca_sĩ, Hương_Tràm đá đểu Chi_Pu vì mv Em_gái mưa xếp thứ 3 còn mv của Chi_Pu xếp thứ nhất hả? Ủa làm zị chi?"
4472,noi dung loi nhac con quá_nham hinh anh thi kho hieu va chat luong thi te
4473,Vâng bài hát hay đến mức thằng bạn tôi liệt 2 chân phải đúng dậy ra tắt nhạc
4474,thua bên kia 3tr chắc anti cài kg chứ đâu :cười_ra_nước_mắt:
4475,Nếu mấy bạn không xem hết MV thì lượt xem không tăng đâu. Vậy nên anti vào xem thì chừa lại 1s rồi thoát ra nhé: 3 Đừng quên không thích ủng_hộ bản mashup cover vietsub xuyên biên_giới của sếp ' sssssssssss nhé ' sssssssssssssss!!!!!!!!!!!!!!!!!!!! Chúng_ta không talk anymore = ) ) ) ) Burn it up!!! wow wow wow = ) ) ) Phài ơ ơ ơ ơ bùng cháy lên ngọn lửa Cao_Nguyên = ) ) ) )
4476,"Không phải bênh_vực HT hay_là gì hết nhưng_mà HT nói như_thế cũng có phần đúng mà. Bã chưa nói đích_danh mà nghĩ là đá xéo Chi pu = ) ) ) video không đẹp hát không được gọi là "" hay "" nên đừng biện_minh là đam_mê mà thế_này thế kia"
4477,Vị_trí thảm_hoạ tồi_tệ nhất của titanic đag bị lung_lay :cười_ra_nước_mắt: :cười_ra_nước_mắt:
4478,ừ nghe cũng hơi giống thật: ( nói_chung vẫn hay
4479,chị ChiPu hát hay mà mv quá đầu_tư luôn không hiểu sao bị không thích nhìu như_thế
4480,"Xin_lỗi Chi nhé, hát ngang như cua, giống bài nói_dối của cô ca_sĩ gì đó quá!!!"
4481,mấy đứa đó ghen_tị không có MV đỉnh như_vậy thua nên xàm
4482,chi co nhung bon suu nhi moi noi anh dao nhac thoi chu that ra anh la tai nang thien bam ma
4483,We don ' tôi talk any more xuat ban vao 2 / 8 thi lam gi co chuyen dao nhac tar. ; ) ) ) ) ) ) ) ) ) ) ) :trái_tim_đỏ: :trái_tim_đỏ: :trái_tim_đỏ: :trái_tim_đỏ:
4484,Fan_Justin_Bieber và Noo chúc Tùng thành_công = ) ) )
4485,Phải công_nhận thì cô ngân với mèo rap chua thật: ) )
4486,Bro tạo ra bài hát thảm_hoạ còn hơn thick of it của KSI :đầu_lâu:
4487,"Đúng là có đầu_tư nhìn mày. vậy, giọng hát khác hẳn, nói_chung mình thích"
4488,hay quá anh tùng ơi Sky luôn bên anh: )
4489,Trời vãi chưởng zua ra song vào hon 3tr vãi chưởng em thic anh roi
4490,"Anh ơi anh làm MV quảng_cáo à :cười_ra_nước_mắt: :cười_ra_nước_mắt:, thật_sự MV rất tệ, cảnh quay cũng ít, bài hạt cũng không hay ( dở ) không hiểu được ý_nghĩa, MV vậy sao anh cũng ra_mắt được vậy, đối_với em 3 / 10 đéo"
4491,"Cũng được mà, chỉ là cái lời hơi củ chối thôi"
4492,CHAY NGAY ĐI TƠI CHUNG TA KHÔNG THUÔC VÊ NHAU....... rôi tơi đâu nưa...???
4493,Anh Siro ơi Anh kairon nói anh là con chó
4494,thay_mặt fan của Snake 20 năm chúc Tùng thành_công: ) )
4495,"Thật_ra bài này hay đó chứ, càng nghe càng hay nhưng lại không thích chipu nữa rồi"
4496,Tôi muốn hỏi bạn nhấn :không_thích: 🖓 vì bài hát không hay_hay là ùa theo ngkhac nói như_vậy hay vì ghen với chi pu đây
4497,Anh kairon với chị kamui nghe rap rõ nhất trong hero team
4498,Mấy thằng trẻ trâu nuôi mấy con máy này tôi lên rồi tôi không coi
4499,Thấy lạ sao đó quá_trời ca_sĩ dao nhac lun sao không nói nhi. Can cau tra loi
4500,Thanh_Tuyền bạn em nó nói hát như con vịtttt = ) ) ) )
4501,"cô_đơn đôi chân lạc trôi giữa bầu_trời, có nhắc tới bài lạc trôi nhé"
4502,bài này được sáng_tác bởi một thiên_tài với bộ_não và đầu_óc của một con chó
4503,"Tại_sao ca sỉ chuyển sang đóng phim thì được Còn diển viên chuyển sang ca_hát thì lại bị phát xét nhiều đến thế. Mỗi người có sở_thích và niềm đam_mê họ có khả_năng thì làm thôi, ở đây phán_xét chi nhiều Tuy_rằng chi pu hát không hay cho lắm nhưng đây là tâm_huyết của cô ấy trong 3 năm nếu chúng_ta không thích thì cũng đừng công_kích quá_đáng, bởi đó là tâm_huyết và công_sức của cô ấy và ekip"
4504,Ha anh đã không phải được biết được một một trong các trường có những năm nay nay không có có có những người đã bị ảnh_hưởng các em là không phải không còn được cho người khác của người có có được một năm
4505,bài nhạc thần_kì nhất năm thằng em hàng_xóm mình bị down sau khi nghe bài này em ấy cứ như thành người chưa hề bị bệnh_tật :trái_tim_đỏ:
4506,"nhạc như con KU đéo thấy gì hay, mà vẫn có đứa thích"
4507,đoạn em_em em_em hay gê. luon xem ngang vối. con_nợ mẹ
4508,"Tôi thấy hay mà trời. Tự_nhiên phẩn nộ dữ vậy. Hát được như_vậy không mà nói ngta. Còn Hương_Tràm hơi quá_đáng rồi đấy, xúc_phạm hơi quá rồi đấy. Tùng Sơn đấy xúc_phạm nghề của Tràm đó sao không một cú đấm đuy. Quá_đáng :tức_giận: :tức_giận: :tức_giận:"
4509,Mặc_dù không nghe nhưng nhìu anh_chị_em cũng vào không thích và chửi như 1 vị thần
4510,hay thế_này mà nhiều người dám bảo là như cơm thiu à
4511,Nghe cũng hay mà mặc_dù không phải là fan hay anti nhưng đối ới tôi bìa này rất hay mv đẹp_mắt music nge bát taii < 3
4512,Mấy bác nếu không muốn tăng lượt xem hãy giảm âm_lượng xuống thấp hơn 50 % và bấm pause xong nghe tiếp thì youtube sẽ không tính lượt xem nhé: ) ) ) ) ) ) ) )
4513,Fan_Putin & Kim_Jong - un chúc Tùng thành_công = ) ) )
4514,Bị nghiện bài này. Nghe trên_dưới 50 lần từ hôm ra mv tới giờ.
4515,"Cảm_ơn vì bài hát quá hay, tôi đã khóc :khóc:"
4516,con cho nhà tôi 7 năm trước bị liệt cả 4 chân già sắp chết thế_là tôi đầu liền nhẩy số bật vội bài này thế_là phép mày đã xuất_hiện con cho nhà tôi đi_lại bình thằng và khoẻ_mạnh như lúc tôi nuôi nó lúc trẻ và nó sống đến tận bâyh
4517,"thương tùng: < < < ra_mắt củ lạc giòn_tan rồi mà we don ' tôi talk anymore ( bản đạo ) chưa cán 100. 000. 000 lượt xem nữa kìa: < sky ' s cố rồi anti cố rồi: vậy Xin_lỗi sếp ' sss, chúng_ta không thuộc về nhau: ) ) )"
4518,cứ không thích nếu anti muốn và lượt xem cứ tăng thôi
4519,Mỗi người đều có một con đường để đi.. Chị cố lên nhé.. Em ủng_hộ
4520,"Thật_sự bài hát này quá hay quá thuyết_phục. Thằng bạn tôi bị liệt 2 chân từ nhỏ nhưng khi nghe bài này nó liền đứng dậy được, để đi_tắt nhạc"
4521,"Mọi người ơi ghé kênh em có làm về anh Tùng đó ạ, mọi người thích và đăng_kí kênh ủng_hộ em với!"
4522,"có chút gì đó nhái phóng cách đông nhi, cơ_mà hay"
4523,Hay quá cô ngân ơi :đỏ_mặt: Hay quá bác gấu ơi :đỏ_mặt:
4524,Mv không hay cũn không dở dể nghe mà sao mấy anh_hùng bàn_phím cứ bô_bô thể_hiện
4525,kp fan cũng không phải anti. thấy chị cố_gắng thử sức ở những lĩnh_vực khác nhau là tốt. Nhưng kp ca_sĩ muốn là làm được dù cơ_bản chị đã rất có nhiều fan ủng_hộ. Nhưng giọng chị thực_sự không phù_hợp để làm ca_sĩ đâu. Chị hãy chỉ tập_trung vào thế mạnh của mình thôi.
4526,"Không_thể chê về khoản đầu_tư trang_phục, ekip... Nhưng giai_điệu bài hát ngang hết_sức. Nó không hề phù_hợp gì cả. Giọng hát Chipu sẽ được toả sáng hơn nếu chọn đúng bài"
4527,Fan hương tràm đâu TÔI xúc hết mẹ không thích đa_số fan HT
4528,"mong rằng chipu luôn biết vị_trí của mình, và luôn biết khả_năng của mình.. xem Mv xong mà ức_chế vãi cả lúa.. Từ trang_phục, biểu_diễn, chất giọng, bài hát tất_cả gộp lại đều là một thảm_hoạ.. nhảy thì y_như trò_hề.. vãi chưởng âm_nhạc việt_nam"
4529,em thích cả hai tại vì không có ai điều hát hay cả dù có hát co nào thì cũng hạng nhi thôi
4530,"Mình nghi đây là MV có nhiều lượt Không thích rồi. Tệ quá. Chị nen làm binh hoa thôi chứ đừng làm con chim sơn_ca, vì binh hoa không_thể thanh_sơn ca được đâu"
4531,"ủa có kinh lắm đâu, có mấy cái nốt nhấn bị chói tai thôi chứ giọng đâu đến mức báo nói -. -"
4532,Em bị nghiện luôn hay quá hôm nào em cũng xem
4533,Chị pu hát hay quá: 3 tới giờ em còn nghe < 3 < 3
4534,Thế_mà nó vẫn dám hát được. Nể thật. KHÔNG còn từ gì để nói :cười_ra_nước_mắt:
4535,ai noi bai nay dao we don ' tôi talk thi dung co lech han vao ma xem nhe
4536,"nói một_cách chính_xác thì we dont talk anymore có lượt lượt xem tăng hẳn khi ST ra chúng_ta không thuộc về nhau! ơ mà nghe bài chúng_ta không thuộc về nhau hay ở giai_điệu bài sôi_động,..."
4537,"Chị đã làm được rất nhiều, rất nhiều hơn hẳn Hương_Tràm. Chị bước chân vào showbiz trước cả khi Hương_Tràm được mọi người biết đến. Không ai có quyền làm chị nhụt trí cả. Đừng chỉ đọc những comment vô_tâm và không có suy_nghĩ, hãy để_ý đến cả những con_người luôn dõi theo chị. Làm_ơn hãy tiêp tục ước_mơ của chị. Mãi yêu < 3"
4538,Bài này chỉ nghe một lần thôi. Sẽ không có replay đâu.
4539,"Tại_sao ngta ghét bài này nhỉ, tôi thấy cũng khá catchy một_cách nào đo"
4540,TỪ HÔM_NAY ANH ƠI Ở LẠI vì EM SAI RỒI ANH XIN_LỖI EM ĐI: ) )
4541,lúc ráp giống bài hát Fire - BTS giiống không cần chỉnh luôn
4542,"Một ngày theo ước_tính tăng khoảng hơn 100k views. Cứ đà này thì mục_tiêu 100M views còn xa_vời lắm. Tốt nhất đừng nói trước điều gì, nói trước coi_chừng bước không qua. Cứ lẳng_lặng âm_thầm mà ủng_hộ, giới_thiệu anh_em bạn_bè quốc_tế là đủ: )"
4543,bạn em nói mấy người nghe bài này là trẻ trâu: ) )
4544,Tuyệt_vời pu ơi ra nhiều bài hát nữa nhé mặc_kệ mấy đua không biết suy_nghĩ làm gì cho mệt
4545,mỗi chi_tiết xô vào bồn nước thôi đã thấy thất_vọng rồi....
4546,Sao lắm không thích thế tôi thấy bình_thường mà = ) )
4547,Chúng_ta đã có 1 Pickleball = 3 triệu 910 đồng
4548,bật phụ_đề tiếng anh lên rùi trả_lời mình đi
4549,cũng không thích anh Tùng lắm nhưng nhiều bài anh sáng_tác cũng rất hay: ) ) ) )
4550,- Dạo này không thấy mặt Tùng đâu hết nhỉ = ) ) )
4551,Oil nhà Phạm_Anh_Duy đi đánh banh cùng anh Quí :cười_ra_nước_mắt: :cười_ra_nước_mắt: :cười_ra_nước_mắt:
4552,chị hát hay mà sao hương tràm lại trê nhỉ
4553,Có mỗi câu hát đi hát lại Giai_điệu giống bài We don ' tôi talk anymore -. -
4554,Tôi nghĩ những đứa không thích là fan Hương_Tràm là nhiều
4555,Thích: Mèo_Simmy_Cô_Ngân Siro_Sammy cá_mập Phong_Cận_Hà_Thảo Linh_TÔI - Gaming_Rap nhất!
4556,vì thích nên nghe chứ không phải có ý_định tăng lượt xem. nghe đã thiệt
4557,Đứng ở góc_độ một khán_giả nghe nhạc tôi góp_ý nhẹ vài ý_kiến.. Thứ nhất: xét về hình_ảnh.. trong mv này nhìn Chi mặc một_vài trang_phục nhìn rườm_rà và lạc mốt quá.. không bắt_mắt.. không được thời_trang như phong_cách trước giờ của Chi_Thứ 2: giọng Chi nói_chung không phải là hát không được.. cũng biế nhịp nhưng giọng hát còn phổ_thông quá.. chưa có điểm đặc_biệt nên không gây được ấn_tượng.. Thứ 3: là bài hát để bắt_đầu lấn_sân làm ca_sĩ Chi nên chọn bài kỹ hơn.. phù_hợp với chất giọng và nên chọn bài có_thể gây ấn_tượng hơn với khán_giả.. cần lựa_chọn bài kỹ hơn để hát vì bài này ca_từ không có gì dặc sắc.. không ấn_tượng được.. Ý_kiến cá_nhân!!
4558,"mọi người đừng vào MV we dont ' tôi talk anymore nói nữa, bọn họ rất ghét đấy! Tôn_trọng họ đi người Việt_Nam @!!!!!!!!!!!!!!!!!!"
4559,"Em ủng_hộ chị, cố_gắng lên chị nhé, đừng suy_sụp trước giông_bão, mà chị hãy là cơn lốc vòi_rồng cho em, cuống bay cơn bão, em yêu chị < 3 < 3. < 3"
4560,"Ngta sáng_tác ra bản remix này đã bít rồi, nhưng ngta xem như là ST copy nhạc thôi, chắc bên nước_ngoài cũng không kiện gì đâu"
4561,"Ad tùng em ủng_hộ ad, mong MV của ad càng_ngày_càng nhiều người xem, Antifan nó sao kệ họ, đừng bận_tâm họ thích soi kệ họ, sky tin ad, không phải như những gì Antifan nói. chúc ad ngày_càng nhiều có những bài hát, MV mới và được nhiều người thích"
4562,do bét ma oi cha hiểu gì hết vậy cung ra mv ton tien
4563,"Những thứ này làm hư_hỏng 1 thế_hệ, làm mất đi giá_trị tốt_đẹp của 1 môn thể_thao lành_mạnh"
4564,Tùng ơi.... Cố lên Sky ơi.... Say oh yeah :dấu_chiến_thắng: :dấu_chiến_thắng: :dấu_chiến_thắng:
4565,We don ' tôi talk anymore ( phiên_bản lồng_tiếng việt ) - MTP ahihi = ) ) ) ) )
4566,Cứ 10 comment là có 5 coment là của người nước_ngoài
4567,sky ơi tiếp tuc cài đi SAY OH YEAH - - -
4568,Tôi nói thật luôn. Nghe cái bài này chẳng hiểu cái đéo gì cả.
4569,chị Sammy đào và mèo Sim my ráp hay quá ạ
4570,có phải đây là mv có lượt xem nhanh nhất youtue việt không ( sau bài vợ ngta thì phải )
4571,"Hóng viétub chả biết cái bài hát này nói về gì luôn, cái khúc đang lên thì hạ tông xuống đột_ngột, ức_chế vãi chưởng"
4572,Hây bân ít ợp VIỆT_NAM rap ver... okay.. Army_Ổn. _.
4573,"Chorus: Anh hẹn em Pickleball_Ta vờn nhau Pickleball_Tay vợt bên dưới hông Anh đập banh, đập banh Đến em mạnh vào Ta chỉ chơi Pickleball Không nên vượt mức Pickleball_Đưa vợt anh tiếp banh High and low Từ thấp đến trên cao Ta chỉ gặp chơi Pickleball. Verse: Chơi bao_nhiêu nhưng em nhắc anh Em không dễ_dàng Không nên tia em, tia trái banh Thua game, rời em Không được lơ_là đưa chân quá gần Hãy kiềm_chế nào! Thua mà 5 lần, em sẽ nằm trên anh ( Ý anh là điểm mà! ) Pre_Chorus: Thế_nào là hơn thua Thế_nào là mình ganh_đua Em focus vào tâm_trí anh chưa? Vừa thắng liền tham_lam Lùi chút chút lùi về sau không chạm Lùi xuống sâu vào ….. Chorus: Anh hẹn em Pickleball_Ta vờn nhau Pickleball_Tay vợt bên dưới hông Anh đập banh, đập banh Đến em mạnh vào Ta chỉ chơi Pickleball Không nên vượt mức Pickleball_Đưa vợt anh tiếp banh High and low Từ thấp đến trên cao Ta chỉ gặp chơi Pickleball_Verse 2 Pick it up. Pick it up. Pick it up Your ball Aim at me now Take that Smack that Holla back at me You came for it Let me hit you back Bang bang bang bang bang bang bang It sounds really bad Better look up Or I will catch up … and Sheesh! Pre_Chorus: Thế_nào là hơn thua Thế_nào là mình ganh_đua Em focus vào tâm_trí anh chưa? Vừa thắng liền tham_lam Lùi chút chút lùi về sau không chạm Lùi xuống sâu vào ….. Chorus: Anh hẹn em Pickleball_Ta vờn nhau Pickleball_Tay vợt bên dưới hông Anh đập banh, đập banh Đến em mạnh vào Ta chỉ chơi Pickleball Không nên vượt mức Pickleball_Đưa vợt anh tiếp banh High and low Từ thấp đến trên cao Ta chỉ gặp chơi Pickleball_Post_Chorus_Ta chỉ gặp chơi Pickleball ( Don ’ tôi cross the line ) Xong đi về ( Down the line ) Ta chỉ được chơi Pickleball ( Don ’ tôi cross the line ) Chơi xong về ( Down the line ) Ta chỉ gặp chơi Pickleball ( Don ’ tôi cross the line ) Xong đi về ( Down the line ) Ta chỉ được chơi Pickleball ( Don ’ tôi cross the line ) Chơi xong về Ta chỉ gặp chơi Pickleball … Chơi xong về …"
4574,Nghe thì cũng được. Nhưng nghe xong nó không để lại cảm_giác gì. Nhạt_nhẽo
4575,"Tôi chân_thành cảm_ơn Quí! Chuyện là tôi có một thằng bạn bị thực_vật và không dậy được, bạn ấy bị vậy suốt 3 năm qua. Và tôi đang lướt youtube thì tôi vô_tình mở bài hát của Quí lên, thì bạn ấy đã vô_tình đứng dậy được và tắt nhạc của bạn đi. :há_hốc:"
4576,Lên topppppp lại sau bài sinh_nhật free fire :cười_rơi_nước_mắt: :cười_rơi_nước_mắt: :cười_rơi_nước_mắt: :cười_rơi_nước_mắt:
4577,để chuẩn_bị 20 - 11 nên nhiều người mới xem BBBB
4578,Tôi thấy hay mà sao mọi người và các trang đưa lên nói_xấu vậy. Ai thấy hay giống tôi thì thích
4579,"bài này không đến_nỗi, Không thích là do ý_kiến cá_nhân của mọi người hay_là đú vậy: )"
4580,Xem quảng_cáo Pepsi xong quay lại đây có ai như mình không.
4581,thắc_mắc: nếu không nghe hết bài có tính là 1 lần xem không????
4582,"Cảm_ơn, nhạc này để tra_tấn mấy đứa mình ghét :đầu_lâu_xương_chéo: ️ :đầu_lâu_xương_chéo: ️ :đầu_lâu_xương_chéo: ️"
4583,""" Nếu bạn đang có 1 ngày tồi_tệ cũng chả sao, vì bài này còn tồi_tệ hơn """
4584,"Theo mình thấy lượt thích và lượt xem thì ST thua chắc rồi, chỉ hơn được cái không thích thôi. ai thấy đúng giơ tay cái = ) )"
4585,135 không thích mẹ ơi thích cũng nhìu mà không thích cũng không kém
4586,sky ơi. say oh yeah!!!...... yeah yeah cái đéo. mày mày
4587,hình_như lưot lượt xem giãm hẳng đi thì phải: (: (
4588,MẤY BẠN ĐƠN_GIẢN CHỈ NGHE NHẠC THÔI CÓ ĐƯỢC KHÔNG: D
4589,_son tung dung dien thoai oppo dang sông thanh pho sai gon
4590,thế cốt_truyện là sơn tùng thất_tình nên bị thần_kinh thành nhà bác_học điên à xàm vãi cả lúa
4591,Tôi bây_giờ thường nghe bài này không phải vì nó quá hay nhưng trong bài hát này tôi thấy câu_chuyện của chính mình
4592,Rap nhân_văn quá nghe mà tôi tưởng tiếng.... à mà thôi
4593,Thấy đoạn đầu hơi xàm. Đến đoạn gần cuối thấy hay hơn hẳn :cười_toe_toét:
4594,chị nên tập chung cải_thiện diễn_xuất đi rồi sẽ có ngày ngta công_nhận chị là diễn_viên. hãy làm thật tốt 1 mảng thay_vì mảng nào kg biết 1 tý. knet trc giờ rất độc_mồm chị không nên sang thị trg hàn đâu vì chị. người rất ghét người ĐNA
4595,Fan_Hoàng xuân Vinh chúc anh Tùng Núi_Thành công: vậy
4596,chúng_ta không talk any more tùng puth MTP = ) )
4597,TÔI sẽ bật cái bài này lên khi tôi 1v1 với thằng nào đó để nó cho mình win cách dễ nhất
4598,Mấy thằng mà thông_tin không công_bố??? Chờ để chạy_chọt hay gì???
4599,Cảm_ơn Đỗ_Phú_Quý nhờ bài hát này tôi mới biết bạn là ai. Đẹp_trai hát hay nhạc nghe cát chi và rất_chi_là nhân_văn trong việc giúp đời giúp người lướt cmt toàn bại_liệt táo_bón cụt tay câm_điếc đều được chữa lành một_cách thần_kỳ. vi diệu vi diệu
4600,Tôi phải công_nhận là anh tùng này chịu_khó học_hỏi đấy chứ = ) ) ) ) ) khéo vài năm nữa anh lại gom cả cái Kpop vào một MV thì bỏ_mẹ :la_hét_sợ:
4601,thằng này cứ như là đắp phốt vô mặt để nổi á
4602,MV mang ý_nghĩa chỉ tạo được con_người nhưng không tạo ra được trái_tim
4603,"2024 nghe lại thấy hoài_niệm quá, niệm phật"
4604,hết đêm nay 80 triệu ai đag cày. chấm thích phát: )
4605,"Cố lên Chi_Pu, mới chỉ là bắt_đầu thôi. :mỉm_cười: :mỉm_cười: :mỉm_cười:"
4606,Hương_Tràm mặc đồ kín kín lại khi đi hát đi rồi nhận_xét hát ra sao. Tư_cách. Mới_đây lại ăn_mặc hở_hang đi hát. Thật là chả giống văn_hoá người VIỆT_NAM tí nào.
4607,"Thành_lập từ năm 1957, không biết_bao_nhiêu thế_hệ ăn đồ bẩn ròi"
4608,"Quá chán. Nghe chán lắm í. Chipu đã thành_công trong các lĩnh_vực kia thì chỉ nên thế thôi. Sang âm_nhạc để làm gì để có cái MV như thế_này. Rồi thêm vụ "" nâng ngực "". Ngày_xưa tự_tin khoe lép. Pttm không sao nhưng thấy thích Chipu ngày_xưa. Azzzz"
4609,những hình xăm trên những ngon tay của st giống_hệt những hìh xăm trên nhung ngon tay của GD
4610,"- Lời bài hát vô_nghĩa - MV cũng vô_nghĩa - Giọng hát bt, non và nói thật là không hay. Klq nhưng em đóng film cũng gượng_gạo nữa. Chị nghĩ em nên chuyên_tâm làm hot girl, người_mẫu quảng cái thì hơn."
4611,TÔI lạy Nhạc ám_ảnh. Thảm_hoạ âm_nhạc. Lên show mình đẹp zai chứ hát như đấm vào tai... Lạy.
4612,Tuy mình chẳng có ý gì đâu nhưng mình nghĩ Chipu không nên hát cho lắm! Chỉ là ý_kiến cá_nhân thôi nhé
4613,"Gần tết 2022 :pháo_sáng: rồi, 5 năm trôi qua nhanh thật"
4614,con 4tr luot xem hà tung oi sky oii rah zo koii nhiu zo jk SKY vai ngay nua hà. :dấu_hôn: :vỗ_tay: :vỗ_tay: :vỗ_tay: :thích: :trái_tim_mũi_tên: :trái_tim_lớn_dần: :trái_tim_lấp_lánh: :trái_tim_ruy_băng: :hai_trái_tim: :vỗ_tay:0 :vỗ_tay:1 :vỗ_tay:2 :vỗ_tay:3 :vỗ_tay:4 :vỗ_tay:5 :vỗ_tay:6 :vỗ_tay:7 :vỗ_tay:8 :vỗ_tay:9 :vỗ_tay:0 :vỗ_tay:1
4615,"Darling nhà Hùng_Huỳnh qua ủng_hộ MV mới của anh Quí đây ak, chúc anh gặt hát nhiều thành_công sau lần trở_lại này :trái_tim_đỏ:"
4616,nếu đàm vĩnh_hưng là ông hoàng nhạc việt thì sơn tùng là ông hoàng nhạc trẻ việt
4617,xin_lỗi vì không_thể nghe hết. nhưng_mà khúc trên mây cứ tưởng phim tôn ngộ không hồi đó = ) )
4618,"Cần hit thì nên đầu_tư vào âm_nhạc, lời, giai_điệu hơn, mv đẹp lung_linh nhưng phần nhạc quá chán. và chắc_chắn là nên hợp_tác với nhạc_sĩ Việt ấy, bài hát do mấy ông Hàn sáng_tác nhảm lắm. thề. có sự thất_vọng Không hề nhẹ"
4619,"Mẹ tôi thường nói tôi nên bỏ chơi xoay bút, và lúc tôi đang tranh_cãi với mẹ thì em hàng_xóm mở vid quay bút ghép nhạc này vào. Và tôi đã bỏ chơi xoay bút và tập_trung học_hành và giỏi hơn. Cảm_ơn"
4620,Người ta hát có không không không cở nào thì cũng thấy hay còn con chipu thì khỏi nói sỉ_nhục con gà luôn mà
4621,sao lại thấy cái lũ không thích theo phong phong_trào là sao bộ tụi bây nốn lừng nê sao
4622,không cần ra thỳ em cũng thuộc lời rồi mấy bác ạ phong_cách sáng_tác của st là lặp_đi_lặp_lại câu tựa đề thêm mấy câu ú_ớ :đau_khổ: :đau_khổ: :cười_đỏ_má: :cười_đỏ_má: :cười_đỏ_má: :cười_toe_toét: :cười_toe_toét: :cười_tươi_mắt_to:
4623,hỏi chuyện tý phút 3: 46 trên tay Sếp_Tùng là TIM à?
4624,sai quá sai.. bắt_đầu đã sai rồi chi pu ơi.. sai ở đây là sai ở chổ không biết chọn bài hát.. giọng chi pu cũng ổn.. chỉ có_điều bài hát không hay thôi.. mong chi pu lần sau hãy lựa_chọn kỹ bài hát...
4625,"Ai là Sky thì khuyên chân_thành không nên thích mấy cmt chúc ST thành_công nhé, đá đểu đó không phải chúc thật đâu."
4626,Sky bớt xồn lại đi Bỏ ra 5 phút không cuồng MTP ngồi xem thử We don ' tôi talk anymore coi thử giống không... Sự_thật đã rành_rành rồi. Đừng tự phủ_nhận nữa: ) )
4627,từ giờ đến Tết chúng_ta cố_gắng để được 100tr lượt xem nhé.... cố lên cộng_đồng Sky :cơ_bắp: :cơ_bắp: :cơ_bắp: :cơ_bắp:
4628,"Con_Số ấn_tượng đã kích_thích tính tò_mò rồi: ) nhưng công_nhận người khác xa với những ca_sỹ khác, ca_sỹ khác người dập khuôn, xem. 2 lần đã chán, còn ông này cứ nghiện nghiện: )"
4629,Chúng_ta không thuộc về nhau đã thống_lĩnh BXH Nhaccuatui! Yepp
4630,"Không cần biết nhạc anh sao, nhưng lượt xem anh cao hơn bài hát của anh Ali luôn, trong khi bình_luận bên video anh Ali toàn khen hay, mà 3 tháng rồi lượt xem vẫn thấp hơn bài hát của anh. Nên quan_trọng mấy đứa chê anh vẫn nghe nhạc anh, nên ngày nào lượt xem cũng tăng: ) )"
4631,Hay: ) ) Tuyệt_Vời.. Beat_Hay_Lời_Hay Nội_dung hay: ) )
4632,chị ơi kệ ngta mình cứ cố_gắng là được.. chứ ai biết trc được điều kì_diệu sẽ xảy ra?? giống anh_sơn tùng đó lần đầu có nhìu anti nhưg giờ anh ý đã khẳg định được năng_lực của mình cho tất_cả mọi người đều nhìn thấy.. vì_thế chị đừng nản_lòng hãy cố lên chị nhé... fighting
4633,Lần đầu thấy MV có lượt không thích nhiều hơn lượt thích. Nhưng bài này hay đấy. Fighting_Chi_Pu
4634,diễn_viên nữ chính xấu quá nếu là chị Chipu thì đẹp
4635,Mình thấy hay mà. Sao mọi người lại phản_đối vậy Chị yk làm được như_vầy là tốt lắm rồi
4636,Ngừng so_sánh lượt xem Chúng_ta với We don ' tôi được rồi nhé: vậy cái kia lên hơn nửa tỉ rồi đồ ngốc hì_hì
4637,Ước gì mấy bạn anti fan bớt làm anh Tùng nổi_tiếng hơn nhỉ. Cám_ơn nhé :mặt_ranh_mãnh: :mặt_ranh_mãnh:
4638,HERO TEAM rap hay quá vỗ_tay mà gặp HERO TEAM là phải :trái_tim_lấp_lánh: :trái_tim_lấp_lánh: :trái_tim_lấp_lánh: :trái_tim_lấp_lánh: :trái_tim_lấp_lánh: :trái_tim_lấp_lánh: :trái_tim_lấp_lánh: :trái_tim_lấp_lánh: :trái_tim_lấp_lánh: và :thích: :trái_tim_lấp_lánh:0 :trái_tim_lấp_lánh:1 :trái_tim_lấp_lánh:2 :trái_tim_lấp_lánh:3 :trái_tim_lấp_lánh:4 :trái_tim_lấp_lánh:5 :trái_tim_lấp_lánh:6 :trái_tim_lấp_lánh:7 nhé mọi người
4639,Dau tien nghe không thay hay nghe hoai đâm_ra nghiện
4640,Chị biến mất chước người ta như sior đi chị ơi
4641,Khúc 2: 35 chị nhảy kế anh tùng có đùi màu cam giống chị mới diễn xong í
4642,tokyo ghoul + out last + Sơn_Tùng_Ôm_GD =...
4643,"Lượt thích luôn_luôn nhiều hơn lược không thích vì fan ST mãi nhiều hơn antifan, mãi ủng_hộ anh ST MTP"
4644,Giai_điệu và giọng hát cũng không tệ. nhưng lời không hiểu rõ cho lắm hơi lộn_xộn
4645,Có ai nhảy từ kia qua đây không tập_trung cày MV CCYLĐ nhé :lửa: :lửa: :lửa: :cầu_vồng: :cầu_vồng:
4646,"Anh Tùng mặc_kệ mấy bạn kia nói gì nhé, đừng để_bụng những người chỉ biết soi_mói người khác, em biết anh đã rất cố_gắng, em không quan_tâm những chuyện họ nói, anh hãy lạc_quan lên nhé, hãy biết một điều là không_chỉ có những người chửi_bới soi_mói anh mà_còn có những người ủng_hộ anh hết_mình"
4647,"Lúc đầu nghe thì thấy giống ' We don ' tôi talk anymore ' thật, nhưng càng nghe thì thấy có giống đâu!!"
4648,chị simmy ngầu lòi quá với_lại lần này chị rap hay hơn rồi :cười_đỏ_má: :cười_đỏ_má: :cười_đỏ_má: :cười_đỏ_má: :cười_đỏ_má:
4649,Theo Thống_kê của tôi gần đây thì. 9 ngày được 2tr lượt lượt xem
4650,truoc cay ctktvn nhung sau khi nghe bbbb thi_ca lop tôi chuyen qua cay bbbb nay va luon. may lop ke ben cung vay. moi nguoi cung vay nhé: - )
4651,Mọi người đừng xem hết Mv nó tăng lượt xem đấy. Nếu mb muốn coi thì vặn loa < 50 % nếu cái khúc đó không quan_trọng thì bấm tua là nó không tăng lượt xem. Còn mà bật loa > 50 % không tua đi_tua lại nói_chung là coi hết mà không dừng lại là nó tăng đó.
4652,Chúng_ta không thuộc về nhau hết nữa bài :cười_toát_mồ_hôi:
4653,. Cày đi 9triệu anh_em Sky ơiiiii!!! Sắp ra Lạc_Trôi và Bống2 Bang2 sắp đuổi kịp rồi đoáaaa
4654,"có 1 cái ngộ của đa_số người Việt là tin_tưởng mấy KOL, KOC.. khi sử_dụng mỹ_phẩm, thực_phẩm.. đến khi "" bể bóng "" thì quay ra chửi_rủa, bốc phốt này_nọ. Ngu thì cook thôi chứ sao không đổ lỗi cho chính mình đi?"
4655,em sẽ có 1 bài hát nhưng_mà nó là bài trẻ_con :buồn_nhẹ:
4656,Thấy chị chi pu hát hay mà mọi người sao nói không hay
4657,1 tháng sau lên nổi 100tr lượt xem không ta: ) ) )
4658,Trong lớp mình không ai thích mtp nhưng mình vẫn thích mtp
4659,Hay quá chipu ơi. Đừng để_ý với mấy người hùa làm gì chỉ mất thời_gian thi
4660,Hài nhất đoạn anh Tùng sơn chân của chị kia!
4661,bạn thật tuyệt_vời khi giúp tôi nhận ra 3 phút 15 giây vừa_qua chính là khoảng thời_gian lãng_phí nhất cuộc_đời tôi
4662,Nghe nhạc Sơn_Tùng mãi không chán. Nhạc khác nghe đơn_điệu vài lần là chán
4663,Mình đã ấn không thích :cười_ra_nước_mắt: thật_sự càng ra càng_ngày_càng nhảm_nhí
4664,Sky chán rồi à cố_gắng cày đi nhé mọi người nói quá_trời kìa
4665,"UI zời ơi, đều là con_người hết mà, giống thì có gì lạ đâu THế_giới có hơn 10 tỉ người mà làm như là có vài trăm í."
4666,Không dám nói là đạo nhac hùng điệp_khúc giống như bài Gasoline
4667,được vinh_hạnh nhiều bạn so_sánh với mv tầm_cỡ quốc_tế thế_này thì Tùng hơi bị thành_công lắm nhé!!! :cười_đỏ_má: :cười_đỏ_má: :cười_đỏ_má:
4668,bài này hay phết đấy chứ sao các bạn không thích nhiều thế = ) ) )
4669,"Bài hát chỉ người chơi mới biết được. Còn ae không có chơi sao biết được trong bài hát người ta nói gì, nó có thể_hiện cách đánh như_thế_nào nhé các bạn. Nên tìm_hiểu kỹ chút hả chê hoặc khen."
4670,"tôi là 1 sky của MÀY - TP tôi cũng thích nghe we don ' tôi talk anymore và tôi thấy 2 bài quả_thật là giống nhau tuy_nhiên tôi vẫn thích MÀY - TP tôi cũng quê Thái_Bình và tôi mong MÀY - TP sẽ vượt qua scandal này có những sáng_tác hay hơn, không mắc lại những sai_lầm lần này"
4671,Bâyh ms chú_ý lượt không thích bên này còn nhiều hơn lạc trôi
4672,không biết cô ngân và mamixi ai là trùm ung_thư âhahahah
4673,may quá mày chưa ăn hộp nào :cười_toát_mồ_hôi: vì thấy đồ_hộp chưa bao_giờ ngon
4674,Hay quá hero team ai cũng rap hay nghe quài không cán :mắt_trái_tim: :hôn_gió: :hôn_gió: :hôn_gió: :mắt_trái_tim:
4675,Nếu em nhớ không nhầm thì anh Siro từng nói trong một videos packour kể chuyện là không chơi free fire mà bây_giờ em cũng biết là không chs free fire là gì nếu anh không làm được thì đừng hứa nhé anh Siro
4676,Đang ẻ không ra nghe xong bài này em phọt mẹ cứt ra ngoài luôn EM CHỊ. ON: )
4677,Nghe cái này mà gửi cho bạn thân đang thất_tình là dắt bạn thân nó cười lắm đó cười ngược đầu mới đúng chứ :le_lưỡi: :lăn_ra_cười: :trái_đất_châu_mỹ: :mặt_lộn_ngược:
4678,"mình nghe bài we don ' tôi talk anymore của charlie trên youtube mà mấy bạn Việt_Nam mình ( có sky, có anti, có đủ thứ,... ) mấy bạn làm gì bên ấy mà sao người nước_ngoài chửi người VIỆT_NAM mình quá_trời vậy?"
4679,Anh đang nơi đâu - Miu_Lê_Where are you now - Justin_Bieber_Chúng ta không thuộc về nhau - Sơn tường We dont talk with animal...
4680,"Tôi đã hiểu cái lượng không thích nó khủng_khiếp thế. Không xét về mặt chất giọng thì cái MV không có gì hấp_dẫn, nhắng_nhít chỉ thích_hợp làm hot girl thôi! Giọng yếu mỏng, lại còn cố vuốt cái chữ cuối.... Thực_sự cái làng nhạc Việt chuẩn_bị như cái chợ cmnr!: ("
4681,mặc_dù còn việc học_hành nhưng tôi vẫn xem video này khoảng 200 lần / 1 ngày
4682,"Gửi mấy mẹ có ý_định soi và cmt, không thích có quyền soi xong rồi im_lặng, còn thích chửi thì cứ qua facebook ý, lên tường mà chửi thoải_mái nhé. Việc_gì không thích mà cứ vào xem rồi nói nhỉ, cũng 1 vấn_đề mà ai cũng nói thì xàm lắm đấy, vài lần được rồi. Tôi không phải sky nhưng cũng không thuộc dạng anti, là người đứng ngoài để_ý_kiến thôi, vào xem we don ' tôi talk anymore mà thấy mấy thánh việt_nam qua mách thì tôi cũng sợ luôn ý. Làm_ơn có anti thì văn_hoá giúp với nhé: - )"
4683,"- thấy có vấn_đề gì đâu nhỉ, nghe dễ_thương mà!! mấy mẹ cứ làm quá!!!"
4684,Anh mr vịt rap hay thế. phải gọ hỏi thôi
4685,"thật_sự chả thấy chỗ nào gọi là thảm_hoạ cả, bà đầu vậy là ok"
4686,sao anh dám hát bài này vậy anh ơi = ) ) ) ) ) ) ) ) ) ) ) )
4687,Hay qá Tùng ơi.. em pi nghiện rồi.. yêu anh my idol
4688,Nhanh vậy. Mình 2 k 3. Mới thời nào diễn 5s online mình còn xem. Giờ đã làm ca_sĩ rồi. Hơi bị bất_ngờ ) ) )
4689,không thích chỉ để chứng_tỏ Chi nổi_tiếng như_thế_nào thoy. toàn tự đi dìm ca_sĩ của nước mình. bọn.... * ngán cho mấy chú vãi nồi *
4690,mí cái đứa điên nước_ngoài nghe được nghe bay vô đây xông_xáo dữ
4691,"Nghe bài này mà tôi thấy khâm_phục, không phải vì hay, mà vì dám phát_hành."
4692,2: 29 có ai thấy người_mẫu thay dép_lê như tôi không :cười_toe_toét: :cười_toe_toét: :cười_toe_toét:
4693,"Charlie puth là sao quốc_tế mà nếu lượt lượt xem mà thấp hơn ST thì Sơn_Tùng lên làm_sao quốc_tế luôn là vừa. Cá_nhân tự thấy bài này không có gì giống với We_Don ' tôi Talk_Anymore mà chỉ thấy hay thôi, càng nghe càng thấm. KLQ: mình không phải fan mà mình chỉ yêu thích âm_nhạc thôi"
4694,1 nghề cho chính còn hơn chính nghề tập_trung 1 mảng là được rồi treo cao té đau thôi nhưng_mà cũng chúc chibu thành_công
4695,"1. Giọng hát thì miễn bàn nhé ( người ta bàn mấy ngày nay nhiều rồi ) 2. Vũ_đạo thì y_như là đang trả nợ, nhảy như trả_bài vậy đó, mắt mình chỉ tập_trung vào mấy chị vũ_công phía sau, dạng như thuộc bài rồi làm thôi chứ chẳng chút gì thuần_thục cả 3. Chất_lượng MV có giống HQ đấy như vẫn còn ở một giới_hạn khác, xa lắm mới chạm tới đẳng_cấp làm MV của HQ 4. Một_số hình_ảnh trong MV rất giống với các MV của nhiều ca_sĩ, idol từ nước_ngoài. Cái hình trái_đất lúc đầu tưởng đang xem MV của Black_Pink 5. Có cảm_giác MV này lấy cảm_hứng từ MV Gashina của Sunmi, từ diễn_xuất khùng_khùng cho đến trang_phục, rất giống = > Không phải sự_cố gắng nào cũng đem đến thành_công, có nhiều chuyện mình chỉ cần cố_gắng là sẽ được, tuy_nhiên có những việc mình cố_gắng thôi chưa đủ. KHÔNG ai quan_tâm mình cố_gắng như nào, người ta chỉ nhìn vào kết_quả và biết bạn đã cố_gắng như nào thôi. Kết_quả không tốt mà bảo: "" Tôi đã rất cố_gắng "". Đó là biện_minh, là khoả_lấp khuyết_điểm. Lượng không thích sẽ tăng đều theo cấp_số_cộng, thậm_chí là cấp_số nhân, và mình đã để lại 1 cái. Hãy tìm hướng khác phù_hợp hơn là bắt người ta phải chấp_nhận khuyết_điểm của mình. Như đấm vào tai."
4696,mấy bạn đừng ghen tỵ với tài_năng của sơn tùng... bỏ mặc mấy câu nói vớ_vẩn đó ĐI st tuy tôi không phải là fan của cậu nhưng lần đầu_tiên tôi nhạc của cậu rất là phong_cách
4697,sky ơi tôi mún thấy những nút thích của bạn
4698,lí_do lượt lượt xem nó tăng = > > dính quá nhiều mv khác nhất_là của 5 con hót gơn với 7 thằng tăng động nhà mị nên chúng_nó vô coi + không thích > > > tăng lượt xem :cười_ra_nước_mắt: :cười_ra_nước_mắt: :cười_ra_nước_mắt: :cười_ra_nước_mắt: à mà đừng có rap nữa nghe như thánh đọc thơ ấy :cười_ra_nước_mắt: :cười_ra_nước_mắt: :cười_ra_nước_mắt:
4699,Chị thử nhiều lĩnh_vực rồi.. chắc chị cũng rút ra được cho mình cái nào hợp.... đừng cố đầu_tư vào âm_nhạc chị ạ... chỉ thêm mất hình_tượng thôi
4700,"Mv đẹp, người hát đẹp nhưg giai_điệu bài hát không hay và giọng người hát cũng vậy. Chi pu chỉ nên làm một hot girl"
4701,- FAN HƠN 7 NĂM... TỪ KHI CƠN MƯA NGANG QUA...
4702,19 / 20 / 2016 73. 769. 675 lượt xem Cao nhất Việt_Nam rùi: ) ) ) )
4703,mọi người đã từng nge nếu đã yêu 1 người thì hãy yêu tất những cái xấu của họ: ): *
4704,Tôi hát muốn văng nước_miếng tôi rap được cô ngân meo simmy
4705,"Chi pu hát nhàm quá!!! Các bạn chỉ lắng_nghe nhạc chứ không tập_trung vào giọng hát của chipu!!! Nói thật giọng này còn qua chỉnh_sửa rất nhiều mới được như_vậy đấy!! Mình thấy ý_kiến của HT nói rất đúng, mình không ủng_hộ chipu làm ca_sĩ ( khẳng_định lại lần cuối: chipu chỉ có đam_mê chứ không có có tố_chất để trở_thành ca_sĩ )"
4706,Mặc_kệ dư_luận. chúng_ta hãy đạp_đổ nó. Đừng quên anh có chúng_tôi.
4707,17tr lượt xem max nhanh Piano ' s ♫ ♫ ♫ ♫ ♫ chúc Mtp successful
4708,"tôi đã nổ lực hết_mình, cày hôm_qua giờ... cuối_cùng mv cũng được 100m lượt xem. Chuẫn bị qua lạc trôi thôi mọi người ơiiii"
4709,Vũ_đạo cả bài hát đều tệ. Nhưng đầu_tư trang_phục chất. :dấu_chiến_thắng: 🏻 ️
4710,nghe xong mà tôi thấy bài này còn thảm_hoạ hơn titanic..... Cũng cảm_ơn tác_giả đã cho một trải_nghiệm rửa tai sạch nhất
4711,bằng tuổi với justin biber nhừng lượt xem thì thua nhiều hả Sky
4712,"EM cảm_thấy bài này không phải dở, mà là chị hát không có cảm_xúc và giọng chị không nổi_bật cho bài hát chị ạ."
4713,"Nói thật thì CP hát cũng được nhưng có_lẽ lỗi ở phần lời hát chăng? Không hiểu gì hết, âm_thanh như kiểu giọng robot ấy, cứ thấy sao sao = ) ) )"
4714,"TÔI chưa nghe bài này lần nào, nhưng khi thấy cộng_đồng mạng chê_bai quá nhiều thì tôi đã vào nghe thử và giờ tôi thấy cộng_đồng mạng đã đúng: ) )"
4715,Gần 1 năm rồi còn ai coi bài này không = ) ) ) )
4716,cứ thế_này thì saq nam ms 100 trời á nhỉ... bbbb no 88tr mí rui kia... sky cố lên :cơ_bắp: :cơ_bắp: :cơ_bắp:
4717,Mv rất Perfect nhưng bài hát không thật_sự suất sắc. We don ' tôi talk anymore nghe đã hơn
4718,"giọng hát của em hợp với nhạc acoustic nhẹ_nhàng chi anh, giọng hát hay chỉ là không đi đúng thể_loại của mình thôi, cố lên em"
4719,vedeo có số không thích gần phân_nửa số thích: vậy
4720,"đang phê nghe nhạc, mà tới khúc TRÀ XANH KHÔNG ĐỘ là tụt cảm_xúc híc......"
4721,"Giai_điệu hay mà, nhưng lời thì hơi tệ ý_kiến cá_nhân. Òh oh oh oh òh quài luôn á."
4722,Tùng ơi có bản dance practice không up đuy anh mún xem anh nhảy lắm. Lun ủng_hộ anh
4723,""" Một lời chỉ_trích bất công thường là những lời ca_ngợi bị biến_hình vì ghen_tị. Hãy nhớ không ai thèm soi_mói một kẻ tầm_thường "" - Dale_Carnegie -"
4724,Thôi anti cứ xem rồi nói đi nhé = ) ) ) ) ) Tăng lượt xem đi anti = ) ) )
4725,Anh có tài_năng đấy giấu mẹ nó đi anh ơi
4726,"Quá hay, anh hãy làm rap về free tree nữa đi_anh"
4727,Sau bài hát này ST đã có thêm rất rất nhiều fan nước_ngoài... về khoản không thích và anti = ) )
4728,tất_cả đều tựa hàn_quốc mọi người không quen ta lần nghe dần lại theo su hướng lạ
4729,Cô ngân hãy quá :le_lưỡi_nhắm_mắt: mình thấy cô ngân rồi hay hơn simmi
4730,Bài này mình hay nghe mà vẫn chưa thấy chán
4731,"Hay, Ấn_tượng nhất là khúc đầu và khúc sẽ sẽ mãi luôn kiếm tìm Hay mà không thích toàn là theo phong_trào"
4732,"ChiPu mới làm nghề ca_sĩ, có_thể chưa bằng người khác nhưng thế_là hay lắm rồi :cười_đỏ_má: :cười_đỏ_má:"
4733,Ngày 15 tháng 12 năm 2020 còn ai xem không
4734,Cảm_ơn anh bây_giờ tôi càng có lý_do không thích bộ_môn này: ) )
4735,huỷ_hoại thính rác cục rác siêu to fai fai
4736,"tđn we dont talk any more hơn 17tr lượt veiw, xếp chưa tới 16tr lượt xem kà tđn Đờ mờ Đờ mờ > <"
4737,hay quá anh ơi < 3 cố gắg đạo nhạc tiếp nhé anh: ) ) ) ) mãi yêu
4738,Yêu_Sếp quá! Sky ơi!!!!! Say oh yeah!
4739,Ngày cuối 2019. Từ hôm_nay sẽ cố_gắng hơn = ) ) )
4740,"Anh hẹn em Pickleball :bóng_bàn: :ngôi_sao_lấp_lánh: Ta vờn nhau Pickleball :tiệc: :trái_tim_lấp_lánh: Tay_vợt bên dưới hông :bóng_ném: ‍ :nam_giới: ️ :giày_thể_thao: Anh đập banh, đập banh :nổ: :ngôi_sao_lấp_lánh:0 :ngôi_sao_lấp_lánh:1 :ngôi_sao_lấp_lánh:2 :ngôi_sao_lấp_lánh:3 Đến em mạnh vào :ngôi_sao_lấp_lánh:4 :ngôi_sao_lấp_lánh:5 Ta chỉ chơi Pickleball :ngôi_sao_lấp_lánh:6 :ngôi_sao_lấp_lánh:7 Không nên vượt mức Pickleball :ngôi_sao_lấp_lánh:8 :ngôi_sao_lấp_lánh:9 Đưa vợt anh tiếp banh :tiệc:0 :tiệc:1 High and low :tiệc:2 :tiệc:3 Từ thấp đến trên cao :tiệc:4 :tiệc:5 Ta chỉ gặp chơi Pickleball. :tiệc:6 :tiệc:7"
4741,Hay gê á :mắt_trái_tim: :mắt_trái_tim: mọi người không thích thì đừng vào nghe rồi chửi nhé. Dù có chửi gì thì Chi_Pu vẫn sẽ nổi_tiếng hơn thôi
4742,Hay quá luôn á mà lần này chị sammy hát hay bằng chị sim với cô ngân luôn và chị hà thảo linh củng hát hay nửa 4 người xinh_đẹp hát hay nửa Woa
4743,Mới lấn vào ca_sĩ vậy là hay rồi Chi ơi: ) ) )
4744,có ai từ mv có chắc yêu là đây tới đây khôngg
4745,Tôi thấy mèo simmy và cô ngân ráp hay quá_trời lun
4746,"Mọi người khó_tính quá, dù_sao đây cũng là sản_phẩm đầu_tay của cô ấy. Nếu chưa được thì nên góp_ý chân_thành để lần sau làm tốt hơn. Cố lên cô gái!"
4747,"99. 839. 860 lượt xem lúc 8h42p ngày 19 / 2 / 2017, còn 1 tí nữa thôi là 100M rồi, nốt ngày hôm_nay đưa ctktvn lên nhé mọi người"
4748,bài hát thì hay rồi ạ. không còn gì để chê nhưng cái mv như cl chả ra cái qué gì
4749,Đờ mờ hát còn thua mấy con dịch_vụ karaoke: ) )
4750,Lúc đầu cũng không định không thích bài này đâu vì mv được đầu_tư khá kĩ và giọng hát của Chi_Pu cũng không phải là tệ. Nhưng không thích là vì đây là “ đồ nhái ”! Hoàn_toàn giống với nhạc của người khác! http: / / mày. soha. việt_nam / ca - khuc - moi - cua - chi - pu - dan - mang - tim - ra - nhieu - bat - thuong - nghi - dao - nhac - tu - usuk - toi - kpop - 20171012112237367. htm
4751,we don ' tôi talk anymore ( trans ) = chúng_ta không thuộc về nhau = ) ) )
4752,mình có 1thói quen xem Mv của tùng núi là không thích: ) )
4753,"Chị xinh như thiên_thần vậy, mê chết rùi :cười_với_trái_tim: :cười_với_trái_tim: :cười_với_trái_tim: :cười_với_trái_tim: :dấu_hôn:"
4754,nhạc_sĩ việt_nam giờ viết bài hát chỉ đúng 6 7 câu là thành 1 bài hát. ảo vãi cả lúa :lăn_ra_cười: :lăn_ra_cười: :lăn_ra_cười:
4755,Cố cày chúng_ta của tương_lai của Sơn_Tùng_MTP nhé ae vì bài này là bài cuối_cùng của Sơn_Tùng_MTP rồi: ( ( (
4756,"thu tre trau toan dao nhac nguoi ta không, do suu nhi tre trau vãi cả lúa"
4757,Chị hát hay nhưng cái mv không phát_triển no mang ts cho Bài hat hay_hay no làm hài của chị ik xuống lun... EM không phát_triển cái mv no s lun kì kì á được khúc chị nhảy la ok à chị
4758,đúng như giang hô đồn. bọn sky toàn trẻ trâu sửu nhi. mà sửu nhi thì không_thể cải lại được. bái_phục
4759,Sam rap ít thế sao ai cũng rap đoạn riệng trừ sammy vậy bất_công quá
4760,Thấy unlike là đủ hiểu anti cũng thức hóng ^ ^
4761,bây_giờ ms biết chúg ta không € về nhau là we don ' tôi talk anymore :cười_ra_nước_mắt: :cười_ra_nước_mắt: :cười_ra_nước_mắt: :cười_ra_nước_mắt: :mặt_chán: :mặt_chán: :mặt_chán: :mặt_chán:
4762,Ghen_ăn_tức_ở muôn_đời nát đó máy mẹ thấy người này ghét cái ghét theo người việt_nam mà sao khắc khe ích_kỉ thế ước_mơ của mỏi người mà ngộ tôi thấy không gì ghét chipu toàn lủ hùa: ) )
4763,"Nhanh thật vỗ_tay vỗ, tay vỗ_tay, vẫn là vỗ_tay vỗ chúc_mừng mà là vỗ_tay thật_sự"
4764,dù bị soi_mói nhưng phải khẳng_định bài hát rat hay....
4765,mv này chắc tùng bỏ ra khá nhiều công_sức lắm
4766,"Trời tôi thấy hay mà ta. Không thích nhiều quá vậy? Người ta cũng hát hay chứ bộ đâu phải hát dở tệ đâu. MV vừa đầu_tư, chị thì đẹp vậy thì cớ gì mà không thích? Bó_tay mấy bạn không thích :không_thích: Mà người ta cũng bỏ ra nhiều thời_gian và sự_cố gắng của mình chứ bộ."
4767,"tôi sinh ra đã là 1 đứa bé liệt toàn_thân, nhưng khi nghe xong bài hát này người tôi như có một nguồn năng_lượng chảy qua vậy. tôi đã đứng dậy để đi_tắt bài hát này và sau đó tự_sát"
4768,có lần nào chị sammy qua nhà em chơi nhé
4769,"Người ta làm ra sản_phẩm âm_nhạc để nghe, Không nghe thì thôi còn vô bình_luận thiếu văn_hoá, cũng đến chịu người Việt mình."
4770,Hay quá Tùng ơi cố lên anh nhé thương anh bài hát hay lắm
4771,"mới 1 ngày mà tăng tận 3tr lượt xem, ác_liệt > <"
4772,không thích nhiều cũng là quan_tâm MV của ST rồi. KHÔNG vào xem và nghe thì lấy gì chê. hahaha Nhìu ca_sĩ muốn có anti kiểu vậy không dễ_anh
4773,cứ nghe như thế_này thì khổ_thân Sơn_Tùng
4774,Nghe hồi lúc mới bước lên Sài_Gòn. bây_giờ đã 5 năm rồi nhanh thật
4775,anh ấy có tài_năng nhưng anh ấy lại phủ_nhận viec anh ấy học hoi người # toi không ưa nên không thích
4776,Gaoòo lượt xem và lượt bỏ thích đúng là số 1 VIỆT_NAM cmnr
4777,Thì_ra đây là bản copy của we don ' tôi talk anymore
4778,". mbạn muốn chửi hay không thích dì á thì ở trang này là được rồi mắc quầnquè dì qua Charlie_Puth - We_Don ' tôi Talk_Anymore của ngta la_làng vậy hả? điểm_danh nửa chứ, thích làm vietnam mắt mặc lắm hả? bên đó toàn Fan quốc_tế không đó ai có cmt bên đó thì làm_ơn xoá dùm cái."
4779,không biết @ Rikaki_Gaming là hokage đệ_tứ hay đệ tam hay đệ bét
4780,hay mà mày. người sao chê hoài vậy mình không phải fan hay gì nhưng mình chi pu hát được
4781,chuẩn cmnr đoạn @ 1: 41 giống_hệt đoạn rap của Rapmonster trong Fire của BTS. Đến cạn_lời luôn
4782,We don ' tôi talk any more đã đưa tôi tới đây: ) ) cố lên không thích sắp được 200k rồi
4783,"Anh hẹn em Pickleball_Ta vờn nhau Pickleball_Tay vợt bên dưới hông Anh đập banh, đập banh Đến em mạnh vào Ta chỉ chơi Pickleball Không nên vượt mức Pickleball_Đưa vợt anh tiếp banh High and low Từ thấp đến trên cao Ta chỉ gặp chơi Pickleball."
4784,bài hát hay như_vậy mà sao nhiều không thích dữ
4785,Fun fact: Đây vẫn là bài bị fan ST ghẻ_lạnh nhất
4786,"Chị CHIPU hát đâu có tệ lắm đâu. MV lúc đầu thì hơi dở nhưng lúc sau thì lại chất. Dù gì cũng là MV đầu_tay, sao nhiều người làm quá thế nhờ?"
4787,chung ta không can gia mao chung ta không ve gia
4788,Nobody_GV: Ước_mơ của em là gì Thôi ngu nào đó chơi ff: dạ là trở_thành hokage của làng fReE fIrE
4789,- phải nói thật là phiêu = ] ] nghe đến lần thứ 4 mới thấy hay = ] ]
4790,Tài_năng này anh tự nghe đi ạ. Bọn này lo cần đau_đầu :cười_toát_mồ_hôi: :cười_toát_mồ_hôi: :cười_toát_mồ_hôi:
4791,Tuyệt_vời... nghiền bài này... 1ngay xem hàng trăm lần mà không thấy chán..
4792,Mình không phải Fan chú này nhưng công_nhận chú này có nhiều bài giai_điệu hay thật. Còn giọng hát thì không có ấn_tượng lắm.
4793,Chi pu tài_năng thật mà. Nhưng chốt lại là hát như lồn
4794,Lúc đầu còn thấy bực_mình khi đọc bài báo nói về việc Hương_Tràm đăng stt. Nhưng nghe xong thì thấy HT nói cũng có_lí.
4795,Con nghe nhiều quá đã làm mẹ thành con_nghiện
4796,Fan_Hương_Tràm chúc_mừng MV mới của chi pu. Dis thích nhìu hơn thích... < 3
4797,"Yêu_Tùng :trái_tim_đỏ: ️ :trái_tim_đỏ: ️ :trái_tim_đỏ: ️ :trái_tim_đỏ: ️ :trái_tim_đỏ: ️ ️0 ️1 ️2 ️3 ️4 ️5 ️6 ️7 ️8 ️9 cứ kệ tụi anti, Tùng cứ tập_trung sáng_tác ra những tác_phẩm tuyệt_vời như thế_này là được rồi :trái_tim_đỏ:0 :trái_tim_đỏ:1 :trái_tim_đỏ:2"
4798,Ca_sĩ giỏi khoe giọng hát hay chứ không phải MV đẹp: ) ) )
4799,03 / 08 / 2016 Chúng_Ta Không_Thuộc_Về_Nhau. 20 / 12 / 2020 Chúng_Ta Của Hiện_Tại. SonTung_MTP_NO. 1
4800,"* _ Mv này cũng khá hay mà các men, lần đầu ấy của người ta thế là tốt lắm rồi. Nhưng_mà cơ_bản là thích chi pu lâu rồi hehe :mặt_chó: :mặt_chó: :mặt_chó: _ *"
4801,tôi ngóng từ cái lượt xem từng nút sub của ông sếp nhà tôi mà mừng.. ctktvn bị đã rời bỏ bảng xếp_hạng rồi... Y vậy Y
4802,Anh ngon quá em muốn anh đi vào nhà_nghỉ :khách_sạn: anh :cờ_đen: 󠁧 󠁢 󠁥 󠁮 󠁧 󠁿 có rảnh hay không :cười_ra_nước_mắt: :thèm_ăn:
4803,"Tùng đừg nghe nhữg lời của mấy người đó, mà hãy cố gắg trên đườg đời của Tùng, đườg đời của Tùng con gặp nhìu khó_khăn. Sky vẫn luôn ũg hộ Tùng, Sky vẫn ở sau lưg Tùng ũg hộ Anh. Yêu_Anh_Chàng_Trai Thái_Bình.............. Sky_YÊU_Tùng"
4804,sao mọi người cứ phải không thích thế nhỉ không hay thì cũng đã xem 1 lần cũng_nên ủng_hộ 1 thích chứ làm gì căng quá: ( mà nếu đã không thích thì đừng có xem và không thích 1 thế_hệ không có sự tôn_trọng
4805,nhap từ_khoá tìm_kiếm xem xong video roi xoá lịch_sử tìm_kiếm.. thoát youtube roi lặp lại nhu tren nhé sky
4806,Bài hát này thật kì_diệu vì thằng bạn em bị què 5 năm sau khi nghe bài này cũng phải đứng dậy để tắt đài đi
4807,không thich xem thi dung xem xem song cu không thích lam ha lam on co y thuc cua con nguoi chut di. may dua dílike da_son la ghanh ti với st
4808,Cày lượt xem thôi nào top 1 ơi đại_chiến rap đến với mày đây
4809,"Xóm tôi có mấy ông bác hay chơi pickleball, thậm_chí còn chiếm sân bóng_chuyền, bóng_rổ để chơi. Từ khi cho mấy ông bác nghe xong, mấy ông ném mẹ vợt vào thùng rác nghỉ chơi luôn."
4810,top 3 rùi kìa cày lượt xem top 1 thôi ae ơi!!!
4811,"tôi thà nghe bài này, nó còn hay hơn cả bài trình"
4812,Cảm_ơn anh đã khiến em từ người bình_thường trở_thành người không nghe được :cười_với_trái_tim:
4813,Dsang hay tự_nhiên cô ngân nói ' hero thành zero ' mà em tự_nhiên thấy gét
4814,Chi làm gì cũng được nhưng xin chi đừng hát!: (
4815,"Thằng lìn này này không hát mà quay cảnh không nhĩ,"
4816,Thích vi nhac hay hinh anh dep chu không pit Dao nhac gì ca
4817,Thật buồn_cười bài hát xamlol nhất của khứa này hài lại là bài nhiều lượt xem nhất của kênh: ) )
4818,do cái tông bài hát nghe nhảm Nhảm thôi chứ cái giọng bt chứ cũng đâu thuộc dạng thảm_hoạ mà lắm đứa nói quá lên vậy. khối ca sỉ rên như vịt đó thôi. kiếm hít bắt tai hát đúng tông nhịp thì cũng nghe như_ai thôi. ca sỉ đâu cần giọng hay xuất_sắc hay đặc biệc. chỉ cần trình_bày tốt 1tác phẩm hay đi vào lòng khán_giả. chỉ cần hát hay mà được làm ca sỉ thì tôi cũng có 1 vé rồi. hì_hì còn đứa nào sáng_tác cái bài nghe mắc oẹ vậy -. -
4819,Em thấy hay mà đâu đến nổi báo_chí rần_rần: vậy hay lắm chớ bộ ghiền rồi nè
4820,Em thấy chị simmy hts hay hơn lần trước ạ
4821,Thời này muốn làm ca_sĩ dễ quá nhỉ: )
4822,Riêng mình thấy giai_điệu bắt tai thôi chứ giọng không hay và nghe chả hiểu gì...
4823,"bài hát thực_sự rất hay, rất bắt tai không hiểu sao mọi người lại chê nó được chị Pu hát cũng rất hay mãi luôn ủng_hộ chị"
4824,coi lần đầu không hay coi lần 2 mê rồi càng coi càng thích ai nói gì họ nói chị sc mà sống s cho vừa_lòng thiên_hạ quan_tâm Chi lời rẻ_tiền chút chị thanh công trong sự_nghiệp yêu chi
4825,"việt_nam toàn bắt_chước nc ngoài, vậy ~. mấy thánh soi quài không biết nhục à, có giỏi đi soi những người khác đi, hay vì tùng nổi_tiếng quá nên muốn dìm hàng, phải không_những con_người tầm_thường."
4826,Chị kamui hát hay quá à và cả anh siro nữa nè
4827,Chẳng phải anti fan hay fan của anh tùng nhưng cũng đăng_nhập vào để thích = ) ) nghe cũng hay mà. bên dưới nhiều cmt của người nước_ngoài thế.: ) )
4828,TÔI đéo hiểu sao chúng_mày lại có_thể khen bài này hay được. Lại còn kêu_gọi người # thích nữa chứ... tai chúng_mày bị viêm hết rồi à? Nó hay chỗ nào chỉ tôi với
4829,MÀY. người thấy cô ngân hát hay_hay simmy hát hay
4830,7 / 7 / 2021 nghe lại bài này vẫn thấy hay như ngày đầu
4831,Nghe thì được ấy chứ. Người Vnam mình không chịu sự thay_đổi không chịu cái mới. Tuy mình thích dòng nhạc diva nhưng cũng mong Chi_Pu sẽ thành_công để văn_hoá việt nó khác đi == ‘
4832,Xinh đấy nhưng giọng và cả lời bài hát quá chán. Bài hát có ý_nghĩa gì vậy
4833,Mấy anh_em đọc mô_tả hộ cái... Chỉ xem rồi phán là TĐN.
4834,đúng la bọn unti ST mtp có khac mồm thì chửi st ma van vao xem mv
4835,Hey! Burn it upp = ) ) ) ) ) ) ) ) ) ) Hey! Từng đêm qua = ) ) ) huhu em không nghĩ đó là sự trùng_hợp
4836,"Cá_nhân em thấy: MV đẹp, Chi_Pu đẹp. Vấn_đề là bài hát quá tệ! Giọng của Chi thì khó nhận_xét vì bài này Chi không khoe giọng được. Thích_Chi đóng phim hơn, nhưng mỗi người đều có tham_vọng riêng được chinh_phục những điều mới. Có người thành_công, có người thất_bại! Điển_hình là Selena_Gomez. Tuy là một fan của Selena, nghe nhạc của Selena, nhưng phải công_nhận một chuyện là Selena hát rất tệ! Hy_vọng lần sau Chi sẽ chọn bài hát phù_hợp với giọng mình hơn, đừng chạy theo thị_trường nữa!"
4837,Mẹ giờ nghe lại cái beat bài này đúng đỉnh mẹ ơi
4838,1: 10 chiếc bông_tai phá vỡ mọi định_luật vật_lý: ' ) ) )
4839,FAN HOKEGA FF điểm_danh đi ALO 2k10 ĐÂU CHIM_SẺ GỌI ĐẠI_BÀNG
4840,Nghe hay mà sao các bạn lại có ác_cảm với Chi pu thế
4841,"hay thì ngek. không thì kím nhạc gì hay hơn để ngek 1 nguoi không gét nguoi ta, họ sẽ không khó tíh khi ngek nhac nhu anti dau!!!"
4842,"we don ' tôi anymore cover tiếng việt à, hay nhỉ. ahihi"
4843,Đã ai làm được như Sơn_Tùng chưa mà lên_giọng phán_xét này_nọ = ) ) như thế là quá giỏi rồi!!
4844,"Hóng mãi. MV thật tuyệt_vời, nhạc và hình_ảnh quen_thuộc khơi_gợi nhiều liên_tưởng :thư_giãn: không hổ_danh KOC, cosplay đỉnh nhất Việt_Nam."
4845,"thích Chúng_ta không thuộc về nhau với Buông đôi tay nhau ra nhất. Nhạc rất lạ, lôi_cuốn. Many love"
4846,59. 010. 600 lượt xem 427. 983 thích 245. 294 không thích cập_nhật 15 / 9 / 2016
4847,"dở thế, tự_nhiên cái "" nhem nhẹn nhanh nhính nhơ nhon ' nhìn như thằng gì ay"
4848,"ê cmt toàn tuyệt_phẩm, í là hay hơn cả nhạc :hề: :hề: :hề:"
4849,ae sky ơi cố lên 100. 000. 000 lượt xem đi ^ ^
4850,25 / 9 / 2016. 9: 00 63. 180. 618 lượt xem Mới Hôm qa 62. 899. 999lượt xem mà nay tăng thấy ghê hiện_tại ai đang xem
4851,Tôi không hiểu tại_sao các bạn lại Không thích nhiều như_vậy!?: <
4852,không xem thì để người khác xem.. ở đó mà moi_móc.
4853,Hay lắm chị cố_gắng ra MV và những bài hát tiếp nhá mặt kệ dư_luận đi
4854,"Luôn_luôn ủng_hộ Cô công_chúa bé_nhỏ Chi_Pu, Cố lên chị :rock: :rock: :rock: :hôn_mỉm_cười:"
4855,"Sơn_Tùng bây_giờ nhạc giống Âu_Mĩ, phong_cách giống Hàn. Vidieuz - _ -"
4856,"Haizzzzzzz, bọn không thích mắt mù hết cả rồi, chắc cả tai nữa."
4857,chị ơi em chúc chị ra thêm nhiều bai hay
4858,J97 với đỗ Phú_quí một người là bỏ con đấu với một người chơi pickleball mọi lúc mọi nơi ai sẽ thắng :đầu_lâu:
4859,177K Không thích toàn là những đứa thiểu_năng và ganh_tị thành_công của người khác!
4860,"29 - 10 - 2016 ai xem điểm_danh phát.... luôn_luôn, luôn_luôn ủng_hộ Sơn_Tùng_MT - P"
4861,"Đứa bạn của mình bị điếc, mình mở bài pickleball cho nó nghe. Rồi nó đứng dậy tắt cái bài này, nó đã hết điếc, cảm_ơn tác_giả Đỗ_Phú_Quí"
4862,fan chị bảy chúc st ra nhìu bài hay hơn_nữa
4863,Nghe giống ' We don ' tôi talk anymore ' nhưng rất hay ạ!.
4864,Người ta đã không thích thì nói gì họ cũng vậy thôi: ) )
4865,Nghe lần 1: Bình_thường Nghe lần 2: Hay_hay... :cười_toe_toét: :cười_toe_toét: :cười_toe_toét: Nghe lần 3: Nghiện luôn..... Lúc_nào cũng nghe...... Ý_kiến riêng của mị... Ai thí đúng thì thích... Còn không thì đừng chọi đá. :cười_tươi_mắt_to: :cười_tươi_mắt_to: :cười_tươi_mắt_to:
4866,rat hay nge nhạc bắt_tay... người đã có thành_kiến dù có nói gì nữa cuối_cùng họ cũng sẽ pải công_nhận giá_trị cuả người làm ra và tôi công_nhận đều đó: )
4867,Bài hát hay mtp ẹp trai nữ dv xấu như quỷ anh tùng không mời chj chi pu làm nữ dv đi
4868,top 50 MV nhiều không thích nhất thế_giới 2016: vậy
4869,"Mong lần sau nếu có ra bài hát mới hoặc sản_phẩm mới thì hãy trâu dồi câu từ, từ_ngữ cho kĩ_càng rồi hẵng đăng_tải cho công_chúng nghe nhé. Bài này không dám nghe nhiều vì kinh quá luôn. Giai_điệu lúc đầu cũng không đến_nỗi nhưng lời bài hát thốt ra rất dị và chán khủng_khiếp, gây hại cho tài người nghe nhé. CHỊ. GIỜ. ê"
4870,"31. 12 2017. TÔI nhớ có thằng ml nào nói lượng thích và không thích bằng nhau nó cắt trym. Đờ mờ chê lắm cơ_mà sao bg éo thấy mặt nó đâu, mấy cái đứa sỉu nghé."
4871,phải nói là nhạc sơn tùng đi trước thời_đại. hay
4872,Dù_sao thì anh có đã có bài hit đúng trào_lưu voãi... :cười_ra_nước_mắt: :cười_ra_nước_mắt: :cười_ra_nước_mắt: :cười_ra_nước_mắt:
4873,nhac và lời quá bt. Nên đi làm diễn_viên thì tốt hơn là lam ca_sĩ
4874,Tình về nơi đâu cô_đơn đôi chân lạc trôi giữa bầu_trời
4875,"- Đừng quên tên anh "" Hoa_Vinh "" sắp vượt bài này rồi: ( ( ( ( cố_gắng cày lượt xem đừng để vượt qua :trái_tim_xanh_lá:"
4876,"Fan_Bigbang, Fan_MTP, Fan_Charlie, có nhạc hay thì cứ tận_hưởng: ) )"
4877,có ai mới sáng coi như tôi không ai xem điểm_danh để tăng sub
4878,Đề_nghị garena cho bàn_tay_hoả quyền vào vòng qoay bay màu
4879,"Mình thấy Chi xinh, Chi tự_tin, Chi có một ekip làm_việc chuyên_nghiệp. Nhưng ' ca_sĩ ' ' là danh_từ chỉ dành cho người biết hát, Chi ạ. Âm_nhạc phải chạm vào người nghe bằng cảm_xúc và trái_tim, chứ không phải bằng công_nghệ hay kĩ_thuật âm_thanh, hay khuôn_mặt được make - up xinh_đẹp. Chị xin_lỗi, nhưng nếu em muốn chị gọi em là ' ca_sĩ ' thì chắc em phải học thêm nữa rồi. Với chị, em chỉ là người nỗ_lực, gương_mặt xinh_đẹp, gương_mặt thương_hiệu mà thôi. Nhưng em đừng sỉ_nhục những người làm nghề ca_sĩ chuyên_nghiệp, cùng với tâm_huyết với nghề của họ bằng sự thiếu năng_lực của em và sự dễ_dãi với chính mình và chính khán_giả của mình. Trong nghệ_thuật và theo_đuổi cái đẹp, không có chỗ dành chỗ cho sự dễ_dãi. Chị chúc em thành_công trên con đường này trong tương_lai. Nhưng bây_giờ, xin đừng nghĩ mình đã trở_thành ca_sĩ."
4880,Chất quá đi quá là hay sướng lên top1 đó nhé
4881,Sắp được 3tr lượt xem rồi. Ai có_thể làm được như Tùng
4882,"mấy thánh soi kkk. soi, mà vẫn nghe nhạc của tùng vậy mới ghê chứ. đúg là lũ rảnh. aj biểu nghe rồi nói rồi soi"
4883,MV nói về 1 thanh_niên bị bồ bỏ nên cố_gắng chế_tạo búp_bê tình_dục nhưng éo thành_công!
4884,bai nay là bài we don ' tôi talk anymore mà sao giống cove lai quá vây mà MV đầu_tư ghê....
4885,Sky oi 100tr lượt xem rui bao ngày cày đã có kết_quả
4886,"Ý_kiến của tôi là: Bài hát hay, giọng hát hay nhưng tôi chỉ hơi không thích mấy cái cảnh quay kiểu nhìn nó lạ_lạ s ý: ) ) đó là ý_kiến của tôi: ) ) mỗi người có một ý_kiến riêng"
4887,CHẤP_NHẬN sự_cố gắng mang tất_cả vào một bài hát. nghe hay :nháy_mắt:
4888,"Một cmt của người nước_ngoài: wtf vietnam??? this song sounds pretty good but i find nothing similar with Charilie ' s LOL. Dịch: ( wtf Việt_Nam??? bài hát này nghe có_vẻ khá tốt, nhưng tôi thấy không có gì tương_tự với LOL Charlie. ) Chán người Việt ghê - _ - ghen_ăn_tức_ở muôn_đời nát, khiêm_tốn nhường_nhịn vạn kiếp sang, ok"
4889,"hii sếp, em đã bấm nút tải xuống rồi, có phải nút ngón tay chỉ xuống không ạ: )"
4890,Lên top 2 trong 3 ngày đỉnh vãi tôi cày như cày lúa ík
4891,Từ giây_phút cô ấy trở_thành ca_sĩ vẫn luôn dõi theo và ủng_hộ. Quả_thật không thất_vọng :ôm:
4892,Thôi rồi BBBB có nguy_cơ sẽ vượt MV này lắm nếu cứ tăng đều_đều dư lày
4893,Mình thấy Chi_Pu hát hay mà sao ai cũng không thích hết vậy ( mình không bít có chỉnh giọng không nhé )
4894,Hay lắm càng nghe càng nghiện đã là nắng thì cứ_việc mà chói chăng thôi chúc Chi_Pu thành_công
4895,""" Lửa chùa "" hay quá streamer rap cũng đỉnh nữa tim"
4896,Không có status của HT thì đâu có nhìu không thích vậy
4897,90 tuổi rồi vẫn thích nghe nhạc của cháu Sơn_Tùng
4898,Tụi bây đừng chửi Tùng nữa: ) ) Cái này là Tùng làm Parody của bài We_Dont_Talk_Anymore nhé: ) )
4899,trc ai cmt 20tr người xem se thah thai giam nhug không được rồi con may tieg nua het ngay rồi
4900,Hat do hon may dua chan trau nua... dung hat ho gi la tot nhat chi pu oi...
4901,"Nghe nhạc không phải thích thì nghe là được rồi sao, quản nhiều thế làm gì? Nhạc hay thế_này thì cứ nghe và cảm_nhận thôi."
4902,ôi mẹ ơi 2 ngày mà 9. 725. 000 lượt xem :la_hét_sợ: :la_hét_sợ: :la_hét_sợ:
4903,"Cảm_ơn bạn, bệnh đột_quỵ của tôi đột_nhiên tái_phát nhưng sau khi nghe bài hát cơ_thể của tôi lập_tức đứng dậy và tắt nó đi :trái_tim_đỏ: :trái_tim_đỏ:"
4904,"không phải anti hay sky nhưng có_vẻ ST hợp với nhạc_nhẹ, ballad hơn"
4905,"Các cmt top toàn "" Chị xinh quá "" "" ai còn xem điểm_danh "", an_ủi: vậy không cái nào khen "" Chị hát hay quá! "", tôi hỉu mà = ) )"
4906,Chuyển_động 24h nói tôi mới biết đến bài này.
4907,Thấy bài này lời không có nghĩa nhưng được_cái nhạc nghe hay_hay :cười_tươi_mắt_to: thấy có mấy đứa chê dữ_dội vậy ta? Hay hùa theo HT?: ) ) ) không có ý đụng_chạm HT cũng không phải fan CP nhưng tôi thấy sao thì nói vậy thôi: ) )
4908,tôi là chủ tiệm nét phê bài hát này mở tất_cả máy lên mở bài này 1 tuần là 1 Triệu lượt xem 2000 mở liên công_suất ngày_đêm ai cũng phải nghe loa to hết cỡ tổng_cộng tôi đã nghe không 20 lượt xem minh tôi
4909,Tôi sẽ bật bài này ở đám_ma của tôi để khách mời ghen_tị việc tôi được nằm trong quan_tài
4910,": vậy Vào xem mới thấy còn "" hơn "" cả lời đồn từ cư_dân mạng mấy hôm_nay: ) nghe rằng chi cả tỷ, mời biên_đạo nổi_tiếng bên Hàn, chuẩn_bị bố bốn năm ấy thế_mà.... Nói về giọng hát thì tạm được rồi vì dù_sao Chi cũng không phải là sĩ nhưng_mà concept MV kiểu cứ sao sao ấy: 33 Minhz fan Kpop 9 năm rồi, biết cái này biên_đạo Hàn nên thấy cungz giống ý_tưởng kha_khá nhiều MV bên Hàn = ) ) ) thế_mà nói thật_sự nó chả ấn_tượng được xíu nào luôn ấy! Thà collab một bản Ballad nhẹ_nhàng cho hợp mùa đi thì chắc ổn hơn rồi: vv Rồi cái kiểu hát của cái bài này nó là cái gì dzạy chòiiii: vậy bảo down bài này về nghe thì chắc không đâu = ) ) ) Thôi nếu chọn con đường này mong Chi sẽ phát_huy nhiều hơn_nữa nhé! = ) ) ) ) )"
4911,St hát bai nay rat hay mình rat thích nghe bai nay nhat lun
4912,"MV sến, không ra nội_dung, lời bài hát không có ý_nghĩa, đẹp thì đẹp. À đừng làm ca_sỹ"
4913,truoc thay cmt nhieu lam ma sao giờ chi con 44k la sao. ai giai thich ho voi
4914,qua hay tuổi_trẻ tài cao sáng_tạo quá.... ma hình_như có 1 số người gọi em này là tùng núi hở..
4915,Nghe cũng hay mà sao nhiều không thích vậy? Ủng_hộ chị Chi_Pu ra thêm nhiều bài mới và hay như bài này nhé
4916,chi cũng hát hay đấy chứ. cái bọn toàn chê chi ý là cái bọn gen tị haha. chi ơi cứ hát đi kệ cmcn kqtam nhé. ủng_hộ chi. hương tràm hát hay thật nhưg chê chi như_vậy là không được. ngta mới làm mà. ai cũng 1 thời thôi tràm ơi
4917,nhạc có đầu_tư dữ lmk ak trời không phai de au nhé
4918,"Cảm_ơn anh, vì anh đã giúp_đỡ thằng bạn nằm liệt_giường của em đã đứng bật dậy tắt cái nhạc siêu dở của anh ạ."
4919,ô cái khúc rap ( phài ớ... ồ ế ô. ) cái bàn lấy từ Monster.... em chắc cái bồn_tắm anh cũng lấy từ hoa dạng niên hoa của BTS về
4920,Nghe cứ như kiểu ngàn năm tương_phùng ý nhể
4921,Thật_sự mà nói thì Hương_Tràm nói đúng = ) ) Hi_vọng Chipu hoặc nsx sẽ xem_lại mv trước khi ra_mắt công_chúng = ) ) Như_vậy mới thấy.. Đâu phải cứ có tiền có nhan_sắc thì làm ca_sĩ được đâu.
4922,Mv đẹp. Đồ đẹp. Giai_điệu củng tạm. Mà lời bài hát cứ sao sao ý = ) ) )
4923,"Ủa, con ma - nơ - canh ở khúc 1: 28 là con ma - nơ - canh trong mv nóng như cái lò mà"
4924,Nói_chung là bt. Không hay lắm nhưg cũg nghe được. Tạm được.
4925,"bài này người xem không bằng bài we don ' tôi talk anymore, 140. 473. 159 người xem"
4926,"cái gì cũng tốt, cái gì cũng hay hết, mỗi_tội đéo biết hát thôi"
4927,chả ra làm_sao. tốt nhất làm diễn_viên đi
4928,Ước gi gio toi tet dx mot tỷ lược xem nhi
4929,Nghe 1 lần thấy lạ nhưng nghe quen thấy hay mà.
4930,tởm_lợm. bắt trc riết không thấy nhục à. có được tài_năng bắt trc là tốt hâhhah vãi chưởng
4931,số_lượng không thích gần ngang_ngửa với số_lượng thích.
4932,tùng thật dễ_thương vừa phong_cách :cười_ra_nước_mắt: nên nhạc mới tropical house nge thích ghê mát tai là lá la :cười_tươi_mắt_to:
4933,Hay mà sao điitlike quá vaýawps ngang_ngửa với thích kì hỉ
4934,"hay thj ngek. không làm fan aj ca, cug không rah den muc làm anti soi moi cko ngta chửi"
4935,"chu choa mẹ ơi nó căng chx kìa, nhưng tôi thích nhóm hero hơn"
4936,chẳng ra cái gì hết chẳng nổi bằng người ta đâu hức
4937,Nghe Anh phong nói bảo_vệ sammy đứa nào đụng thì gãy đầu
4938,"CON CHYM "" FLAPY BIRD "" CHẾT ĐI CŨNG CHỈ VÌ LÒNG ĐỐ_KỊ CỦA NGƯỜI VIỆT"
4939,"Tôi thấy hay về hinh anh lẩn phong_cách, đừng ném đá em nó chỉ vì phong_trào, đã là đam_mê thì dám nghĩ dám làm để sau_này không hối_hận, không vì một 2 lời_nói của thế_gian mà bắt ngừoi ta phải bỏ đi cái mình theo đuỗi, nếu không thích các bạn có_thể không xem... hãy xem những gì mình thich,... tránh làm tổn_thương ngừoi khác vì họ không làm gì quá_đáng"
4940,cac ban anh. bớt chó hùa di. thay co người chê la bu theo chê. vi du Huong tram no không chê ma no khen. chak la cả đảm no da bu zo khen. ừ. cug hay. cug dep. được day..
4941,Đúng tò_mò nên xem chứ nói thật là chị này hát không ra_gì
4942,"well! thật_sự là bài hát không hay tẹo nào em ơi! anh nghe xong không hiểu nội_dung bài hát. Còn về giọng thì anh không rõ lắm, nghe cũng không tệ nhưng có_vẻ như được chỉnh hơi nhiều. ANH nghĩ nếu có_thể em nên tập_trung thêm vào nội_dung và giai_điệu bài hát."
4943,Tai nghe được bình_luận này thì có phải anh Mr vịt với cả hạt_tiêu Cấm bình_luận không
4944,"đây đúng là 1 mv hay, độc và lạ nhất viêt nam!!!!!!!!!!!!, anh rât giỏi đấy anh tung ạ"
4945,Em tôi bài nào hát dở hay hát hay nó đều khen nhưng khi tôi mở bài này ra cho nó nghe thì yeah nó đã nhảy theo nhạc và từ đó nó đã vô bịnh viện tâm_thần và cảm_ơn anh đã ra bài này. Chúc anh không ra bài nào khiến em tôi vô bịnh viện tâm_thần nào nữa: ) ) ) ) ) )
4946,aNh TùNg trôNg thiỆt ngầU $$ Kỉu này phải lên chục củ lượt xem là ít
4947,Bài hát hay :cười_dịu_dàng: nếu_như không phải là giọng CP :kiên_nhẫn: với_lại cả điệu nhảy con bọ ngậy :khỉ_bịt_mắt: :khỉ_bịt_mắt: là xuất_sắc :cười_ra_nước_mắt: :cười_ra_nước_mắt:
4948,"Thứ nhất: Cũng nhờ bà Tràm tôi mới biết bài này. Nhưng_mà bà Tràm vô_duyên với nói quá à :mặt_vô_cảm:. Đou thấy giọng có tệ như bả nói đâu! Với chắc tưởng mình hot với ca hay bắt_đầu sân_si. Còn chuyện ekip Hàn_Quốc đạo như Theanh28 nói hay không thì bỏ_qua 1 bên. Bà Tràm có duyên vãi cả lúa ra, đi sân_si đánh_giá như mình thuộc hàng đẳng_cấp rồi khẳng_định 1 tác_phẩm ngta mà không uốn lưỡi trước khi nói :mỉm_cười:, làm Chi_Pu bị dân mạng trỉ trích nhiều hơn và 1 số tp hùa theo chửi_rủa ( đương_nhiên sẽ trừ ra những bạn có gu âm_nhạc riêng và nhận_xét bài này không ổn ). Còn việc Chi_Pu trả_lời phỏng_vấn kiểu không quan_tâm ai nghĩ gì là sai, nhưng_mà do ức_chế quá, cùng là nghệ_sĩ như nhau không phải Hương_Tràm quá_đáng hay sao trong khi có tệ hay_là hát như đấm vào tai đâu, chỉ khác ở khoảng những thanh_nhạc thôi mà. Bà Tràm thì trời sinh giọng hát mượt lại hát balad mang những nốt cao nên nghe dễ nghe hơn, còn thể_loại nhạc Chi_Pu hơi_hướng ngoại, mạnh_mẽ hơn chứ có phải balad như bả đâu nên làm đéo giống nhau, mà đã khác nhau rồi thì làm đéo gì nhận_xét được! Muốn đánh_giá cũng phải đúng chứ, nghe xong có như đấm vào tai như bả xuyên_tạc đâu và xin nhắc lại "" thể_loại nhạc nhiều lắm không giống nhau nên đừng nói bừa "" bây_giờ để mấy người hùa theo có cơ_hội chửi!!! Còn đối_với Chi_Pu nên đồng quan_điểm với một_số người là chị nên cải_thiện lại giọng hoặc thanh_nhạc của mình tốt hơn. Có_thể sau sản_phẩm này 1 phần do không kĩ_lưỡng và do gặp sân_si nên thất_bại thì chị cố_gắng hết_sức, tỉ_mỉ hết_sức với những sản_phẩm sau, VÌ SAU ĐỢT NÀY NẾU KHÔNG LÀM TỐT NỮA SẼ LÀ CÁI CỚ CHO NHỮNG HATTER CỐ_GẮNG DÌM CHỊ. Đây không phải em bênh chị, nhưng thật_sự nó không tệ đến mức như những gì em nghĩ, nó cũng bắt tai nhưng nhiều người chê giọng chị quá thì cứ_cho_là không ổn đi vì em cũng không rành bố cái thanh_nhạc lắm. YÊU CHỊ :hôn_nhắm_mắt:"
4949,Phải đăng_nhập vào để tặng chi pu 1 không thích
4950,"Mình ghét nhiều âm_thanh khó_chịu, nhờ bài hát này giúp mình đỡ stress hơn hẳn...... vì mình từ lãng tai chuyển sang điếc mẹ luôn"
4951,nếu không có sơn tùng mtp thì âm_nhạc như nhà_quê
4952,Sau khi Tùng ra bài này nhìu năm trc thì mình đã chính_thức thành * Sky * :cười_toe_toét: :cười_toe_toét: :cười_toe_toét:
4953,sơn tùng gì mà nhiều anti fan vậy 128k dis thích
4954,xao không được 160 170tr lượt xem như MV em của ngày hôm_qua nhỉ
4955,"fan anime, rubik, yugioh, chúc anh tùng thành_công"
4956,- Âm_nhạc bắt_tay trang_phục đẹp giọng hát ổn :hôn_gió: :hôn_gió: :hôn_gió:
4957,"Chi cũng từng hát bài ost của phim Yêu là Stay_With_Me, tôi thấy cũng khá ổn đấy chứ, tôi cũng từng nghe suốt. Nhưng với concept như thế_này phải thừa_nhận Chi hoàn_toàn không hợp. Chi không phải không hát hay cũng không phải đua_đòi mà những thể_loại vào cmt như_thể bản_thân hay_ho thì 1 là fan Hương_Tràm 2 là anh_hùng bàn_phím thích hùa = ) ) ) Lần này không tốt thì lần sau lại tốt hơn, hoàn_thiện từng ngày. Love_Chi"
4958,CTKTVN sương sương 798M lượt xem nữa cán mốc 1 Tỉ lượt xem cày thôi
4959,"Chắc thu xong rồi chỉnh dữ lắm, thấy giọng không được thật."
4960,"Giai_điệu hay đấy nhưng tiếc nhất_là lời bài hát hơi chán, không sao bài đầu_tiên thế_này là ổn rồi, ủng_hộ chipu: D Cố_gắng hơn ở những bài sau nhé"
4961,Sơn_Tùng_MTP: Sơn_Tùng_Mượn tác_phẩm: vậy
4962,Thực_ra thì việc dương_tính với bệnh tả lợn châu_phi nó hơi khác với lợn mắc bệnh :mồ_hôi_lạnh: :mồ_hôi_lạnh:
4963,chi pu hát hay rất chuẩn chứ đâu như lời đá xéo của HT
4964,"Ảo_tưởng giọng hát quá. Thấy chipu xinh nhắm, thích nhắm. Nhưng chuỵ ấy hát không hợp không hay không có gì đặc_biệt"
4965,Cái cảnh nhảy ở 3: 14 giống mấy con đười_ươi ~ ~
4966,Vừa xem Chúng_ta của hiện_tại xong tiện ghé qua đây luôn :mèo_cười_tươi:
4967,Cái cmt của mọi người còn hay hơn bài nhạc này luôn đấy! :cười_toát_mồ_hôi:
4968,"Lời bài hát cứ như diễn_tả đóng phim "" tình_cảm "" nên người ta chê :cười_toát_mồ_hôi:"
4969,các bạn vẫn chưa biết giọng ca thiệt của chị thì mời xem chị hát live nhé: ) vào MV thì giọng phải sửa chứ mấy cậu: #
4970,gần 12h đêm vẫn cày. mong rằng sáng_mai đạt 100m
4971,Nghe nhạc này xong ksi phải mua vé về Việt_Nam để mời hợp_tác :cười_ra_nước_mắt: :cười_ra_nước_mắt: :cười_ra_nước_mắt: :cười_ra_nước_mắt:
4972,"nghe đồn là ra_lò lúc 0h15 ' nên trong thời_gian youtube cập_nhật thì chắc cũng đủ 50tr rùi. còn không thì suýt_soát 1 tháng 1 tiếng được 50tr cũng có sao đâu, con_số quá khủng rồi ^ ^"
4973,Anh toàn bắn mạnh đó chị timmy chắc gì đã headshot anh_toàn
4974,Mọi người ơi sắp được 100tr lượt xem rồi. Cố lên
4975,Giỏi quá anh Tùng ơi < 3 hơn 4M lượt xem rồi < 3 em luôn ủng_hộ anh < 3 loveee
4976,"Anh hẹn em Pickleball :bóng_bàn: :ngôi_sao_lấp_lánh: Ta vờn nhau Pickleball :tiệc: :trái_tim_lấp_lánh: Tay_vợt bên dưới hông :bóng_ném: ‍ :nam_giới: ️ :giày_thể_thao: Anh đập banh, đập banh :nổ: :ngôi_sao_lấp_lánh:0 :ngôi_sao_lấp_lánh:1 :ngôi_sao_lấp_lánh:2 :ngôi_sao_lấp_lánh:3 Đến em mạnh vào :ngôi_sao_lấp_lánh:4 :ngôi_sao_lấp_lánh:5 Ta chỉ chơi Pickleball :ngôi_sao_lấp_lánh:6 :ngôi_sao_lấp_lánh:7 Không nên vượt mức Pickleball :ngôi_sao_lấp_lánh:8 :ngôi_sao_lấp_lánh:9 Đưa vợt anh tiếp banh :tiệc:0 :tiệc:1 High and low :tiệc:2 :tiệc:3 Từ thấp đến trên cao :tiệc:4 :tiệc:5 Ta chỉ gặp chơi Pickleball. :tiệc:6 :tiệc:7"
4977,"we don ' tôi talk any more 805k thích, 26k không thích chúng_ta không thuộc về nhau 344 thích, 215 không thích Hãnh_diện quá sky nhỉ = ] ] ] ]"
4978,thật không_thể tin được sang nay co 4k ma gio da 34k không thích :khóc_nức_nở: :khóc_nức_nở: :khóc_nức_nở:
4979,"Ae và Sơn_Tùng cứ bình_thản: ), khi sống giữa một team troll thì tốt nhất là kệ mẹ bọn nó đi càng tức chúng_nó càng thích - Don ' tôi feed the troll -"
4980,"Rất yêu thích Sếppp, im_lặng mặc_kệ bọn anti cứ thế mà thành_công nhé Sếppp_Tùngggggggg :trái_tim_đỏ: • mày ã i y ê u :trái_tim_đỏ: •"
4981,"nhờ mấy bài báo mà ráng vô nghe, ai_ngờ... chúng_ta không thuộc về nhau thật"
4982,nhạc hay còn giọng hát thì... mình nghĩ chi cần luyện_tập nhiều hơn nếu muốn mọi người công_nhận chi là ca_sĩ
4983,Bài hát à sao nãy_giờ tưởng đang đọc bài văn gì chứ nhỉ hoá mình nhầm à
4984,Mai 70. 000. 000 wiew nhé 500AE không ngán ai cả!!!
4985,Chị mình đã bị liệt_giường nhưng nhờ bài hát này chị đã có_thể đứng dậy để tắt nó đi ( đùa )
4986,"miễn nghe hay lọt lỗ tai là được, don ' tôi care"
4987,Hero mãi đỉnh dù_cho team nào đấu với Hero cũng là Hero mãi đỉnhhhhhh
4988,"Mức_độ đạo_đức và lương_tâm thường tỉ_lệ_nghịch với lời nhuận :tượng_đá_moai:. Lợi_nhuận gấp đôi thì người ta có_thể đi trên lằn ranh pháp_luật, gấp 4 lần thì sẵn_sàng vượt_rào, gấp 10 lần thì những thứ như đạo_đức và lương_tri có_thể bị ném ra bãi rác nếu cần_thiết. Trong bản cân_đối chi_phí của họ không có chi_phí nào cho sức_khoẻ của người tiêu_dùng hoặc của môi_trường. :không_miệng: :không_miệng: :không_miệng:"
4989,1: 21 đến 1: 52 Pha SOLO RAP hay nhất tôi từng nghe :vỗ_tay: :vỗ_tay: :vỗ_tay:
4990,Những câu tôi. anh nghe thì có vẻ hay còn tiếng Việt thì thật_sự tôi không biết là bạn đang hát hay đang nói điệu nữa. Thật thì nó không hay. Tôi đã có chút hi_vọng về bài hát này khi nghe nói về vãi chưởng hợp_tác với 2 người sx âm_nhạc có tiếng của hàn_quốc. Kiểu nhạc hàn nó chỉ hay khi nó là tiếng hàn thôi còn khi dịch ra tv thì nó không còn đk hấp_dẫn nữa. Đấy chỉ là ý_kiến cá_nhân của tôi nên đừng nén đá
4991,"Chi pu là một ca_sĩ mới hát hay, tài_giỏi hời trước là một hot girl diễn_viên đầy tài_năng. Bài hát rất hay chất giọng cũng trong_trẻo dễ nghe mà sao không thích nhiều thế? Chi pu có phải là mấy hot teen ung thu đâu mà dis thích nhiều thế? Chắc Fan của HT xang không thích đó. Ht chỉ thấy hay về EGM thôi. Thôi chị Chi pu ơi không phải buồn về không thích và comment đâu chị. Chị cố_gắng lên rồi chị sẽ nổi_tiếng về mọi thứ vì chị được nhận một giải ở HQ rồi mà. HT có được nhận đâu. Chị Chi cố_gắng lên. Fan mãi ở bên chị. Yêu chị!!!! :trái_tim_đỏ: :trái_tim_đỏ: :trái_tim_đỏ: :trái_tim_đỏ:"
4992,Bài này mình thấy nó hơi bị bình_thường. Nhưng công_sức của chị Chi_Pu đã đổ ra nên em sẽ cho chị 1 thích + 1 sub
4993,"fan sky cố cầy lên 16M lượt xem. cố lên mọi người,,,,......,,.."
4994,các người các lắm luôn ý làm con ngta nghe đi nghe lại mà vẫn nghiện
4995,Tuy_vậy nhưng nói bài này hay thì có_thể chấp_nhận được
4996,không thích thì đừng quan_tâm nếu đã quan_tâm thì đừng nói là không thích
4997,Clip hay. Việt_Nam có clip zầy phải hãnh_diện chứ. Mỗi thứ mình thấy hơi tiếc. Sơn tùng lùn qá. :cười_toát_mồ_hôi: :cười_toát_mồ_hôi:
4998,Chipu làm diễn_viên cũng chán - ca_sĩ cũng chán - làm cả thiết_kế quần_áo! Hẳn là cái gì cũng cắn miếng mà chẳng có cái nào nên hồn
4999,"người nước mình thì soi từng tí, chửi_bới này_nọ còn người nước_ngoài thì ca_tụng, bảo_vệ = > người VIỆT_NAM sẽ chẳng bao_giờ tiến_bộ cả."
